provider,query,doi,title,year,first_author,source,type,url,title_screen,identity,providers,matched_queries,status,doi_already_in_main
crossref,straw return meta-analysis yield soil carbon greenhouse gas,10.1016/j.apsoil.2026.107169,"Meta-analysis reveals the integrated effects of straw return on crop yield, soil quality, and greenhouse gas emissions",2026,Chen,Applied Soil Ecology,journal-article,https://doi.org/10.1016/j.apsoil.2026.107169,True,10.1016/j.apsoil.2026.107169,crossref,straw biochar yield greenhouse gas field experiment || straw return meta-analysis yield soil carbon greenhouse gas,TITLE_SCREEN_ONLY_NOT_FORMAL_EVIDENCE,False
crossref,straw return meta-analysis yield soil carbon greenhouse gas,10.2139/ssrn.4729362,Response of Soil Organic Carbon to Straw Return in Farmland Soil： a Meta-Analysis,2024,Xin,,posted-content,https://doi.org/10.2139/ssrn.4729362,True,10.2139/ssrn.4729362,crossref,straw return meta-analysis yield soil carbon greenhouse gas,TITLE_SCREEN_ONLY_NOT_FORMAL_EVIDENCE,False
crossref,straw return meta-analysis yield soil carbon greenhouse gas,10.2139/ssrn.4806481,Impact of Straw Return on Greenhouse Gas Emissions from Maize Fields in China-Meta Analysis,2024,Sun,,posted-content,https://doi.org/10.2139/ssrn.4806481,True,10.2139/ssrn.4806481,crossref,straw return meta-analysis yield soil carbon greenhouse gas,TITLE_SCREEN_ONLY_NOT_FORMAL_EVIDENCE,False
crossref,straw return meta-analysis yield soil carbon greenhouse gas,10.1016/j.still.2025.106712,Straw return impacts on crop yield and yield variability: A meta-analysis,2025,He,Soil and Tillage Research,journal-article,https://doi.org/10.1016/j.still.2025.106712,True,10.1016/j.still.2025.106712,crossref,crop residue retention removal yield meta-analysis || straw return meta-analysis yield soil carbon greenhouse gas,TITLE_SCREEN_ONLY_NOT_FORMAL_EVIDENCE,False
crossref,straw return meta-analysis yield soil carbon greenhouse gas,10.2139/ssrn.5349231,Straw Recycling Via Return Enhances Crop Yield and Soil Quality in Saline-Alkali Soils: A Global Meta-Analysis,2025,Yang,,posted-content,https://doi.org/10.2139/ssrn.5349231,True,10.2139/ssrn.5349231,crossref,crop residue retention removal yield meta-analysis || straw management global dataset yield climate || straw return meta-analysis yield soil carbon greenhouse gas,TITLE_SCREEN_ONLY_NOT_FORMAL_EVIDENCE,False
crossref,straw return meta-analysis yield soil carbon greenhouse gas,10.3390/agriculture16141561,Optimizing Straw Return for Synergistic Gains in Soil Organic Carbon and Maize Yield in Northeast China: A Meta-Analysis,2026,Zhang,Agriculture,journal-article,https://doi.org/10.3390/agriculture16141561,True,10.3390/agriculture16141561,crossref,straw return meta-analysis yield soil carbon greenhouse gas,TITLE_SCREEN_ONLY_NOT_FORMAL_EVIDENCE,False
crossref,straw return meta-analysis yield soil carbon greenhouse gas,10.1007/s11104-026-08337-6,Controlled irrigation combined with powdered straw return enhance rice yield while mitigating greenhouse gas emissions,2026,Zhang,Plant and Soil,journal-article,https://doi.org/10.1007/s11104-026-08337-6,True,10.1007/s11104-026-08337-6,crossref,straw return meta-analysis yield soil carbon greenhouse gas,TITLE_SCREEN_ONLY_NOT_FORMAL_EVIDENCE,False
crossref,straw return meta-analysis yield soil carbon greenhouse gas,10.2139/ssrn.5587985,"Optimal Production Strategies for Balancing Yield Enhancement, Carbon Sequestration, and Greenhouse Gas Mitigation in Chinese Maize Systems Under Straw Return and Organic Fertilizer Application",2025,Zhou,,posted-content,https://doi.org/10.2139/ssrn.5587985,True,10.2139/ssrn.5587985,crossref,straw biochar yield greenhouse gas field experiment || straw return meta-analysis yield soil carbon greenhouse gas,TITLE_SCREEN_ONLY_NOT_FORMAL_EVIDENCE,False
crossref,straw return meta-analysis yield soil carbon greenhouse gas,10.3390/plants13172503,"Effects of Different Straw Return Modes on Soil Carbon, Nitrogen, and Greenhouse Gas Emissions in the Semiarid Maize Field",2024,Hua,Plants,journal-article,https://doi.org/10.3390/plants13172503,True,10.3390/plants13172503,crossref,straw return meta-analysis yield soil carbon greenhouse gas,TITLE_SCREEN_ONLY_NOT_FORMAL_EVIDENCE,False
crossref,straw return meta-analysis yield soil carbon greenhouse gas,10.1016/j.jenvman.2024.121051,Response of soil organic carbon to straw return in farmland soil in China: A meta-analysis,2024,Xin,Journal of Environmental Management,journal-article,https://doi.org/10.1016/j.jenvman.2024.121051,True,10.1016/j.jenvman.2024.121051,crossref,straw return meta-analysis yield soil carbon greenhouse gas,TITLE_SCREEN_ONLY_NOT_FORMAL_EVIDENCE,False
crossref,straw return meta-analysis yield soil carbon greenhouse gas,10.1016/j.eja.2026.128111,"Optimal production strategies for balancing yield enhancement, carbon sequestration, and soil greenhouse gas flux regulation in Chinese maize systems under straw return and organic fertilizer application",2026,Zhou,European Journal of Agronomy,journal-article,https://doi.org/10.1016/j.eja.2026.128111,True,10.1016/j.eja.2026.128111,crossref,straw return meta-analysis yield soil carbon greenhouse gas,TITLE_SCREEN_ONLY_NOT_FORMAL_EVIDENCE,False
crossref,straw return meta-analysis yield soil carbon greenhouse gas,10.20944/preprints202505.1778.v1,"Responses of Corn Yield to Soil Microorganisms, Labile Organic Carbon Fractions Under Integrated Straw Return and Tillage Practices in Black Soil",2025,Feng,,posted-content,https://doi.org/10.20944/preprints202505.1778.v1,True,10.20944/preprints202505.1778.v1,crossref,straw return meta-analysis yield soil carbon greenhouse gas,TITLE_SCREEN_ONLY_NOT_FORMAL_EVIDENCE,False
crossref,straw return meta-analysis yield soil carbon greenhouse gas,10.1016/j.jenvman.2026.130103,Straw return reshapes soil organic carbon stability: A global meta-analysis,2026,Tao,Journal of Environmental Management,journal-article,https://doi.org/10.1016/j.jenvman.2026.130103,True,10.1016/j.jenvman.2026.130103,crossref,straw return meta-analysis yield soil carbon greenhouse gas,TITLE_SCREEN_ONLY_NOT_FORMAL_EVIDENCE,False
crossref,straw return meta-analysis yield soil carbon greenhouse gas,10.5194/egusphere-egu26-6898,"Using half-straw return to tackle trade-offs among Grain Yield, Multiple Soil Gas Emissions, and Soil Health in Rice-Based Rotations",2026,Huang,,posted-content,https://doi.org/10.5194/egusphere-egu26-6898,True,10.5194/egusphere-egu26-6898,crossref,straw return meta-analysis yield soil carbon greenhouse gas,TITLE_SCREEN_ONLY_NOT_FORMAL_EVIDENCE,False
crossref,straw return meta-analysis yield soil carbon greenhouse gas,10.22541/au.162581754.46817995/v1,Increasing soil organic carbon sequestration and yield stability simultaneously through combined no-tillage and straw return in wheat-maize rotation,2021,Shi,,posted-content,https://doi.org/10.22541/au.162581754.46817995/v1,True,10.22541/au.162581754.46817995/v1,crossref,biochar field maize wheat soil carbon Africa Europe America || straw return meta-analysis yield soil carbon greenhouse gas,TITLE_SCREEN_ONLY_NOT_FORMAL_EVIDENCE,False
crossref,straw return meta-analysis yield soil carbon greenhouse gas,10.1007/s11104-025-08223-7,Soil cellulase activity responds to straw return and correlates with soil organic carbon dynamics: A global meta-analysis,2025,Li,Plant and Soil,journal-article,https://doi.org/10.1007/s11104-025-08223-7,True,10.1007/s11104-025-08223-7,crossref,straw return meta-analysis yield soil carbon greenhouse gas,TITLE_SCREEN_ONLY_NOT_FORMAL_EVIDENCE,False
crossref,straw return meta-analysis yield soil carbon greenhouse gas,10.1080/03650340.2020.1800644,Greenhouse gas emissions of rice straw return varies with return depth and soil type in paddy systems of Northeast China,2020,Zhang,Archives of Agronomy and Soil Science,journal-article,https://doi.org/10.1080/03650340.2020.1800644,True,10.1080/03650340.2020.1800644,crossref,straw return meta-analysis yield soil carbon greenhouse gas,TITLE_SCREEN_ONLY_NOT_FORMAL_EVIDENCE,False
crossref,straw return meta-analysis yield soil carbon greenhouse gas,10.20517/cf.2022.21,Greenhouse gas emissions and offset potential from sugarcane straw for bioenergy production in Brazil,2023,,Carbon Footprints,journal-article,https://doi.org/10.20517/cf.2022.21,True,10.20517/cf.2022.21,crossref,straw biochar yield greenhouse gas field experiment || straw return meta-analysis yield soil carbon greenhouse gas,TITLE_SCREEN_ONLY_NOT_FORMAL_EVIDENCE,False
crossref,straw return meta-analysis yield soil carbon greenhouse gas,10.3390/su16020754,Effects of Straw Return Duration on Soil Carbon Fractions and Wheat Yield in Rice–Wheat Cropping System,2024,Cui,Sustainability,journal-article,https://doi.org/10.3390/su16020754,True,10.3390/su16020754,crossref,straw return meta-analysis yield soil carbon greenhouse gas,TITLE_SCREEN_ONLY_NOT_FORMAL_EVIDENCE,False
crossref,straw return meta-analysis yield soil carbon greenhouse gas,10.1007/s11104-026-08771-6,Effects of straw return methods combined with particle sizes on greenhouse gas emissions and soil microbial community in paddy fields,2026,Zhang,Plant and Soil,journal-article,https://doi.org/10.1007/s11104-026-08771-6,True,10.1007/s11104-026-08771-6,crossref,straw return meta-analysis yield soil carbon greenhouse gas,TITLE_SCREEN_ONLY_NOT_FORMAL_EVIDENCE,False
crossref,straw return meta-analysis yield soil carbon greenhouse gas,10.1016/j.fcr.2021.108210,Grain yield and greenhouse gas emissions from maize and wheat fields under plastic film and straw mulching: A meta-analysis,2021,Wang,Field Crops Research,journal-article,https://doi.org/10.1016/j.fcr.2021.108210,True,10.1016/j.fcr.2021.108210,crossref,straw biochar yield greenhouse gas field experiment || straw return meta-analysis yield soil carbon greenhouse gas,TITLE_SCREEN_ONLY_NOT_FORMAL_EVIDENCE,False
crossref,straw return meta-analysis yield soil carbon greenhouse gas,10.3390/app15137129,"Responses of Corn Yield, Soil Microorganisms, and Labile Organic Carbon Fractions Under Integrated Straw Return and Tillage Practices in Black Soil",2025,Feng,Applied Sciences,journal-article,https://doi.org/10.3390/app15137129,True,10.3390/app15137129,crossref,straw return meta-analysis yield soil carbon greenhouse gas,TITLE_SCREEN_ONLY_NOT_FORMAL_EVIDENCE,False
crossref,straw return meta-analysis yield soil carbon greenhouse gas,10.1007/s42106-019-00060-w,"Effect of Straw Retention on Crop Yield, Soil Properties, Water Use Efficiency and Greenhouse Gas Emission in China: A Meta-Analysis",2019,Liu,International Journal of Plant Production,journal-article,https://doi.org/10.1007/s42106-019-00060-w,True,10.1007/s42106-019-00060-w,crossref,crop residue retention removal yield meta-analysis || straw return meta-analysis yield soil carbon greenhouse gas,TITLE_SCREEN_ONLY_NOT_FORMAL_EVIDENCE,False
crossref,straw return meta-analysis yield soil carbon greenhouse gas,10.1016/j.still.2023.105786,Impacts of straw return coupled with tillage practices on soil organic carbon stock in upland wheat and maize croplands in China: A meta-analysis,2023,Islam,Soil and Tillage Research,journal-article,https://doi.org/10.1016/j.still.2023.105786,True,10.1016/j.still.2023.105786,crossref,straw return meta-analysis yield soil carbon greenhouse gas,TITLE_SCREEN_ONLY_NOT_FORMAL_EVIDENCE,False
crossref,straw return meta-analysis yield soil carbon greenhouse gas,10.3390/agronomy14102263,"Straw Return or No Tillage? Comprehensive Meta-Analysis Based on Soil Organic Carbon Contents, Carbon Emissions, and Crop Yields in China",2024,Yan,Agronomy,journal-article,https://doi.org/10.3390/agronomy14102263,True,10.3390/agronomy14102263,crossref,straw return meta-analysis yield soil carbon greenhouse gas,TITLE_SCREEN_ONLY_NOT_FORMAL_EVIDENCE,False
crossref,straw return meta-analysis yield soil carbon greenhouse gas,10.3390/agriculture15040408,The Responses of Crop Yield and Greenhouse Gas Emissions to Straw Returning from Staple Crops: A Meta-Analysis,2025,Hu,Agriculture,journal-article,https://doi.org/10.3390/agriculture15040408,True,10.3390/agriculture15040408,crossref,straw return meta-analysis yield soil carbon greenhouse gas,TITLE_SCREEN_ONLY_NOT_FORMAL_EVIDENCE,False
crossref,straw return meta-analysis yield soil carbon greenhouse gas,10.3389/fpls.2025.1493357,Impact of straw return on greenhouse gas emissions from maize fields in China: meta-analysis,2025,Sun,Frontiers in Plant Science,journal-article,https://doi.org/10.3389/fpls.2025.1493357,True,10.3389/fpls.2025.1493357,crossref,straw return meta-analysis yield soil carbon greenhouse gas,TITLE_SCREEN_ONLY_NOT_FORMAL_EVIDENCE,False
crossref,straw return meta-analysis yield soil carbon greenhouse gas,10.1016/j.agrformet.2025.110571,"Effect of biochar application on yield, soil carbon pools and greenhouse gas emission in rice fields: A global meta-analysis",2025,Wen,Agricultural and Forest Meteorology,journal-article,https://doi.org/10.1016/j.agrformet.2025.110571,True,10.1016/j.agrformet.2025.110571,crossref,straw return meta-analysis yield soil carbon greenhouse gas,TITLE_SCREEN_ONLY_NOT_FORMAL_EVIDENCE,False
crossref,straw return meta-analysis yield soil carbon greenhouse gas,10.9734/jsrr/2025/v31i42943,Impact of Straw Incorporation on Crop Yield and Greenhouse Gas Emissions: A Meta-analysis,2025,Chaudhary,Journal of Scientific Research and Reports,journal-article,https://doi.org/10.9734/jsrr/2025/v31i42943,True,10.9734/jsrr/2025/v31i42943,crossref,straw return meta-analysis yield soil carbon greenhouse gas,TITLE_SCREEN_ONLY_NOT_FORMAL_EVIDENCE,False
crossref,straw return meta-analysis yield soil carbon greenhouse gas,10.21203/rs.3.rs-6995669/v1,Controlled Irrigation Combined with Powdered Straw Return Mitigates Greenhouse Gas Emissions While Enhancing Soil Fertility and Economic Benefits,2025,jinhua,,posted-content,https://doi.org/10.21203/rs.3.rs-6995669/v1,True,10.21203/rs.3.rs-6995669/v1,crossref,straw return meta-analysis yield soil carbon greenhouse gas,TITLE_SCREEN_ONLY_NOT_FORMAL_EVIDENCE,False
crossref,straw return meta-analysis yield soil carbon greenhouse gas,10.3389/fmicb.2026.1844595,Effects of irrigation techniques on soil carbon sequestration and yield maintenance in non-rainfed croplands under straw return,2026,Cheng,Frontiers in Microbiology,journal-article,https://doi.org/10.3389/fmicb.2026.1844595,True,10.3389/fmicb.2026.1844595,crossref,straw return meta-analysis yield soil carbon greenhouse gas,TITLE_SCREEN_ONLY_NOT_FORMAL_EVIDENCE,False
crossref,straw return meta-analysis yield soil carbon greenhouse gas,10.3390/plants13172446,Successive Years of Rice Straw Return Increased the Rice Yield and Soil Nutrients While Decreasing the Greenhouse Gas Intensity,2024,Wu,Plants,journal-article,https://doi.org/10.3390/plants13172446,True,10.3390/plants13172446,crossref,straw return meta-analysis yield soil carbon greenhouse gas,TITLE_SCREEN_ONLY_NOT_FORMAL_EVIDENCE,False
crossref,straw return meta-analysis yield soil carbon greenhouse gas,10.2139/ssrn.5333755,Straw Return Enhances Soil Potassium Availability and Increases Spring Maize Yield,2025,Kong,,posted-content,https://doi.org/10.2139/ssrn.5333755,True,10.2139/ssrn.5333755,crossref,straw return meta-analysis yield soil carbon greenhouse gas,TITLE_SCREEN_ONLY_NOT_FORMAL_EVIDENCE,False
crossref,straw return meta-analysis yield soil carbon greenhouse gas,10.1007/s11368-018-2105-1,"Effects of rice straw incorporation and N fertilizer on ryegrass yield, soil quality, and greenhouse gas emissions from paddy soil",2018,Zhang,Journal of Soils and Sediments,journal-article,https://doi.org/10.1007/s11368-018-2105-1,True,10.1007/s11368-018-2105-1,crossref,straw return meta-analysis yield soil carbon greenhouse gas,TITLE_SCREEN_ONLY_NOT_FORMAL_EVIDENCE,False
crossref,straw return meta-analysis yield soil carbon greenhouse gas,10.36334/modsim2025.b08.chenf,Pathway of soil improvement through straw return to promote yield increase cannot be ignored,2026,,"MODSIM2025, 26th International Congress on Modelling and Simulation.",proceedings-article,https://doi.org/10.36334/modsim2025.b08.chenf,True,10.36334/modsim2025.b08.chenf,crossref,straw return meta-analysis yield soil carbon greenhouse gas,TITLE_SCREEN_ONLY_NOT_FORMAL_EVIDENCE,False
crossref,straw return meta-analysis yield soil carbon greenhouse gas,10.3390/agriculture16090964,Regulatory Effects of Nitrogen Fertilization on Soil Extracellular Enzyme Activity and Greenhouse Gas Emissions in Paddy Fields with Straw Return,2026,Zhang,Agriculture,journal-article,https://doi.org/10.3390/agriculture16090964,True,10.3390/agriculture16090964,crossref,straw return meta-analysis yield soil carbon greenhouse gas,TITLE_SCREEN_ONLY_NOT_FORMAL_EVIDENCE,False
crossref,straw return meta-analysis yield soil carbon greenhouse gas,10.1016/j.still.2025.106556,Wood gasification biochar enhances soil carbon sequestration without affecting greenhouse gas fluxes or wheat yield in sub-alkaline soil,2025,Trozzo,Soil and Tillage Research,journal-article,https://doi.org/10.1016/j.still.2025.106556,True,10.1016/j.still.2025.106556,crossref,biochar field maize wheat soil carbon Africa Europe America || straw return meta-analysis yield soil carbon greenhouse gas,TITLE_SCREEN_ONLY_NOT_FORMAL_EVIDENCE,False
crossref,straw return meta-analysis yield soil carbon greenhouse gas,10.1016/j.fcr.2026.110476,Trade-offs between crop yield and soil organic carbon sequestration under straw return across cropping systems,2026,Cui,Field Crops Research,journal-article,https://doi.org/10.1016/j.fcr.2026.110476,True,10.1016/j.fcr.2026.110476,crossref,straw return meta-analysis yield soil carbon greenhouse gas,TITLE_SCREEN_ONLY_NOT_FORMAL_EVIDENCE,False
crossref,straw return meta-analysis yield soil carbon greenhouse gas,10.5194/egusphere-egu21-760,Soil bacterial communities interact with silicon fraction transformation and promote rice yield after long-term straw return,2021,Song,,posted-content,https://doi.org/10.5194/egusphere-egu21-760,True,10.5194/egusphere-egu21-760,crossref,straw return meta-analysis yield soil carbon greenhouse gas,TITLE_SCREEN_ONLY_NOT_FORMAL_EVIDENCE,False
crossref,straw return meta-analysis yield soil carbon greenhouse gas,10.22541/au.172114453.37839766/v1,Straw return affects the soil carbon and nitrogen pools and microbial structural and functional diversity,2024,Wang,,posted-content,https://doi.org/10.22541/au.172114453.37839766/v1,True,10.22541/au.172114453.37839766/v1,crossref,straw return meta-analysis yield soil carbon greenhouse gas,TITLE_SCREEN_ONLY_NOT_FORMAL_EVIDENCE,False
crossref,straw return meta-analysis yield soil carbon greenhouse gas,10.1016/j.ejsobi.2014.03.008,Changes in greenhouse gas evolution in heavy metal polluted paddy soils with rice straw return: A laboratory incubation study,2014,Zhou,European Journal of Soil Biology,journal-article,https://doi.org/10.1016/j.ejsobi.2014.03.008,True,10.1016/j.ejsobi.2014.03.008,crossref,straw return meta-analysis yield soil carbon greenhouse gas,TITLE_SCREEN_ONLY_NOT_FORMAL_EVIDENCE,False
crossref,straw return meta-analysis yield soil carbon greenhouse gas,10.5194/bgd-10-14169-2013,Straw application in paddy soil enhances methane production also from other carbon sources,2013,Yuan,,posted-content,https://doi.org/10.5194/bgd-10-14169-2013,True,10.5194/bgd-10-14169-2013,crossref,straw return meta-analysis yield soil carbon greenhouse gas,TITLE_SCREEN_ONLY_NOT_FORMAL_EVIDENCE,False
crossref,straw return meta-analysis yield soil carbon greenhouse gas,10.3390/agronomy14092011,"Effects of Different Straw Return Methods on the Soil Structure, Organic Carbon Content and Maize Yield of Black Soil Farmland",2024,Xu,Agronomy,journal-article,https://doi.org/10.3390/agronomy14092011,True,10.3390/agronomy14092011,crossref,straw return meta-analysis yield soil carbon greenhouse gas,TITLE_SCREEN_ONLY_NOT_FORMAL_EVIDENCE,False
crossref,straw return meta-analysis yield soil carbon greenhouse gas,10.1002/clen.202000386,Straw Application and Soil Microbial Biomass Carbon Change: A Meta‐Analysis,2020,Wang,"CLEAN – Soil, Air, Water",journal-article,https://doi.org/10.1002/clen.202000386,True,10.1002/clen.202000386,crossref,straw return meta-analysis yield soil carbon greenhouse gas,TITLE_SCREEN_ONLY_NOT_FORMAL_EVIDENCE,False
crossref,straw return meta-analysis yield soil carbon greenhouse gas,10.1016/j.anres.2016.01.003,"Biochar and rice straw have different effects on soil productivity, greenhouse gas emission and carbon sequestration in Northeast Thailand paddy soil",2016,Thammasom,Agriculture and Natural Resources,journal-article,https://doi.org/10.1016/j.anres.2016.01.003,True,10.1016/j.anres.2016.01.003,crossref,straw biochar yield greenhouse gas field experiment || straw return meta-analysis yield soil carbon greenhouse gas,TITLE_SCREEN_ONLY_NOT_FORMAL_EVIDENCE,False
crossref,straw return meta-analysis yield soil carbon greenhouse gas,10.1016/j.still.2025.107033,"Effects of continuous straw and equivalent straw-derived biochar application on soil multifunctionality, crop productivity, and greenhouse gas emissions",2026,Lu,Soil and Tillage Research,journal-article,https://doi.org/10.1016/j.still.2025.107033,True,10.1016/j.still.2025.107033,crossref,straw biochar yield greenhouse gas field experiment || straw return meta-analysis yield soil carbon greenhouse gas,TITLE_SCREEN_ONLY_NOT_FORMAL_EVIDENCE,False
crossref,straw return meta-analysis yield soil carbon greenhouse gas,10.1016/j.still.2012.05.015,Effects of rice straw and nitrogen fertilization on greenhouse gas emissions and carbon storage in tropical flooded soil planted with rice,2012,Bhattacharyya,Soil and Tillage Research,journal-article,https://doi.org/10.1016/j.still.2012.05.015,True,10.1016/j.still.2012.05.015,crossref,straw return meta-analysis yield soil carbon greenhouse gas,TITLE_SCREEN_ONLY_NOT_FORMAL_EVIDENCE,False
crossref,straw return meta-analysis yield soil carbon greenhouse gas,10.1016/j.still.2020.104598,Straw recycling in rice paddy: Trade-off between greenhouse gas emission and soil carbon stock increase,2020,Lee,Soil and Tillage Research,journal-article,https://doi.org/10.1016/j.still.2020.104598,True,10.1016/j.still.2020.104598,crossref,straw return meta-analysis yield soil carbon greenhouse gas,TITLE_SCREEN_ONLY_NOT_FORMAL_EVIDENCE,False
crossref,straw return meta-analysis yield soil carbon greenhouse gas,10.1016/j.still.2023.105992,"Different straw return methods have divergent effects on winter wheat yield, yield stability, and soil structural properties",2024,Li,Soil and Tillage Research,journal-article,https://doi.org/10.1016/j.still.2023.105992,True,10.1016/j.still.2023.105992,crossref,straw return meta-analysis yield soil carbon greenhouse gas,TITLE_SCREEN_ONLY_NOT_FORMAL_EVIDENCE,False
crossref,straw return meta-analysis yield soil carbon greenhouse gas,10.2139/ssrn.7077905,Differentiated soil bacteria and fungi necromass pathways reduce straw-derived carbon sequestration efficiency under high straw return,2026,Li,,posted-content,https://doi.org/10.2139/ssrn.7077905,True,10.2139/ssrn.7077905,crossref,straw return meta-analysis yield soil carbon greenhouse gas,TITLE_SCREEN_ONLY_NOT_FORMAL_EVIDENCE,False
crossref,straw return meta-analysis yield soil carbon greenhouse gas,10.1016/j.jenvman.2023.117965,"Agricultural management strategies for balancing yield increase, carbon sequestration, and emission reduction after straw return for three major grain crops in China: A meta-analysis",2023,Liu,Journal of Environmental Management,journal-article,https://doi.org/10.1016/j.jenvman.2023.117965,True,10.1016/j.jenvman.2023.117965,crossref,straw return meta-analysis yield soil carbon greenhouse gas,TITLE_SCREEN_ONLY_NOT_FORMAL_EVIDENCE,False
crossref,straw return meta-analysis yield soil carbon greenhouse gas,10.1016/j.agwat.2023.108434,Straw return alleviates the greenhouse effect of paddy fields by increasing soil organic carbon sequestration under water-saving irrigation,2023,Han,Agricultural Water Management,journal-article,https://doi.org/10.1016/j.agwat.2023.108434,True,10.1016/j.agwat.2023.108434,crossref,straw return meta-analysis yield soil carbon greenhouse gas,TITLE_SCREEN_ONLY_NOT_FORMAL_EVIDENCE,True
crossref,straw return meta-analysis yield soil carbon greenhouse gas,10.1007/s11104-026-08878-w,Straw return combined with controlled-release urea enhances wheat yield and soil fertility by regulating soil organic carbon fractions: a 10-year field experiment,2026,Gao,Plant and Soil,journal-article,https://doi.org/10.1007/s11104-026-08878-w,True,10.1007/s11104-026-08878-w,crossref,straw return meta-analysis yield soil carbon greenhouse gas,TITLE_SCREEN_ONLY_NOT_FORMAL_EVIDENCE,False
crossref,straw return meta-analysis yield soil carbon greenhouse gas,10.1016/j.crope.2025.100117,Straw return performs better in wheat season than in rice season - From the perspectives of yield and greenhouse gas emissions,2026,Huang,Crop and Environment,journal-article,https://doi.org/10.1016/j.crope.2025.100117,True,10.1016/j.crope.2025.100117,crossref,straw return meta-analysis yield soil carbon greenhouse gas,TITLE_SCREEN_ONLY_NOT_FORMAL_EVIDENCE,False
crossref,straw return meta-analysis yield soil carbon greenhouse gas,10.3389/fpls.2026.1808305,"Long-term application of straw and biochar improves soil carbon fractions, enzyme activity, and tomato yield under continuous greenhouse cultivation",2026,Yu,Frontiers in Plant Science,journal-article,https://doi.org/10.3389/fpls.2026.1808305,True,10.3389/fpls.2026.1808305,crossref,straw biochar yield greenhouse gas field experiment || straw return meta-analysis yield soil carbon greenhouse gas,TITLE_SCREEN_ONLY_NOT_FORMAL_EVIDENCE,False
crossref,straw return meta-analysis yield soil carbon greenhouse gas,10.1016/j.crope.2023.10.003,Impact of straw return combined with different fertilizations on soil organic carbon stock in upland wheat and maize croplands in China: A meta-analysis,2023,Islam,Crop and Environment,journal-article,https://doi.org/10.1016/j.crope.2023.10.003,True,10.1016/j.crope.2023.10.003,crossref,straw return meta-analysis yield soil carbon greenhouse gas,TITLE_SCREEN_ONLY_NOT_FORMAL_EVIDENCE,False
crossref,straw return meta-analysis yield soil carbon greenhouse gas,10.1016/j.scitotenv.2021.150837,Effects of white-rot fungal pretreatment of corn straw return on greenhouse gas emissions from the North China Plain soil,2022,Zuo,Science of The Total Environment,journal-article,https://doi.org/10.1016/j.scitotenv.2021.150837,True,10.1016/j.scitotenv.2021.150837,crossref,straw return meta-analysis yield soil carbon greenhouse gas,TITLE_SCREEN_ONLY_NOT_FORMAL_EVIDENCE,False
crossref,straw return meta-analysis yield soil carbon greenhouse gas,10.1111/sum.12877,"Effect of straw biochar application on soil carbon, greenhouse gas emissions and nitrogen leaching: A vegetable crop rotation field experiment",2023,Zhang,Soil Use and Management,journal-article,https://doi.org/10.1111/sum.12877,True,10.1111/sum.12877,crossref,straw biochar yield greenhouse gas field experiment || straw return meta-analysis yield soil carbon greenhouse gas,TITLE_SCREEN_ONLY_NOT_FORMAL_EVIDENCE,False
crossref,straw return meta-analysis yield soil carbon greenhouse gas,10.3390/agriculture13081570,Straw Return Decomposition Characteristics and Effects on Soil Nutrients and Maize Yield,2023,Yang,Agriculture,journal-article,https://doi.org/10.3390/agriculture13081570,True,10.3390/agriculture13081570,crossref,straw return meta-analysis yield soil carbon greenhouse gas,TITLE_SCREEN_ONLY_NOT_FORMAL_EVIDENCE,False
crossref,straw return meta-analysis yield soil carbon greenhouse gas,10.17221/155/2020-swr,Straw application and soil organic carbon change: A meta-analysis,2021,Wang,Soil and Water Research,journal-article,https://doi.org/10.17221/155/2020-swr,True,10.17221/155/2020-swr,crossref,straw return meta-analysis yield soil carbon greenhouse gas,TITLE_SCREEN_ONLY_NOT_FORMAL_EVIDENCE,False
crossref,straw return meta-analysis yield soil carbon greenhouse gas,10.1016/j.fcr.2022.108447,Does straw return increase crop yield in the wheat-maize cropping system in China? A meta-analysis,2022,Islam,Field Crops Research,journal-article,https://doi.org/10.1016/j.fcr.2022.108447,True,10.1016/j.fcr.2022.108447,crossref,straw return meta-analysis yield soil carbon greenhouse gas,TITLE_SCREEN_ONLY_NOT_FORMAL_EVIDENCE,False
crossref,straw return meta-analysis yield soil carbon greenhouse gas,10.1016/j.still.2021.105126,Responses of greenhouse gas emissions to different straw management methods with the same amount of carbon input in cotton field,2021,Ma,Soil and Tillage Research,journal-article,https://doi.org/10.1016/j.still.2021.105126,True,10.1016/j.still.2021.105126,crossref,straw return meta-analysis yield soil carbon greenhouse gas,TITLE_SCREEN_ONLY_NOT_FORMAL_EVIDENCE,False
crossref,straw return meta-analysis yield soil carbon greenhouse gas,10.1038/s41598-019-40908-9,"Effects of tillage and straw return on water-stable aggregates, carbon stabilization and crop yield in an estuarine alluvial soil",2019,Song,Scientific Reports,journal-article,https://doi.org/10.1038/s41598-019-40908-9,True,10.1038/s41598-019-40908-9,crossref,straw return meta-analysis yield soil carbon greenhouse gas,TITLE_SCREEN_ONLY_NOT_FORMAL_EVIDENCE,False
crossref,straw return meta-analysis yield soil carbon greenhouse gas,10.15666/aeer/2105_40994115,EFFECTS OF STRAW RETURNING AND WATER MANAGEMENT ON YIELD AND NON-CO2 GREENHOUSE GAS EMISSIONS IN COLD BLACK SOIL PADDIES,2023,XU,Applied Ecology and Environmental Research,journal-article,https://doi.org/10.15666/aeer/2105_40994115,True,10.15666/aeer/2105_40994115,crossref,straw return meta-analysis yield soil carbon greenhouse gas,TITLE_SCREEN_ONLY_NOT_FORMAL_EVIDENCE,False
crossref,straw return meta-analysis yield soil carbon greenhouse gas,10.2134/csa2018.63.0509,Straw Mulching Enhances Soil Carbon and Maize Yield,2018,,CSA News,journal-article,https://doi.org/10.2134/csa2018.63.0509,True,10.2134/csa2018.63.0509,crossref,maize stover removal yield soil carbon long term || straw return meta-analysis yield soil carbon greenhouse gas,TITLE_SCREEN_ONLY_NOT_FORMAL_EVIDENCE,False
crossref,straw return meta-analysis yield soil carbon greenhouse gas,10.1016/j.still.2024.106025,"Effects of conservation tillage and straw mulching on crop yield, water use efficiency, carbon sequestration and economic benefits in the Loess Plateau region of China: A meta-analysis",2024,Qin,Soil and Tillage Research,journal-article,https://doi.org/10.1016/j.still.2024.106025,True,10.1016/j.still.2024.106025,crossref,straw return meta-analysis yield soil carbon greenhouse gas,TITLE_SCREEN_ONLY_NOT_FORMAL_EVIDENCE,False
crossref,straw return meta-analysis yield soil carbon greenhouse gas,10.1016/j.fcr.2025.110175,Effects of long-term straw return on grain yield stability in China: A meta-analysis,2026,Li,Field Crops Research,journal-article,https://doi.org/10.1016/j.fcr.2025.110175,True,10.1016/j.fcr.2025.110175,crossref,straw return meta-analysis yield soil carbon greenhouse gas,TITLE_SCREEN_ONLY_NOT_FORMAL_EVIDENCE,False
crossref,straw return meta-analysis yield soil carbon greenhouse gas,10.1016/j.soilbio.2024.109484,The effects of straw return on soil bacterial diversity and functional profiles: A meta-analysis,2024,Zhang,Soil Biology and Biochemistry,journal-article,https://doi.org/10.1016/j.soilbio.2024.109484,True,10.1016/j.soilbio.2024.109484,crossref,straw return meta-analysis yield soil carbon greenhouse gas,TITLE_SCREEN_ONLY_NOT_FORMAL_EVIDENCE,False
crossref,straw return meta-analysis yield soil carbon greenhouse gas,10.1111/gcb.15018,Effects of long‐term straw return on soil organic carbon storage and sequestration rate in North China upland crops: A meta‐analysis,2020,Berhane,Global Change Biology,journal-article,https://doi.org/10.1111/gcb.15018,True,10.1111/gcb.15018,crossref,straw return meta-analysis yield soil carbon greenhouse gas,TITLE_SCREEN_ONLY_NOT_FORMAL_EVIDENCE,False
crossref,straw return meta-analysis yield soil carbon greenhouse gas,10.1016/j.fcr.2025.110312,Mechanisms linking straw return to soil phosphorus cycling in Chinese farmland: A meta-analysis,2026,Yushan,Field Crops Research,journal-article,https://doi.org/10.1016/j.fcr.2025.110312,True,10.1016/j.fcr.2025.110312,crossref,straw return meta-analysis yield soil carbon greenhouse gas,TITLE_SCREEN_ONLY_NOT_FORMAL_EVIDENCE,False
crossref,straw return meta-analysis yield soil carbon greenhouse gas,10.1016/j.envpol.2021.117733,Effects of microplastics on soil organic carbon and greenhouse gas emissions in the context of straw incorporation: A comparison with different types of soil,2021,Yu,Environmental Pollution,journal-article,https://doi.org/10.1016/j.envpol.2021.117733,True,10.1016/j.envpol.2021.117733,crossref,straw return meta-analysis yield soil carbon greenhouse gas,TITLE_SCREEN_ONLY_NOT_FORMAL_EVIDENCE,False
crossref,straw return meta-analysis yield soil carbon greenhouse gas,10.1016/j.fcr.2023.109218,Straw management in paddy fields can reduce greenhouse gas emissions: A global meta-analysis,2024,He,Field Crops Research,journal-article,https://doi.org/10.1016/j.fcr.2023.109218,True,10.1016/j.fcr.2023.109218,crossref,straw biochar yield greenhouse gas field experiment || straw return meta-analysis yield soil carbon greenhouse gas,TITLE_SCREEN_ONLY_NOT_FORMAL_EVIDENCE,False
crossref,straw return meta-analysis yield soil carbon greenhouse gas,10.1016/j.agrcom.2024.100028,"In-situ straw return, combined with plastic film use, influences soil properties and tomato quality and yield in greenhouse conditions",2024,Han,Agriculture Communications,journal-article,https://doi.org/10.1016/j.agrcom.2024.100028,True,10.1016/j.agrcom.2024.100028,crossref,straw return meta-analysis yield soil carbon greenhouse gas,TITLE_SCREEN_ONLY_NOT_FORMAL_EVIDENCE,False
crossref,straw return meta-analysis yield soil carbon greenhouse gas,10.1186/s13068-017-0907-9,Greenhouse gas performance of biochemical biodiesel production from straw: soil organic carbon changes and time-dependent climate impact,2017,Karlsson,Biotechnology for Biofuels,journal-article,https://doi.org/10.1186/s13068-017-0907-9,True,10.1186/s13068-017-0907-9,crossref,straw return meta-analysis yield soil carbon greenhouse gas,TITLE_SCREEN_ONLY_NOT_FORMAL_EVIDENCE,False
crossref,straw return meta-analysis yield soil carbon greenhouse gas,10.1016/j.jclepro.2022.131810,Effects of soil warming and straw return on soil organic matter and greenhouse gas fluxes in winter wheat seasons in the North China Plain,2022,Wu,Journal of Cleaner Production,journal-article,https://doi.org/10.1016/j.jclepro.2022.131810,True,10.1016/j.jclepro.2022.131810,crossref,straw return meta-analysis yield soil carbon greenhouse gas,TITLE_SCREEN_ONLY_NOT_FORMAL_EVIDENCE,False
crossref,straw return meta-analysis yield soil carbon greenhouse gas,10.1016/j.agee.2023.108543,Effects of tillage on soil organic carbon and crop yield under straw return,2023,Zhang,"Agriculture, Ecosystems &amp; Environment",journal-article,https://doi.org/10.1016/j.agee.2023.108543,True,10.1016/j.agee.2023.108543,crossref,straw return meta-analysis yield soil carbon greenhouse gas,TITLE_SCREEN_ONLY_NOT_FORMAL_EVIDENCE,False
crossref,straw return meta-analysis yield soil carbon greenhouse gas,10.2489/jswc.2023.00094,Long-term subsoiling and straw return increase soil organic carbon fractions and crop yield,2023,Liu,Journal of Soil and Water Conservation,journal-article,https://doi.org/10.2489/jswc.2023.00094,True,10.2489/jswc.2023.00094,crossref,straw return meta-analysis yield soil carbon greenhouse gas,TITLE_SCREEN_ONLY_NOT_FORMAL_EVIDENCE,False
crossref,straw return meta-analysis yield soil carbon greenhouse gas,10.1111/sum.12912,Duration of continuous cropping with straw return affects soil organic carbon,2023,Zhang,Soil Use and Management,journal-article,https://doi.org/10.1111/sum.12912,True,10.1111/sum.12912,crossref,straw return meta-analysis yield soil carbon greenhouse gas,TITLE_SCREEN_ONLY_NOT_FORMAL_EVIDENCE,False
crossref,crop residue retention removal yield meta-analysis,10.1016/j.fcr.2013.08.013,Effect of crop residue retention on rice yield in China: A meta-analysis,2013,Huang,Field Crops Research,journal-article,https://doi.org/10.1016/j.fcr.2013.08.013,True,10.1016/j.fcr.2013.08.013,crossref,crop residue retention removal yield meta-analysis,TITLE_SCREEN_ONLY_NOT_FORMAL_EVIDENCE,False
crossref,crop residue retention removal yield meta-analysis,10.2135/cropsci2019.01.0031,Yield Responses of Wheat to Crop Residue Returning in China: A Meta‐Analysis,2019,Qi,Crop Science,journal-article,https://doi.org/10.2135/cropsci2019.01.0031,True,10.2135/cropsci2019.01.0031,crossref,crop residue retention removal yield meta-analysis,TITLE_SCREEN_ONLY_NOT_FORMAL_EVIDENCE,False
crossref,crop residue retention removal yield meta-analysis,10.3390/agriculture10110546,Is Crop Residue Removal to Reduce N2O Emissions Driven by Quality or Quantity? A Field Study and Meta-Analysis,2020,Essich,Agriculture,journal-article,https://doi.org/10.3390/agriculture10110546,True,10.3390/agriculture10110546,crossref,crop residue retention removal yield meta-analysis,TITLE_SCREEN_ONLY_NOT_FORMAL_EVIDENCE,False
crossref,crop residue retention removal yield meta-analysis,10.1016/j.biombioe.2015.07.022,How does crop residue removal affect soil organic carbon and yield? A hierarchical analysis of management and environmental factors,2015,Warren Raffa,Biomass and Bioenergy,journal-article,https://doi.org/10.1016/j.biombioe.2015.07.022,True,10.1016/j.biombioe.2015.07.022,crossref,crop residue burning yield soil organic carbon || crop residue retention removal yield meta-analysis,TITLE_SCREEN_ONLY_NOT_FORMAL_EVIDENCE,False
crossref,crop residue retention removal yield meta-analysis,10.1371/journal.pone.0231740,A meta-analysis of the effects of crop residue return on crop yields and water use efficiency,2020,Lu,PLOS ONE,journal-article,https://doi.org/10.1371/journal.pone.0231740,True,10.1371/journal.pone.0231740,crossref,crop residue retention removal yield meta-analysis,TITLE_SCREEN_ONLY_NOT_FORMAL_EVIDENCE,False
crossref,crop residue retention removal yield meta-analysis,10.2172/5949222,Soil fertility and soil loss constraints on crop residue removal for energy production,1979,Flaim,,report,https://doi.org/10.2172/5949222,True,10.2172/5949222,crossref,crop residue retention removal yield meta-analysis,TITLE_SCREEN_ONLY_NOT_FORMAL_EVIDENCE,False
crossref,crop residue retention removal yield meta-analysis,10.12688/f1000research.16748.1,Dispersion has a large effect (Cohen's d) on crop yield in crop residue application,2018,Oda,F1000Research,journal-article,https://doi.org/10.12688/f1000research.16748.1,True,10.12688/f1000research.16748.1,crossref,crop residue retention removal yield meta-analysis,TITLE_SCREEN_ONLY_NOT_FORMAL_EVIDENCE,False
crossref,crop residue retention removal yield meta-analysis,10.13031/2013.41266,Effects of Crop Residue Removal on Soil Water Content and Yield of Deficit-Irrigated Soybean,2012,S. J. van Donk,Transactions of the ASABE,journal-article,https://doi.org/10.13031/2013.41266,True,10.13031/2013.41266,crossref,crop residue retention removal yield meta-analysis,TITLE_SCREEN_ONLY_NOT_FORMAL_EVIDENCE,False
crossref,crop residue retention removal yield meta-analysis,10.1016/j.fcr.2012.02.024,Simulating the effects of zero tillage and crop residue retention on water relations and yield of wheat under rainfed semiarid Mediterranean conditions,2012,Sommer,Field Crops Research,journal-article,https://doi.org/10.1016/j.fcr.2012.02.024,True,10.1016/j.fcr.2012.02.024,crossref,crop residue retention removal yield meta-analysis,TITLE_SCREEN_ONLY_NOT_FORMAL_EVIDENCE,False
crossref,crop residue retention removal yield meta-analysis,10.2136/sssaj1984.03615995004800040034x,Crop Residue Removal Effects on Corn Yield and Fertility of a Norfolk Sandy Loam,1984,Karlen,Soil Science Society of America Journal,journal-article,https://doi.org/10.2136/sssaj1984.03615995004800040034x,True,10.2136/sssaj1984.03615995004800040034x,crossref,crop residue retention removal yield meta-analysis,TITLE_SCREEN_ONLY_NOT_FORMAL_EVIDENCE,False
crossref,crop residue retention removal yield meta-analysis,10.1016/j.cropro.2013.05.010,Influence of winter cover crop residue management on weeds and yield in pepper (Capsicum annuum L.) in a Mediterranean environment,2013,Radicetti,Crop Protection,journal-article,https://doi.org/10.1016/j.cropro.2013.05.010,True,10.1016/j.cropro.2013.05.010,crossref,crop residue retention removal yield meta-analysis,TITLE_SCREEN_ONLY_NOT_FORMAL_EVIDENCE,False
crossref,crop residue retention removal yield meta-analysis,10.1007/s13593-023-00928-2,Crop residue return achieves environmental mitigation and enhances grain yield: a global meta-analysis,2023,Liu,Agronomy for Sustainable Development,journal-article,https://doi.org/10.1007/s13593-023-00928-2,True,10.1007/s13593-023-00928-2,crossref,crop residue retention removal yield meta-analysis,TITLE_SCREEN_ONLY_NOT_FORMAL_EVIDENCE,False
crossref,crop residue retention removal yield meta-analysis,10.4314/acsj.v8i4.27681,Effect of crop residue management and cropping system on pearl millet and cowpea yield,2000,Coulibaly,African Crop Science Journal,journal-article,https://doi.org/10.4314/acsj.v8i4.27681,True,10.4314/acsj.v8i4.27681,crossref,crop residue retention removal yield meta-analysis,TITLE_SCREEN_ONLY_NOT_FORMAL_EVIDENCE,False
crossref,crop residue retention removal yield meta-analysis,10.1007/s10333-018-0641-3,Crop establishment with conservation tillage and crop residue retention in rice-based cropping systems of Eastern India: yield advantage and economic benefit,2018,Nandan,Paddy and Water Environment,journal-article,https://doi.org/10.1007/s10333-018-0641-3,True,10.1007/s10333-018-0641-3,crossref,crop residue retention removal yield meta-analysis,TITLE_SCREEN_ONLY_NOT_FORMAL_EVIDENCE,False
crossref,crop residue retention removal yield meta-analysis,10.1016/j.soilbio.2017.07.023,"Combined effects of biochar amendment, leguminous cover crop addition and snow removal on nitrogen leaching losses and nitrogen retention over winter and subsequent yield of a test crop (Eruca sativa L.)",2017,Zhou,Soil Biology and Biochemistry,journal-article,https://doi.org/10.1016/j.soilbio.2017.07.023,True,10.1016/j.soilbio.2017.07.023,crossref,crop residue retention removal yield meta-analysis,TITLE_SCREEN_ONLY_NOT_FORMAL_EVIDENCE,False
crossref,crop residue retention removal yield meta-analysis,10.7287/peerj.10967v0.1/reviews/1,"Peer Review #1 of ""Influence of plastic film mulch with biochar application on crop yield, evapotranspiration, and water use efficiency in northern China: A meta-analysis (v0.1)""",2021,,,peer-review,https://doi.org/10.7287/peerj.10967v0.1/reviews/1,True,10.7287/peerj.10967v0.1/reviews/1,crossref,crop residue retention removal yield meta-analysis,TITLE_SCREEN_ONLY_NOT_FORMAL_EVIDENCE,False
crossref,crop residue retention removal yield meta-analysis,10.1201/9781351071246-9,"Crop Residue Management: Soil, Crop, Climate Interactions",2018,Reicosky,Crops Residue Management,book-chapter,https://doi.org/10.1201/9781351071246-9,True,10.1201/9781351071246-9,crossref,crop residue burning yield soil organic carbon || crop residue retention removal yield meta-analysis,TITLE_SCREEN_ONLY_NOT_FORMAL_EVIDENCE,False
crossref,crop residue retention removal yield meta-analysis,10.7287/peerj.10967v0.2/reviews/1,"Peer Review #1 of ""Influence of plastic film mulch with biochar application on crop yield, evapotranspiration, and water use efficiency in northern China: A meta-analysis (v0.2)""",2021,,,peer-review,https://doi.org/10.7287/peerj.10967v0.2/reviews/1,True,10.7287/peerj.10967v0.2/reviews/1,crossref,crop residue retention removal yield meta-analysis,TITLE_SCREEN_ONLY_NOT_FORMAL_EVIDENCE,False
crossref,crop residue retention removal yield meta-analysis,10.48047/afjbs.6.15.2024.4165-4191,Investigating the Influence of Crop Residue and Biofertilizer Application Strategies on Growth and Yield of Pigeonpea-Wheat Crop in a Conservation Agriculture-Based System,2024,,African Journal of Biological Sciences,journal-article,https://doi.org/10.48047/afjbs.6.15.2024.4165-4191,True,10.48047/afjbs.6.15.2024.4165-4191,crossref,crop residue retention removal yield meta-analysis,TITLE_SCREEN_ONLY_NOT_FORMAL_EVIDENCE,False
crossref,crop residue retention removal yield meta-analysis,10.1016/j.biortech.2019.122318,Effect of pyrolysis temperature and correlation analysis on the yield and physicochemical properties of crop residue biochar,2020,Zhang,Bioresource Technology,journal-article,https://doi.org/10.1016/j.biortech.2019.122318,True,10.1016/j.biortech.2019.122318,crossref,crop residue retention removal yield meta-analysis,TITLE_SCREEN_ONLY_NOT_FORMAL_EVIDENCE,False
crossref,crop residue retention removal yield meta-analysis,10.4314/wsa.v38i1.10,"The effect of crop residue layers on evapotranspiration, growth and yield of irrigated sugarcane†",2012,Olivier,Water SA,journal-article,https://doi.org/10.4314/wsa.v38i1.10,True,10.4314/wsa.v38i1.10,crossref,crop residue retention removal yield meta-analysis,TITLE_SCREEN_ONLY_NOT_FORMAL_EVIDENCE,False
crossref,crop residue retention removal yield meta-analysis,10.2135/cropsci1998.0011183x003800040003x,Genetic Variation for Biomass and Residue Production in Lentil: II. Factors Determining Seed and Straw Yield,1998,Kusmenoglu,Crop Science,journal-article,https://doi.org/10.2135/cropsci1998.0011183x003800040003x,True,10.2135/cropsci1998.0011183x003800040003x,crossref,crop residue retention removal yield meta-analysis,TITLE_SCREEN_ONLY_NOT_FORMAL_EVIDENCE,False
crossref,crop residue retention removal yield meta-analysis,10.2139/ssrn.4461948,Performance of Apsim to Predict Water-Use and Grain Yield of Diversified Crop Sequences Managed Under Long-Term Dryland Conservation Agriculture with Varied Crop Residue Amounts,2023,Singh,,posted-content,https://doi.org/10.2139/ssrn.4461948,True,10.2139/ssrn.4461948,crossref,crop residue retention removal yield meta-analysis,TITLE_SCREEN_ONLY_NOT_FORMAL_EVIDENCE,False
crossref,crop residue retention removal yield meta-analysis,10.1080/00103624.2017.1323094,Changes in Soil Phosphorus Fractions Resulting from Crop Residue Removal and Phosphorus Fertilizer,2017,Sonmez,Communications in Soil Science and Plant Analysis,journal-article,https://doi.org/10.1080/00103624.2017.1323094,True,10.1080/00103624.2017.1323094,crossref,crop residue retention removal yield meta-analysis,TITLE_SCREEN_ONLY_NOT_FORMAL_EVIDENCE,False
crossref,crop residue retention removal yield meta-analysis,10.1111/gcb.12274,Soil nitrous oxide emissions following crop residue addition: a meta‐analysis,2013,Chen,Global Change Biology,journal-article,https://doi.org/10.1111/gcb.12274,True,10.1111/gcb.12274,crossref,crop residue retention removal yield meta-analysis || residue incorporation nitrous oxide meta-analysis,TITLE_SCREEN_ONLY_NOT_FORMAL_EVIDENCE,False
crossref,crop residue retention removal yield meta-analysis,10.9734/ijpss/2018/41798,"Impact of Crop Residue Management on Soil Properties and Crop Yield, in Irrigated Corn-Wheat Cropping System",2018,Behaeen,International Journal of Plant &amp; Soil Science,journal-article,https://doi.org/10.9734/ijpss/2018/41798,True,10.9734/ijpss/2018/41798,crossref,crop residue burning yield soil organic carbon || crop residue retention removal yield meta-analysis,TITLE_SCREEN_ONLY_NOT_FORMAL_EVIDENCE,False
crossref,crop residue retention removal yield meta-analysis,10.2139/ssrn.4979327,"Influence of Crop Residue Orientation on Soil Water Capture, Temperature and Wheat Growth and Yield Under Rainfed Mediterranean Conditions",2024,Swella,,posted-content,https://doi.org/10.2139/ssrn.4979327,True,10.2139/ssrn.4979327,crossref,crop residue burning yield soil organic carbon || crop residue retention removal yield meta-analysis,TITLE_SCREEN_ONLY_NOT_FORMAL_EVIDENCE,False
crossref,crop residue retention removal yield meta-analysis,10.7287/peerj.10967v0.1/reviews/2,"Peer Review #2 of ""Influence of plastic film mulch with biochar application on crop yield, evapotranspiration, and water use efficiency in northern China: A meta-analysis (v0.1)""",2021,,,peer-review,https://doi.org/10.7287/peerj.10967v0.1/reviews/2,True,10.7287/peerj.10967v0.1/reviews/2,crossref,crop residue retention removal yield meta-analysis,TITLE_SCREEN_ONLY_NOT_FORMAL_EVIDENCE,False
crossref,crop residue retention removal yield meta-analysis,10.1016/j.plaphy.2024.109053,Biochar and soil contributions to crop lodging and yield performance - A meta-analysis,2024,Ghorbani,Plant Physiology and Biochemistry,journal-article,https://doi.org/10.1016/j.plaphy.2024.109053,True,10.1016/j.plaphy.2024.109053,crossref,crop residue retention removal yield meta-analysis,TITLE_SCREEN_ONLY_NOT_FORMAL_EVIDENCE,False
crossref,crop residue retention removal yield meta-analysis,10.1016/j.agsy.2018.10.007,"Effects of tillage and crop residue management on runoff, soil loss and crop yield in the Humid Highlands of Ethiopia",2019,Adimassu,Agricultural Systems,journal-article,https://doi.org/10.1016/j.agsy.2018.10.007,True,10.1016/j.agsy.2018.10.007,crossref,crop residue retention removal yield meta-analysis,TITLE_SCREEN_ONLY_NOT_FORMAL_EVIDENCE,False
crossref,crop residue retention removal yield meta-analysis,10.1016/j.still.2022.105498,Uneven crop residue distribution influences soil chemical composition and crop yield under long-term no-tillage,2022,Flower,Soil and Tillage Research,journal-article,https://doi.org/10.1016/j.still.2022.105498,True,10.1016/j.still.2022.105498,crossref,crop residue burning yield soil organic carbon || crop residue retention removal yield meta-analysis,TITLE_SCREEN_ONLY_NOT_FORMAL_EVIDENCE,False
crossref,crop residue retention removal yield meta-analysis,10.1016/j.pedsph.2025.12.009,Biochar increases crop yield in salt-affected soils: A global meta-analysis,2025,HUANG,Pedosphere,journal-article,https://doi.org/10.1016/j.pedsph.2025.12.009,True,10.1016/j.pedsph.2025.12.009,crossref,crop residue retention removal yield meta-analysis,TITLE_SCREEN_ONLY_NOT_FORMAL_EVIDENCE,False
crossref,crop residue retention removal yield meta-analysis,10.19103/as.2021.0094.12,Assessing the effects of crop residue retention on soil health,2022,,Burleigh Dodds Series in Agricultural Science | Improving soil health,book-chapter,https://doi.org/10.19103/as.2021.0094.12,True,10.19103/as.2021.0094.12,crossref,crop residue retention removal yield meta-analysis,TITLE_SCREEN_ONLY_NOT_FORMAL_EVIDENCE,False
crossref,crop residue retention removal yield meta-analysis,10.33545/2618060x.2024.v7.i11c.1957,Effect of different tillage and crop residue retention practices on growth and yield of foxtail millet and greengram under rainfed condition,2024,Naidu,International Journal of Research in Agronomy,journal-article,https://doi.org/10.33545/2618060x.2024.v7.i11c.1957,True,10.33545/2618060x.2024.v7.i11c.1957,crossref,crop residue retention removal yield meta-analysis,TITLE_SCREEN_ONLY_NOT_FORMAL_EVIDENCE,False
crossref,crop residue retention removal yield meta-analysis,10.1371/journal.pone.0235665,"Cover crop and crop residue removal effects on temporal dynamics of soil carbon and nitrogen in a temperate, humid climate",2020,Chahal,PLOS ONE,journal-article,https://doi.org/10.1371/journal.pone.0235665,True,10.1371/journal.pone.0235665,crossref,crop residue retention removal yield meta-analysis,TITLE_SCREEN_ONLY_NOT_FORMAL_EVIDENCE,False
crossref,crop residue retention removal yield meta-analysis,10.31018/jans.v11i3.2152,"Effect of crop residue management on soil organic carbon, soil organic matter and crop yield: An overview",2019,Kumari,Journal of Applied and Natural Science,journal-article,https://doi.org/10.31018/jans.v11i3.2152,True,10.31018/jans.v11i3.2152,crossref,crop residue burning yield soil organic carbon || crop residue retention removal yield meta-analysis,TITLE_SCREEN_ONLY_NOT_FORMAL_EVIDENCE,False
crossref,crop residue retention removal yield meta-analysis,10.3390/land10060581,"Establishment of Crops under Minimal Soil Disturbance and Crop Residue Retention in Rice-Based Cropping System: Yield Advantage, Soil Health Improvement, and Economic Benefit",2021,Salahin,Land,journal-article,https://doi.org/10.3390/land10060581,True,10.3390/land10060581,crossref,crop residue retention removal yield meta-analysis,TITLE_SCREEN_ONLY_NOT_FORMAL_EVIDENCE,False
crossref,straw biochar yield greenhouse gas field experiment,10.1016/j.eti.2025.104250,Biochar carbon-based amendment rather than straw contributes to the mitigation of greenhouse gas emissions while increasing crop yield: Insights from a field experiment and density functional theory calculation,2025,He,Environmental Technology &amp; Innovation,journal-article,https://doi.org/10.1016/j.eti.2025.104250,True,10.1016/j.eti.2025.104250,crossref,straw biochar yield greenhouse gas field experiment,TITLE_SCREEN_ONLY_NOT_FORMAL_EVIDENCE,False
crossref,straw biochar yield greenhouse gas field experiment,10.34044/j.anres.2019.53.6.03,Drought stress and Acacia seyal biochar effects on sorghum gas exchange and yield: A greenhouse experiment,2019,,Agriculture and Natural Resources,journal-article,https://doi.org/10.34044/j.anres.2019.53.6.03,True,10.34044/j.anres.2019.53.6.03,crossref,straw biochar yield greenhouse gas field experiment,TITLE_SCREEN_ONLY_NOT_FORMAL_EVIDENCE,False
crossref,straw biochar yield greenhouse gas field experiment,10.3390/agriculture13112091,The Effect of Biochar and Straw Return on N2O Emissions and Crop Yield: A Three-Year Field Experiment,2023,Gao,Agriculture,journal-article,https://doi.org/10.3390/agriculture13112091,True,10.3390/agriculture13112091,crossref,straw biochar yield greenhouse gas field experiment,TITLE_SCREEN_ONLY_NOT_FORMAL_EVIDENCE,False
crossref,straw biochar yield greenhouse gas field experiment,10.1007/978-94-007-5634-2_190,A Comparison of Greenhouse Gas Emissions from a Paddy Field Following Incorporation of Rice Straw and Straw-Based Biochar,2012,Shen,Functions of Natural Organic Matter in Changing Environment,book-chapter,https://doi.org/10.1007/978-94-007-5634-2_190,True,10.1007/978-94-007-5634-2_190,crossref,straw biochar yield greenhouse gas field experiment,TITLE_SCREEN_ONLY_NOT_FORMAL_EVIDENCE,False
crossref,straw biochar yield greenhouse gas field experiment,10.3390/agronomy13041023,Rice Yield and Greenhouse Gas Emissions Due to Biochar and Straw Application under Optimal Reduced N Fertilizers in a Double Season Rice Cropping System,2023,Li,Agronomy,journal-article,https://doi.org/10.3390/agronomy13041023,True,10.3390/agronomy13041023,crossref,straw biochar yield greenhouse gas field experiment,TITLE_SCREEN_ONLY_NOT_FORMAL_EVIDENCE,False
crossref,straw biochar yield greenhouse gas field experiment,10.1016/j.fcr.2025.110040,"Biochar contribution in greenhouse gas mitigation and crop yield considering pyrolysis conditions, utilization strategies and plant type ‐ A meta-analysis",2025,Amirahmadi,Field Crops Research,journal-article,https://doi.org/10.1016/j.fcr.2025.110040,True,10.1016/j.fcr.2025.110040,crossref,straw biochar yield greenhouse gas field experiment,TITLE_SCREEN_ONLY_NOT_FORMAL_EVIDENCE,False
crossref,straw biochar yield greenhouse gas field experiment,10.1016/j.fcr.2020.107814,"Effects of controlled-release fertilizer on rice grain yield, nitrogen use efficiency, and greenhouse gas emissions in a paddy field with straw incorporation",2020,Sun,Field Crops Research,journal-article,https://doi.org/10.1016/j.fcr.2020.107814,True,10.1016/j.fcr.2020.107814,crossref,straw biochar yield greenhouse gas field experiment,TITLE_SCREEN_ONLY_NOT_FORMAL_EVIDENCE,True
crossref,straw biochar yield greenhouse gas field experiment,10.3390/su71013713,A Field Experiment on Enhancement of Crop Yield by Rice Straw and Corn Stalk-Derived Biochar in Northern China,2015,Yang,Sustainability,journal-article,https://doi.org/10.3390/su71013713,True,10.3390/su71013713,crossref,straw biochar yield greenhouse gas field experiment,TITLE_SCREEN_ONLY_NOT_FORMAL_EVIDENCE,True
crossref,straw biochar yield greenhouse gas field experiment,10.1002/jeq2.20518,Biochar and greenhouse gas emissions: Comment on “Biochar as a negative emission technology: A synthesis of field research on greenhouse gas emissions”,2023,Schlesinger,Journal of Environmental Quality,journal-article,https://doi.org/10.1002/jeq2.20518,True,10.1002/jeq2.20518,crossref,straw biochar yield greenhouse gas field experiment,TITLE_SCREEN_ONLY_NOT_FORMAL_EVIDENCE,False
crossref,straw biochar yield greenhouse gas field experiment,10.3390/agronomy15051007,Mitigation of Greenhouse Gas Emissions Using Straw Biochar in Arid Regions of Northwest China: Evidence from Field Experiments,2025,Jia,Agronomy,journal-article,https://doi.org/10.3390/agronomy15051007,True,10.3390/agronomy15051007,crossref,straw biochar yield greenhouse gas field experiment,TITLE_SCREEN_ONLY_NOT_FORMAL_EVIDENCE,False
crossref,straw biochar yield greenhouse gas field experiment,10.1016/j.fcr.2025.109885,Co-application of microalgae and biochar increases yield and mitigates greenhouse gas emissions in saline-alkali soil,2025,Ma,Field Crops Research,journal-article,https://doi.org/10.1016/j.fcr.2025.109885,True,10.1016/j.fcr.2025.109885,crossref,straw biochar yield greenhouse gas field experiment,TITLE_SCREEN_ONLY_NOT_FORMAL_EVIDENCE,False
crossref,straw biochar yield greenhouse gas field experiment,10.1016/j.agee.2023.108745,Assessment of the straw and biochar application on greenhouse gas emissions and yield in paddy fields under intermittent and controlled irrigation patterns,2024,He,"Agriculture, Ecosystems &amp; Environment",journal-article,https://doi.org/10.1016/j.agee.2023.108745,True,10.1016/j.agee.2023.108745,crossref,straw biochar yield greenhouse gas field experiment,TITLE_SCREEN_ONLY_NOT_FORMAL_EVIDENCE,False
crossref,straw biochar yield greenhouse gas field experiment,10.1002/jpln.201800538,Relationship between greenhouse gas emissions and changes in soil gas diffusivity in a field experiment with biochar and lime,2019,Keller,Journal of Plant Nutrition and Soil Science,journal-article,https://doi.org/10.1002/jpln.201800538,True,10.1002/jpln.201800538,crossref,straw biochar yield greenhouse gas field experiment,TITLE_SCREEN_ONLY_NOT_FORMAL_EVIDENCE,False
crossref,straw biochar yield greenhouse gas field experiment,10.1201/b18920-21,Biochar Effects on Greenhouse Gas Emissions,2015,,Biochar,book-chapter,https://doi.org/10.1201/b18920-21,True,10.1201/b18920-21,crossref,straw biochar yield greenhouse gas field experiment,TITLE_SCREEN_ONLY_NOT_FORMAL_EVIDENCE,False
crossref,straw biochar yield greenhouse gas field experiment,10.1016/j.egypro.2016.10.069,Quantifying the Greenhouse Gas Reduction Benefits of Utilising Straw Biochar and Enriched Biochar,2016,Mohammadi,Energy Procedia,journal-article,https://doi.org/10.1016/j.egypro.2016.10.069,True,10.1016/j.egypro.2016.10.069,crossref,straw biochar yield greenhouse gas field experiment,TITLE_SCREEN_ONLY_NOT_FORMAL_EVIDENCE,False
crossref,straw biochar yield greenhouse gas field experiment,10.21203/rs.3.rs-3923418/v1,Recycling annual self-straw as biochar reduces long-term greenhouse gas emissions from paddy fields economically,2024,Wu,,posted-content,https://doi.org/10.21203/rs.3.rs-3923418/v1,True,10.21203/rs.3.rs-3923418/v1,crossref,straw biochar yield greenhouse gas field experiment,TITLE_SCREEN_ONLY_NOT_FORMAL_EVIDENCE,False
crossref,straw biochar yield greenhouse gas field experiment,10.1016/j.scitotenv.2021.150465,"Biochar impacts on soil chemical properties, greenhouse gas emissions and forage productivity: A field experiment",2022,Ginebra,Science of The Total Environment,journal-article,https://doi.org/10.1016/j.scitotenv.2021.150465,True,10.1016/j.scitotenv.2021.150465,crossref,straw biochar yield greenhouse gas field experiment,TITLE_SCREEN_ONLY_NOT_FORMAL_EVIDENCE,False
crossref,straw biochar yield greenhouse gas field experiment,10.1016/j.eti.2024.103683,Can converting raw straw into biochar incorporation achieve both higher maize yield and lower greenhouse gas emissions intensity in drought-prone environment?,2024,Lu,Environmental Technology &amp; Innovation,journal-article,https://doi.org/10.1016/j.eti.2024.103683,True,10.1016/j.eti.2024.103683,crossref,straw biochar yield greenhouse gas field experiment,TITLE_SCREEN_ONLY_NOT_FORMAL_EVIDENCE,False
crossref,straw biochar yield greenhouse gas field experiment,10.1016/j.scitotenv.2021.146560,"After-effects of straw and straw-derived biochar application on crop growth, yield, and soil properties in wheat (Triticum aestivum L.) -maize (Zea mays L.) rotations: A four-year field experiment",2021,Hu,Science of The Total Environment,journal-article,https://doi.org/10.1016/j.scitotenv.2021.146560,True,10.1016/j.scitotenv.2021.146560,crossref,straw biochar yield greenhouse gas field experiment,TITLE_SCREEN_ONLY_NOT_FORMAL_EVIDENCE,False
crossref,straw biochar yield greenhouse gas field experiment,10.1016/j.fcr.2024.109547,"Straw-derived biochar regulates soil enzyme activities, reduces greenhouse gas emissions, and enhances carbon accumulation in farmland under mulching",2024,Wang,Field Crops Research,journal-article,https://doi.org/10.1016/j.fcr.2024.109547,True,10.1016/j.fcr.2024.109547,crossref,straw biochar yield greenhouse gas field experiment,TITLE_SCREEN_ONLY_NOT_FORMAL_EVIDENCE,False
crossref,straw biochar yield greenhouse gas field experiment,10.1016/j.agwat.2023.108586,Assessment of greenhouse gas mitigation from rice cultivation using alternate wetting and drying and rice straw biochar in Thailand,2023,Sriphirom,Agricultural Water Management,journal-article,https://doi.org/10.1016/j.agwat.2023.108586,True,10.1016/j.agwat.2023.108586,crossref,straw biochar yield greenhouse gas field experiment,TITLE_SCREEN_ONLY_NOT_FORMAL_EVIDENCE,False
crossref,straw biochar yield greenhouse gas field experiment,10.3390/land10020189,Greenhouse Gas Emissions from Forest Soils Reduced by Straw Biochar and Nitrapyrin Applications,2021,Li,Land,journal-article,https://doi.org/10.3390/land10020189,True,10.3390/land10020189,crossref,straw biochar yield greenhouse gas field experiment,TITLE_SCREEN_ONLY_NOT_FORMAL_EVIDENCE,False
crossref,straw biochar yield greenhouse gas field experiment,10.1007/s00374-020-01479-4,Wheat straw and its biochar differently affect soil properties and field-based greenhouse gas emission in a Chernozemic soil,2020,Duan,Biology and Fertility of Soils,journal-article,https://doi.org/10.1007/s00374-020-01479-4,True,10.1007/s00374-020-01479-4,crossref,straw biochar yield greenhouse gas field experiment,TITLE_SCREEN_ONLY_NOT_FORMAL_EVIDENCE,False
crossref,straw biochar yield greenhouse gas field experiment,10.20944/preprints201810.0315.v1,Effect of Biochar on Soil Greenhouse Gas Emissions at the Laboratory and Field Scales,2018,Fidel,,posted-content,https://doi.org/10.20944/preprints201810.0315.v1,True,10.20944/preprints201810.0315.v1,crossref,straw biochar yield greenhouse gas field experiment,TITLE_SCREEN_ONLY_NOT_FORMAL_EVIDENCE,False
crossref,straw biochar yield greenhouse gas field experiment,10.1016/b978-0-443-43794-6.00011-3,Biochar for carbon sequestration and greenhouse gas mitigation,2026,Sivaramakrishnan,Biochar,book-chapter,https://doi.org/10.1016/b978-0-443-43794-6.00011-3,True,10.1016/b978-0-443-43794-6.00011-3,crossref,straw biochar yield greenhouse gas field experiment,TITLE_SCREEN_ONLY_NOT_FORMAL_EVIDENCE,False
crossref,straw biochar yield greenhouse gas field experiment,10.1111/sum.12760,"Soil greenhouse gas emissions, organic carbon and crop yield following pinewood biochar and biochar–manure applications at eroded and depositional landscape positions: A field trial in South Dakota, USA",2021,Abagandura,Soil Use and Management,journal-article,https://doi.org/10.1111/sum.12760,True,10.1111/sum.12760,crossref,straw biochar yield greenhouse gas field experiment,TITLE_SCREEN_ONLY_NOT_FORMAL_EVIDENCE,False
crossref,straw biochar yield greenhouse gas field experiment,10.1080/27669645.2026.2720977,Recent advances in using biochar application for greenhouse gas mitigation strategies in rice field,2026,Mmbando,All Earth,journal-article,https://doi.org/10.1080/27669645.2026.2720977,True,10.1080/27669645.2026.2720977,crossref,straw biochar yield greenhouse gas field experiment,TITLE_SCREEN_ONLY_NOT_FORMAL_EVIDENCE,False
crossref,straw biochar yield greenhouse gas field experiment,10.1186/s13765-021-00666-7,Effects of biochar and barley straw application on the rice productivity and greenhouse gas emissions of paddy field,2021,Kang,Applied Biological Chemistry,journal-article,https://doi.org/10.1186/s13765-021-00666-7,True,10.1186/s13765-021-00666-7,crossref,straw biochar yield greenhouse gas field experiment,TITLE_SCREEN_ONLY_NOT_FORMAL_EVIDENCE,False
crossref,straw biochar yield greenhouse gas field experiment,10.1007/s42773-025-00496-6,"Effects of biochar, hydrochar and nitrogen fertilization on greenhouse gas fluxes, soil organic carbon pools, and biomass yield of a boreal legume grassland",2025,Bhattarai,Biochar,journal-article,https://doi.org/10.1007/s42773-025-00496-6,True,10.1007/s42773-025-00496-6,crossref,straw biochar yield greenhouse gas field experiment,TITLE_SCREEN_ONLY_NOT_FORMAL_EVIDENCE,False
crossref,straw biochar yield greenhouse gas field experiment,10.1007/s10668-025-07001-w,Corn straw biochar reduces greenhouse gas emissions from permafrost forest soils under warming and cooling conditions,2025,Wu,"Environment, Development and Sustainability",journal-article,https://doi.org/10.1007/s10668-025-07001-w,True,10.1007/s10668-025-07001-w,crossref,straw biochar yield greenhouse gas field experiment,TITLE_SCREEN_ONLY_NOT_FORMAL_EVIDENCE,False
crossref,straw biochar yield greenhouse gas field experiment,10.1111/gcbb.12005,Impact of biochar field aging on laboratory greenhouse gas production potentials,2012,Spokas,GCB Bioenergy,journal-article,https://doi.org/10.1111/gcbb.12005,True,10.1111/gcbb.12005,crossref,straw biochar yield greenhouse gas field experiment,TITLE_SCREEN_ONLY_NOT_FORMAL_EVIDENCE,False
crossref,straw biochar yield greenhouse gas field experiment,10.1016/j.fcr.2024.109409,Straw management adopted by large farms sustains grain yield but mitigates greenhouse gas emissions,2024,Li,Field Crops Research,journal-article,https://doi.org/10.1016/j.fcr.2024.109409,True,10.1016/j.fcr.2024.109409,crossref,straw biochar yield greenhouse gas field experiment,TITLE_SCREEN_ONLY_NOT_FORMAL_EVIDENCE,False
crossref,straw biochar yield greenhouse gas field experiment,10.1016/j.apsoil.2021.103996,Differentiated mechanisms of biochar- and straw-induced greenhouse gas emissions in tobacco fields,2021,He,Applied Soil Ecology,journal-article,https://doi.org/10.1016/j.apsoil.2021.103996,True,10.1016/j.apsoil.2021.103996,crossref,straw biochar yield greenhouse gas field experiment,TITLE_SCREEN_ONLY_NOT_FORMAL_EVIDENCE,False
crossref,straw biochar yield greenhouse gas field experiment,10.1016/j.agee.2014.03.002,Contrasting effects of straw and straw-derived biochar amendments on greenhouse gas emissions within double rice cropping systems,2014,Shen,"Agriculture, Ecosystems &amp; Environment",journal-article,https://doi.org/10.1016/j.agee.2014.03.002,True,10.1016/j.agee.2014.03.002,crossref,straw biochar yield greenhouse gas field experiment,TITLE_SCREEN_ONLY_NOT_FORMAL_EVIDENCE,True
crossref,straw biochar yield greenhouse gas field experiment,10.21203/rs.3.rs-8607079/v1,Rice straw-derived biochar reduces nitrogen losses and greenhouse gas emissions while improving rice productivity and agronomic efficiency in a tropical paddy soil,2026,Somboon,,posted-content,https://doi.org/10.21203/rs.3.rs-8607079/v1,True,10.21203/rs.3.rs-8607079/v1,crossref,straw biochar yield greenhouse gas field experiment,TITLE_SCREEN_ONLY_NOT_FORMAL_EVIDENCE,False
crossref,straw biochar yield greenhouse gas field experiment,10.1016/j.fcr.2011.11.020,"Effects of biochar amendment on soil quality, crop yield and greenhouse gas emission in a Chinese rice paddy: A field study of 2 consecutive rice growing cycles",2012,Zhang,Field Crops Research,journal-article,https://doi.org/10.1016/j.fcr.2011.11.020,True,10.1016/j.fcr.2011.11.020,crossref,straw biochar yield greenhouse gas field experiment,TITLE_SCREEN_ONLY_NOT_FORMAL_EVIDENCE,False
crossref,straw biochar yield greenhouse gas field experiment,10.1007/s12205-015-0449-2,Investigation of greenhouse gas emissions from the soil amended with rice straw biochar,2016,Yoo,KSCE Journal of Civil Engineering,journal-article,https://doi.org/10.1007/s12205-015-0449-2,True,10.1007/s12205-015-0449-2,crossref,straw biochar yield greenhouse gas field experiment,TITLE_SCREEN_ONLY_NOT_FORMAL_EVIDENCE,False
crossref,straw biochar yield greenhouse gas field experiment,10.1016/j.apsoil.2024.105540,Effects of combined biochar and maize straw applications on soil greenhouse gas emissions,2024,Zhou,Applied Soil Ecology,journal-article,https://doi.org/10.1016/j.apsoil.2024.105540,True,10.1016/j.apsoil.2024.105540,crossref,straw biochar yield greenhouse gas field experiment,TITLE_SCREEN_ONLY_NOT_FORMAL_EVIDENCE,False
crossref,straw biochar yield greenhouse gas field experiment,10.1002/jeq2.20517,Reply to “Biochar and greenhouse gas emissions: Comment on ‘Biochar as a negative emission technology: A synthesis of field research on greenhouse gas emissions’”,2023,Shrestha,Journal of Environmental Quality,journal-article,https://doi.org/10.1002/jeq2.20517,True,10.1002/jeq2.20517,crossref,straw biochar yield greenhouse gas field experiment,TITLE_SCREEN_ONLY_NOT_FORMAL_EVIDENCE,False
crossref,straw biochar yield greenhouse gas field experiment,10.1016/j.jenvman.2024.122801,"Effects of coordinated regulation of water, nitrogen, and biochar on the yield and soil greenhouse gas emission intensity of greenhouse tomatoes",2024,Yu,Journal of Environmental Management,journal-article,https://doi.org/10.1016/j.jenvman.2024.122801,True,10.1016/j.jenvman.2024.122801,crossref,straw biochar yield greenhouse gas field experiment,TITLE_SCREEN_ONLY_NOT_FORMAL_EVIDENCE,False
crossref,straw biochar yield greenhouse gas field experiment,10.1016/j.still.2025.106843,Potential relationships between greenhouse gas emissions and soil physicochemical properties in summer maize field with straw-biochar amendment,2026,Bai,Soil and Tillage Research,journal-article,https://doi.org/10.1016/j.still.2025.106843,True,10.1016/j.still.2025.106843,crossref,straw biochar yield greenhouse gas field experiment,TITLE_SCREEN_ONLY_NOT_FORMAL_EVIDENCE,False
crossref,straw biochar yield greenhouse gas field experiment,10.1007/s11356-021-13698-9,Crop straw retention influenced crop yield and greenhouse gas emissions under various external conditions,2021,Qiu,Environmental Science and Pollution Research,journal-article,https://doi.org/10.1007/s11356-021-13698-9,True,10.1007/s11356-021-13698-9,crossref,straw biochar yield greenhouse gas field experiment,TITLE_SCREEN_ONLY_NOT_FORMAL_EVIDENCE,False
crossref,straw biochar yield greenhouse gas field experiment,10.1016/j.scitotenv.2016.01.143,"Soil properties, greenhouse gas emissions and crop yield under compost, biochar and co-composted biochar in two tropical agronomic systems",2016,Bass,Science of The Total Environment,journal-article,https://doi.org/10.1016/j.scitotenv.2016.01.143,True,10.1016/j.scitotenv.2016.01.143,crossref,straw biochar yield greenhouse gas field experiment,TITLE_SCREEN_ONLY_NOT_FORMAL_EVIDENCE,False
crossref,straw biochar yield greenhouse gas field experiment,10.2134/jeq2011.0157,Effects of Biochar Addition on Greenhouse Gas Emissions and Microbial Responses in a Short-Term Laboratory Experiment,2012,Yoo,Journal of Environmental Quality,journal-article,https://doi.org/10.2134/jeq2011.0157,True,10.2134/jeq2011.0157,crossref,straw biochar yield greenhouse gas field experiment,TITLE_SCREEN_ONLY_NOT_FORMAL_EVIDENCE,False
crossref,straw biochar yield greenhouse gas field experiment,10.3389/fmicb.2018.02566,Differentiated Mechanisms of Biochar Mitigating Straw-Induced Greenhouse Gas Emissions in Two Contrasting Paddy Soils,2018,Wang,Frontiers in Microbiology,journal-article,https://doi.org/10.3389/fmicb.2018.02566,True,10.3389/fmicb.2018.02566,crossref,straw biochar yield greenhouse gas field experiment,TITLE_SCREEN_ONLY_NOT_FORMAL_EVIDENCE,False
crossref,straw biochar yield greenhouse gas field experiment,10.1016/j.agsy.2026.104643,Optimizing biochar application for greenhouse gas mitigation and yield improvement: Integrating meta-analysis with machine learning,2026,Zhu,Agricultural Systems,journal-article,https://doi.org/10.1016/j.agsy.2026.104643,True,10.1016/j.agsy.2026.104643,crossref,straw biochar yield greenhouse gas field experiment,TITLE_SCREEN_ONLY_NOT_FORMAL_EVIDENCE,False
crossref,straw biochar yield greenhouse gas field experiment,10.1007/978-981-97-7554-5_8,Use of Biochar for Mitigating Greenhouse Gas Emission in Agriculture,2024,Gogoi,Agricultural Greenhouse Gas Emissions: Problems and Solutions,book-chapter,https://doi.org/10.1007/978-981-97-7554-5_8,True,10.1007/978-981-97-7554-5_8,crossref,straw biochar yield greenhouse gas field experiment,TITLE_SCREEN_ONLY_NOT_FORMAL_EVIDENCE,False
crossref,straw biochar yield greenhouse gas field experiment,10.1016/j.fcr.2024.109481,Deep tillage combined with straw biochar return increases rice yield by improving nitrogen availability and root distribution in the subsoil,2024,Kong,Field Crops Research,journal-article,https://doi.org/10.1016/j.fcr.2024.109481,True,10.1016/j.fcr.2024.109481,crossref,straw biochar yield greenhouse gas field experiment,TITLE_SCREEN_ONLY_NOT_FORMAL_EVIDENCE,False
crossref,straw biochar yield greenhouse gas field experiment,10.1016/j.agee.2018.04.017,Effects of biochar amendment on net greenhouse gas emissions and soil fertility in a double rice cropping system: A 4-year field experiment,2018,Wang,"Agriculture, Ecosystems &amp; Environment",journal-article,https://doi.org/10.1016/j.agee.2018.04.017,True,10.1016/j.agee.2018.04.017,crossref,straw biochar yield greenhouse gas field experiment,TITLE_SCREEN_ONLY_NOT_FORMAL_EVIDENCE,False
crossref,straw biochar yield greenhouse gas field experiment,10.1016/j.scitotenv.2015.11.054,"Benefits of biochar, compost and biochar–compost for soil quality, maize yield and greenhouse gas emissions in a tropical agricultural soil",2016,Agegnehu,Science of The Total Environment,journal-article,https://doi.org/10.1016/j.scitotenv.2015.11.054,True,10.1016/j.scitotenv.2015.11.054,crossref,straw biochar yield greenhouse gas field experiment,TITLE_SCREEN_ONLY_NOT_FORMAL_EVIDENCE,False
crossref,straw biochar yield greenhouse gas field experiment,10.1186/s40538-025-00869-w,Biochar accelerates straw decomposition and reduces greenhouse gas emissions by driving microbial community dynamics,2025,Zhang,Chemical and Biological Technologies in Agriculture,journal-article,https://doi.org/10.1186/s40538-025-00869-w,True,10.1186/s40538-025-00869-w,crossref,straw biochar yield greenhouse gas field experiment,TITLE_SCREEN_ONLY_NOT_FORMAL_EVIDENCE,False
crossref,straw biochar yield greenhouse gas field experiment,10.1016/j.scitotenv.2018.11.396,Impact of biochar application on yield-scaled greenhouse gas intensity: A meta-analysis,2019,Liu,Science of The Total Environment,journal-article,https://doi.org/10.1016/j.scitotenv.2018.11.396,True,10.1016/j.scitotenv.2018.11.396,crossref,straw biochar yield greenhouse gas field experiment,TITLE_SCREEN_ONLY_NOT_FORMAL_EVIDENCE,False
crossref,straw biochar yield greenhouse gas field experiment,10.3390/soilsystems3010008,Effect of Biochar on Soil Greenhouse Gas Emissions at the Laboratory and Field Scales,2019,Fidel,Soil Systems,journal-article,https://doi.org/10.3390/soilsystems3010008,True,10.3390/soilsystems3010008,crossref,straw biochar yield greenhouse gas field experiment,TITLE_SCREEN_ONLY_NOT_FORMAL_EVIDENCE,False
crossref,straw biochar yield greenhouse gas field experiment,10.1038/s43016-025-01124-z,Biochar application using recycled annual self straw reduces long-term greenhouse gas emissions from paddy fields with economic benefits,2025,Nan,Nature Food,journal-article,https://doi.org/10.1038/s43016-025-01124-z,True,10.1038/s43016-025-01124-z,crossref,straw biochar yield greenhouse gas field experiment,TITLE_SCREEN_ONLY_NOT_FORMAL_EVIDENCE,False
crossref,straw biochar yield greenhouse gas field experiment,10.56669/zxgg1240,Influence of biochar pyrolyzed from rice husk and rice straw on soil fertility and rice yield on degraded soil in Soc Son district and potential use of biochar in Vietnam,2013,,Innovation in Biomass Resources Use: Biomass to Biochar,proceedings-article,https://doi.org/10.56669/zxgg1240,True,10.56669/zxgg1240,crossref,straw biochar yield greenhouse gas field experiment,TITLE_SCREEN_ONLY_NOT_FORMAL_EVIDENCE,False
crossref,straw biochar yield greenhouse gas field experiment,10.1007/s42106-022-00185-5,Effects of Water–Nitrogen Interaction Coupled with Straw Addition on Rice Paddy Field Grain Yield and Greenhouse Gas Emissions,2022,Wu,International Journal of Plant Production,journal-article,https://doi.org/10.1007/s42106-022-00185-5,True,10.1007/s42106-022-00185-5,crossref,straw biochar yield greenhouse gas field experiment,TITLE_SCREEN_ONLY_NOT_FORMAL_EVIDENCE,False
crossref,straw biochar yield greenhouse gas field experiment,10.3390/su10020537,"The Short-Term Effects of Rice Straw Biochar, Nitrogen and Phosphorus Fertilizer on Rice Yield and Soil Properties in a Cold Waterlogged Paddy Field",2018,Si,Sustainability,journal-article,https://doi.org/10.3390/su10020537,True,10.3390/su10020537,crossref,straw biochar yield greenhouse gas field experiment,TITLE_SCREEN_ONLY_NOT_FORMAL_EVIDENCE,False
crossref,straw biochar yield greenhouse gas field experiment,10.1016/j.fcr.2026.110416,Rice straw biochar and mulched drip irrigation synergistically enhance nitrogen fixation and yield of peanut in a dryland cropping system,2026,Wu,Field Crops Research,journal-article,https://doi.org/10.1016/j.fcr.2026.110416,True,10.1016/j.fcr.2026.110416,crossref,straw biochar yield greenhouse gas field experiment,TITLE_SCREEN_ONLY_NOT_FORMAL_EVIDENCE,False
crossref,straw biochar yield greenhouse gas field experiment,10.3390/plants14243791,Mitigation of Greenhouse Gas Emissions Through Straw Management and Oxygenated and Biochar-Based Fertilizers,2025,Sun,Plants,journal-article,https://doi.org/10.3390/plants14243791,True,10.3390/plants14243791,crossref,straw biochar yield greenhouse gas field experiment,TITLE_SCREEN_ONLY_NOT_FORMAL_EVIDENCE,False
crossref,straw biochar yield greenhouse gas field experiment,10.1016/b978-0-443-44581-1.00030-2,Life cycle assessment of biochar: significance of production process-based greenhouse gas emissions estimates,2026,Gajasinghe Arachchige,Biochar Applications,book-chapter,https://doi.org/10.1016/b978-0-443-44581-1.00030-2,True,10.1016/b978-0-443-44581-1.00030-2,crossref,straw biochar yield greenhouse gas field experiment,TITLE_SCREEN_ONLY_NOT_FORMAL_EVIDENCE,False
crossref,straw biochar yield greenhouse gas field experiment,10.1016/j.dib.2026.112754,"Dataset of greenhouse gas fluxes and soil properties from a biochar application frequency and dosage experiment in an upland agroecosystem in Guizhou, China (2020-2023)",2026,Song,Data in Brief,journal-article,https://doi.org/10.1016/j.dib.2026.112754,True,10.1016/j.dib.2026.112754,crossref,straw biochar yield greenhouse gas field experiment,TITLE_SCREEN_ONLY_NOT_FORMAL_EVIDENCE,False
crossref,straw biochar yield greenhouse gas field experiment,10.1007/s42773-025-00489-5,Biogas slurry strategy reshapes biochar-mediated greenhouse gas emissions via soil bacterial sub-communities,2025,Liang,Biochar,journal-article,https://doi.org/10.1007/s42773-025-00489-5,True,10.1007/s42773-025-00489-5,crossref,straw biochar yield greenhouse gas field experiment,TITLE_SCREEN_ONLY_NOT_FORMAL_EVIDENCE,False
crossref,straw biochar yield greenhouse gas field experiment,10.3390/agriculture16030328,Effects of Modified Corn Straw Biochar Addition to Compost on Greenhouse Gas Emissions During Pig Manure Composting,2026,Dong,Agriculture,journal-article,https://doi.org/10.3390/agriculture16030328,True,10.3390/agriculture16030328,crossref,straw biochar yield greenhouse gas field experiment,TITLE_SCREEN_ONLY_NOT_FORMAL_EVIDENCE,False
crossref,straw biochar yield greenhouse gas field experiment,10.1016/j.catena.2020.104735,Effects of biochar and straw on greenhouse gas emission and its response mechanism in seasonally frozen farmland ecosystems,2020,Hou,CATENA,journal-article,https://doi.org/10.1016/j.catena.2020.104735,True,10.1016/j.catena.2020.104735,crossref,straw biochar yield greenhouse gas field experiment,TITLE_SCREEN_ONLY_NOT_FORMAL_EVIDENCE,False
crossref,straw biochar yield greenhouse gas field experiment,10.3390/agronomy12071560,Biochar Mitigated Yield-Scaled N2O and NO Emissions and Ensured Vegetable Quality and Soil Fertility: A 3-Year Greenhouse Field Observation,2022,Zhang,Agronomy,journal-article,https://doi.org/10.3390/agronomy12071560,True,10.3390/agronomy12071560,crossref,straw biochar yield greenhouse gas field experiment,TITLE_SCREEN_ONLY_NOT_FORMAL_EVIDENCE,False
crossref,straw biochar yield greenhouse gas field experiment,10.1016/j.fcr.2023.108890,"Long-term straw incorporation regulates greenhouse gas emissions from biodegradable film farmland, improves ecosystem carbon budget and sustainable maize productivity",2023,Qian,Field Crops Research,journal-article,https://doi.org/10.1016/j.fcr.2023.108890,True,10.1016/j.fcr.2023.108890,crossref,straw biochar yield greenhouse gas field experiment,TITLE_SCREEN_ONLY_NOT_FORMAL_EVIDENCE,False
crossref,straw biochar yield greenhouse gas field experiment,10.1016/j.agee.2015.07.027,"Biochar and biochar-compost as soil amendments: Effects on peanut yield, soil properties and greenhouse gas emissions in tropical North Queensland, Australia",2015,Agegnehu,"Agriculture, Ecosystems &amp; Environment",journal-article,https://doi.org/10.1016/j.agee.2015.07.027,True,10.1016/j.agee.2015.07.027,crossref,straw biochar yield greenhouse gas field experiment,TITLE_SCREEN_ONLY_NOT_FORMAL_EVIDENCE,False
crossref,straw biochar yield greenhouse gas field experiment,10.1002/ldr.70870,Effects of Fertilization and Wheat Straw Management on Rice Yield and Greenhouse Gas Emissions in Paddy Fields,2026,Xiao,Land Degradation &amp; Development,journal-article,https://doi.org/10.1002/ldr.70870,True,10.1002/ldr.70870,crossref,straw biochar yield greenhouse gas field experiment,TITLE_SCREEN_ONLY_NOT_FORMAL_EVIDENCE,False
crossref,straw biochar yield greenhouse gas field experiment,10.2134/agronj2016.02.0074,"Biochar Field Study: Greenhouse Gas Emissions, Productivity, and Nutrients in Two Soils",2016,Keith,Agronomy Journal,journal-article,https://doi.org/10.2134/agronj2016.02.0074,True,10.2134/agronj2016.02.0074,crossref,straw biochar yield greenhouse gas field experiment,TITLE_SCREEN_ONLY_NOT_FORMAL_EVIDENCE,False
crossref,straw biochar yield greenhouse gas field experiment,10.1088/1755-1315/1587/1/012023,Direct greenhouse gas field emissions in dry-season rice farming in the Philippines via gas-chamber experiment: straw management evaluation and IPCC tier 1 emission comparison,2026,Magadia,IOP Conference Series: Earth and Environmental Science,journal-article,https://doi.org/10.1088/1755-1315/1587/1/012023,True,10.1088/1755-1315/1587/1/012023,crossref,straw biochar yield greenhouse gas field experiment,TITLE_SCREEN_ONLY_NOT_FORMAL_EVIDENCE,False
crossref,straw biochar yield greenhouse gas field experiment,10.32388/51bxtu,"Review of: ""Additional Greenhouse Gas Emissions and Offset Potential from Sugarcane Straw Recovery for Bioenergy Production in Southern Brazil""",2021,Sevimoglu,,peer-review,https://doi.org/10.32388/51bxtu,True,10.32388/51bxtu,crossref,straw biochar yield greenhouse gas field experiment,TITLE_SCREEN_ONLY_NOT_FORMAL_EVIDENCE,False
crossref,straw biochar yield greenhouse gas field experiment,10.3390/agronomy14092087,Reducing Nitrogen Application Rates and Straw Mulching Can Alleviate Greenhouse Gas Emissions from Wheat Field Soil and Improve Soil Quality,2024,Du,Agronomy,journal-article,https://doi.org/10.3390/agronomy14092087,True,10.3390/agronomy14092087,crossref,straw biochar yield greenhouse gas field experiment,TITLE_SCREEN_ONLY_NOT_FORMAL_EVIDENCE,True
crossref,straw biochar yield greenhouse gas field experiment,10.1016/j.agee.2026.110326,Single straw return reduces greenhouse gas emissions from maize-growing soils in an 8-year continuous field trial,2026,Tian,"Agriculture, Ecosystems &amp; Environment",journal-article,https://doi.org/10.1016/j.agee.2026.110326,True,10.1016/j.agee.2026.110326,crossref,straw biochar yield greenhouse gas field experiment,TITLE_SCREEN_ONLY_NOT_FORMAL_EVIDENCE,False
crossref,straw biochar yield greenhouse gas field experiment,10.4324/9781003297673-30,"Biochar, greenhouse gas accounting, and climate change mitigation",2024,Cowie,Biochar for Environmental Management,book-chapter,https://doi.org/10.4324/9781003297673-30,True,10.4324/9781003297673-30,crossref,straw biochar yield greenhouse gas field experiment,TITLE_SCREEN_ONLY_NOT_FORMAL_EVIDENCE,False
crossref,straw biochar yield greenhouse gas field experiment,10.1007/s00374-012-0745-7,Contrasting effects of wheat straw and its biochar on greenhouse gas emissions and enzyme activities in a Chernozemic soil,2012,Wu,Biology and Fertility of Soils,journal-article,https://doi.org/10.1007/s00374-012-0745-7,True,10.1007/s00374-012-0745-7,crossref,straw biochar yield greenhouse gas field experiment,TITLE_SCREEN_ONLY_NOT_FORMAL_EVIDENCE,False
crossref,straw biochar yield greenhouse gas field experiment,10.47176/jcpp.13.2.37701,"Improvement of Yield, Yield Components and the Concentration of Some Nutrients in Rice Leaves by Using Rice Straw and Its Biochar",2023,,Journal of Crop Production and Processing,journal-article,https://doi.org/10.47176/jcpp.13.2.37701,True,10.47176/jcpp.13.2.37701,crossref,straw biochar yield greenhouse gas field experiment,TITLE_SCREEN_ONLY_NOT_FORMAL_EVIDENCE,False
crossref,straw biochar yield greenhouse gas field experiment,10.3390/soilsystems8030091,"Residual Effects of Rice Husk Biochar and Organic Manure Application after 1 Year on Soil Chemical Properties, Rice Yield, and Greenhouse Gas Emissions from Paddy Soils",2024,Mon,Soil Systems,journal-article,https://doi.org/10.3390/soilsystems8030091,True,10.3390/soilsystems8030091,crossref,straw biochar yield greenhouse gas field experiment,TITLE_SCREEN_ONLY_NOT_FORMAL_EVIDENCE,False
crossref,crop residue burning yield soil organic carbon,10.2139/ssrn.4267281,"Comparative Effects of Different Tillage Practice and Crop Residue on Soil Organic Carbon, Bulk Density and Soil Aggregate Size Distribution",2022,Heshmati,,posted-content,https://doi.org/10.2139/ssrn.4267281,True,10.2139/ssrn.4267281,crossref,crop residue burning yield soil organic carbon,TITLE_SCREEN_ONLY_NOT_FORMAL_EVIDENCE,False
crossref,crop residue burning yield soil organic carbon,10.33545/2618060x.2025.v8.i3b.5141,Impact of crop residue burning alternatives on soil carbon dynamics and air quality improvement,2025,Hartley,International Journal of Research in Agronomy,journal-article,https://doi.org/10.33545/2618060x.2025.v8.i3b.5141,True,10.33545/2618060x.2025.v8.i3b.5141,crossref,crop residue burning yield soil organic carbon,TITLE_SCREEN_ONLY_NOT_FORMAL_EVIDENCE,False
crossref,crop residue burning yield soil organic carbon,10.3390/su9122316,Cover Crop Residue Amount and Quality Effects on Soil Organic Carbon Mineralization,2017,Ghimire,Sustainability,journal-article,https://doi.org/10.3390/su9122316,True,10.3390/su9122316,crossref,crop residue burning yield soil organic carbon,TITLE_SCREEN_ONLY_NOT_FORMAL_EVIDENCE,False
crossref,crop residue burning yield soil organic carbon,10.1016/j.apsoil.2026.106965,Soil fertility and crop residue type mediate microbial assimilation of crop residue carbon within aggregates,2026,Xu,Applied Soil Ecology,journal-article,https://doi.org/10.1016/j.apsoil.2026.106965,True,10.1016/j.apsoil.2026.106965,crossref,crop residue burning yield soil organic carbon,TITLE_SCREEN_ONLY_NOT_FORMAL_EVIDENCE,False
crossref,crop residue burning yield soil organic carbon,10.1016/j.still.2016.08.008,Increased cropping intensity improves crop residue inputs to the soil and aggregate-associated soil organic carbon stocks,2017,Novelli,Soil and Tillage Research,journal-article,https://doi.org/10.1016/j.still.2016.08.008,True,10.1016/j.still.2016.08.008,crossref,crop residue burning yield soil organic carbon,TITLE_SCREEN_ONLY_NOT_FORMAL_EVIDENCE,False
crossref,crop residue burning yield soil organic carbon,10.3390/su12229782,"Soil Organic Carbon and Labile Carbon Pools Attributed by Tillage, Crop Residue and Crop Rotation Management in Sweet Sorghum Cropping System",2020,Malobane,Sustainability,journal-article,https://doi.org/10.3390/su12229782,True,10.3390/su12229782,crossref,crop residue burning yield soil organic carbon,TITLE_SCREEN_ONLY_NOT_FORMAL_EVIDENCE,False
crossref,crop residue burning yield soil organic carbon,10.2139/ssrn.4704507,Source Attribution of Carbon Monoxide Over Northern India During Crop Residue Burning Period Over Punjab,2024,Sharma,,posted-content,https://doi.org/10.2139/ssrn.4704507,True,10.2139/ssrn.4704507,crossref,crop residue burning yield soil organic carbon,TITLE_SCREEN_ONLY_NOT_FORMAL_EVIDENCE,False
crossref,crop residue burning yield soil organic carbon,10.21203/rs.3.rs-1447950/v1,"The crop residue conundrum: maintaining long-term soil organic carbon stocks while reinforcing the bioeconomy, compatible endeavors?",2022,Andrade,,posted-content,https://doi.org/10.21203/rs.3.rs-1447950/v1,True,10.21203/rs.3.rs-1447950/v1,crossref,crop residue burning yield soil organic carbon,TITLE_SCREEN_ONLY_NOT_FORMAL_EVIDENCE,False
crossref,crop residue burning yield soil organic carbon,10.21203/rs.3.rs-1447950/v3,"The crop residue conundrum: maintaining long-term soil organic carbon stocks while reinforcing the bioeconomy, compatible endeavors?",2022,Andrade,,posted-content,https://doi.org/10.21203/rs.3.rs-1447950/v3,True,10.21203/rs.3.rs-1447950/v3,crossref,crop residue burning yield soil organic carbon,TITLE_SCREEN_ONLY_NOT_FORMAL_EVIDENCE,False
crossref,crop residue burning yield soil organic carbon,10.21203/rs.3.rs-1447950/v2,"The crop residue conundrum: maintaining long-term soil organic carbon stocks while reinforcing the bioeconomy, compatible endeavors?",2022,Andrade,,posted-content,https://doi.org/10.21203/rs.3.rs-1447950/v2,True,10.21203/rs.3.rs-1447950/v2,crossref,crop residue burning yield soil organic carbon,TITLE_SCREEN_ONLY_NOT_FORMAL_EVIDENCE,False
crossref,crop residue burning yield soil organic carbon,10.1016/j.pedsph.2025.08.001,Long-term fertilization with crop residue management enhances soil structure and the yield of sweet potato by optimizing soil organic carbon and acidity,2025,AHMED,Pedosphere,journal-article,https://doi.org/10.1016/j.pedsph.2025.08.001,True,10.1016/j.pedsph.2025.08.001,crossref,crop residue burning yield soil organic carbon,TITLE_SCREEN_ONLY_NOT_FORMAL_EVIDENCE,False
crossref,crop residue burning yield soil organic carbon,10.1007/s42729-026-03509-w,"Effects of Low-intensity Crop Residue Burning on Soil Ecology, Yield, and Quality in Morchella Cultivation",2026,Gao,Journal of Soil Science and Plant Nutrition,journal-article,https://doi.org/10.1007/s42729-026-03509-w,True,10.1007/s42729-026-03509-w,crossref,crop residue burning yield soil organic carbon,TITLE_SCREEN_ONLY_NOT_FORMAL_EVIDENCE,False
crossref,crop residue burning yield soil organic carbon,10.1111/sum.70092,Machine Learning Predicted Crop Yield and Soil Organic Carbon Variation After Biochar Application,2025,Xu,Soil Use and Management,journal-article,https://doi.org/10.1111/sum.70092,True,10.1111/sum.70092,crossref,crop residue burning yield soil organic carbon,TITLE_SCREEN_ONLY_NOT_FORMAL_EVIDENCE,False
crossref,crop residue burning yield soil organic carbon,10.2136/sssaj2003.9280,Crop Residue Returns and Equilibrium Soil Organic Carbon in England and Wales,2003,Webb,Soil Science Society of America Journal,journal-article,https://doi.org/10.2136/sssaj2003.9280,True,10.2136/sssaj2003.9280,crossref,crop residue burning yield soil organic carbon,TITLE_SCREEN_ONLY_NOT_FORMAL_EVIDENCE,False
crossref,crop residue burning yield soil organic carbon,10.2134/csa2017.62.1021,Invitation to Submit Papers to Agronomy Journal Special Issue on Crop Residue Management and Soil Organic Carbon,2017,,CSA News,journal-article,https://doi.org/10.2134/csa2017.62.1021,True,10.2134/csa2017.62.1021,crossref,crop residue burning yield soil organic carbon,TITLE_SCREEN_ONLY_NOT_FORMAL_EVIDENCE,False
crossref,crop residue burning yield soil organic carbon,10.2174/1874331501307010011,Decomposition and Carbon Dynamics of Crop Residue Mixtures in a Semiarid Long Term No-Till System: Effects on Soil Organic Carbon,2013,Casado-Murillo,The Open Agriculture Journal,journal-article,https://doi.org/10.2174/1874331501307010011,True,10.2174/1874331501307010011,crossref,crop residue burning yield soil organic carbon,TITLE_SCREEN_ONLY_NOT_FORMAL_EVIDENCE,False
crossref,crop residue burning yield soil organic carbon,10.1039/c7ra10353k,Biochar production and applications in soil fertility and carbon sequestration – a sustainable solution to crop-residue burning in India,2018,Mohan,RSC Advances,journal-article,https://doi.org/10.1039/c7ra10353k,True,10.1039/c7ra10353k,crossref,crop residue burning yield soil organic carbon,TITLE_SCREEN_ONLY_NOT_FORMAL_EVIDENCE,False
crossref,crop residue burning yield soil organic carbon,10.1201/9780367811693-4,Crop Residue Input to Soil Organic Matter on Sanborn Field,2019,Buyanovsky,Soil Organic Matter in Temperate Agroecosystems,book-chapter,https://doi.org/10.1201/9780367811693-4,True,10.1201/9780367811693-4,crossref,crop residue burning yield soil organic carbon,TITLE_SCREEN_ONLY_NOT_FORMAL_EVIDENCE,False
crossref,crop residue burning yield soil organic carbon,10.1016/j.chnaes.2018.05.006,Crop residue-derived dissolved organic matter accelerates the decomposition of native soil organic carbon in a temperate agricultural ecosystem,2019,Qiu,Acta Ecologica Sinica,journal-article,https://doi.org/10.1016/j.chnaes.2018.05.006,True,10.1016/j.chnaes.2018.05.006,crossref,crop residue burning yield soil organic carbon,TITLE_SCREEN_ONLY_NOT_FORMAL_EVIDENCE,False
crossref,crop residue burning yield soil organic carbon,10.2136/sssaspecpub57.2ed.c17,Crop Residue Management and Soil Carbon Dynamics,2009,Blanco‐Canqui,SSSA Special Publications | Soil Carbon Sequestration and the Greenhouse Effect,other,https://doi.org/10.2136/sssaspecpub57.2ed.c17,True,10.2136/sssaspecpub57.2ed.c17,crossref,crop residue burning yield soil organic carbon,TITLE_SCREEN_ONLY_NOT_FORMAL_EVIDENCE,False
crossref,crop residue burning yield soil organic carbon,10.1071/sr15377,Qualitative and quantitative response of soil organic carbon to 40 years of crop residue incorporation under contrasting nitrogen fertilisation regimes,2016,Poeplau,Soil Research,journal-article,https://doi.org/10.1071/sr15377,True,10.1071/sr15377,crossref,crop residue burning yield soil organic carbon,TITLE_SCREEN_ONLY_NOT_FORMAL_EVIDENCE,False
crossref,crop residue burning yield soil organic carbon,10.3390/rs11182121,Soil Organic Carbon Mapping Using LUCAS Topsoil Database and Sentinel-2 Data: An Approach to Reduce Soil Moisture and Crop Residue Effects,2019,Castaldi,Remote Sensing,journal-article,https://doi.org/10.3390/rs11182121,True,10.3390/rs11182121,crossref,crop residue burning yield soil organic carbon,TITLE_SCREEN_ONLY_NOT_FORMAL_EVIDENCE,False
crossref,crop residue burning yield soil organic carbon,10.1016/j.still.2005.09.001,"Tillage, nitrogen and crop residue effects on crop yield, nutrient uptake, soil quality, and greenhouse gas emissions",2006,Malhi,Soil and Tillage Research,journal-article,https://doi.org/10.1016/j.still.2005.09.001,True,10.1016/j.still.2005.09.001,crossref,crop residue burning yield soil organic carbon,TITLE_SCREEN_ONLY_NOT_FORMAL_EVIDENCE,False
crossref,crop residue burning yield soil organic carbon,10.1016/j.apsoil.2021.104324,"Effect of the combined addition of mineral nitrogen and crop residue on soil respiration, organic carbon sequestration, and exogenous nitrogen in stable organic matter",2022,Liang,Applied Soil Ecology,journal-article,https://doi.org/10.1016/j.apsoil.2021.104324,True,10.1016/j.apsoil.2021.104324,crossref,crop residue burning yield soil organic carbon,TITLE_SCREEN_ONLY_NOT_FORMAL_EVIDENCE,False
crossref,crop residue burning yield soil organic carbon,10.1016/j.still.2015.08.009,Distribution and storage of crop residue carbon in aggregates and its contribution to organic carbon of soil with low fertility,2016,Li,Soil and Tillage Research,journal-article,https://doi.org/10.1016/j.still.2015.08.009,True,10.1016/j.still.2015.08.009,crossref,crop residue burning yield soil organic carbon,TITLE_SCREEN_ONLY_NOT_FORMAL_EVIDENCE,False
crossref,crop residue burning yield soil organic carbon,10.2136/sssaj2010.0359,No‐Till Impact on Soil and Soil Organic Carbon Erosion under Crop Residue Scarcity in Africa,2011,Mchunu,Soil Science Society of America Journal,journal-article,https://doi.org/10.2136/sssaj2010.0359,True,10.2136/sssaj2010.0359,crossref,crop residue burning yield soil organic carbon,TITLE_SCREEN_ONLY_NOT_FORMAL_EVIDENCE,False
crossref,crop residue burning yield soil organic carbon,10.1080/09064710.2011.608707,Soil profile distribution of total C content and natural abundance of13C in two volcanic soils subjected to crop residue burning versus crop residue retention,2012,Zagal,"Acta Agriculturae Scandinavica, Section B - Soil &amp; Plant Science",journal-article,https://doi.org/10.1080/09064710.2011.608707,True,10.1080/09064710.2011.608707,crossref,crop residue burning yield soil organic carbon,TITLE_SCREEN_ONLY_NOT_FORMAL_EVIDENCE,False
crossref,crop residue burning yield soil organic carbon,10.1142/s2010007814500122,LOW-HANGING FRUIT IN BLACK CARBON MITIGATION: CROP RESIDUE BURNING IN SOUTH ASIA,2014,GUPTA,Climate Change Economics,journal-article,https://doi.org/10.1142/s2010007814500122,True,10.1142/s2010007814500122,crossref,crop residue burning yield soil organic carbon,TITLE_SCREEN_ONLY_NOT_FORMAL_EVIDENCE,False
crossref,crop residue burning yield soil organic carbon,10.1016/j.geoderma.2019.03.039,Effect of crop residue addition on soil organic carbon priming as influenced by temperature and soil properties,2019,Lenka,Geoderma,journal-article,https://doi.org/10.1016/j.geoderma.2019.03.039,True,10.1016/j.geoderma.2019.03.039,crossref,crop residue burning yield soil organic carbon,TITLE_SCREEN_ONLY_NOT_FORMAL_EVIDENCE,False
crossref,crop residue burning yield soil organic carbon,10.1201/9780203753187-6,"Crop Residue and Fertilizer Management to Improve Soil Organic Carbon Content, Soil Quality and Productivity in the Desert Margins of West Africa",2019,Bationo,Global Climate Change and Tropical Ecosystems,book-chapter,https://doi.org/10.1201/9780203753187-6,True,10.1201/9780203753187-6,crossref,crop residue burning yield soil organic carbon,TITLE_SCREEN_ONLY_NOT_FORMAL_EVIDENCE,False
crossref,crop residue burning yield soil organic carbon,10.2134/agronj2009.0483,Crop Management Effects on Crop Residue Production and Changes in Soil Organic Carbon in the Central Great Plains,2010,Benjamin,Agronomy Journal,journal-article,https://doi.org/10.2134/agronj2009.0483,True,10.2134/agronj2009.0483,crossref,crop residue burning yield soil organic carbon,TITLE_SCREEN_ONLY_NOT_FORMAL_EVIDENCE,False
crossref,crop residue burning yield soil organic carbon,10.1016/s0167-1987(00)00110-0,"Soil organic carbon and 13C abundance as related to tillage, crop residue, and nitrogen fertilization under continuous corn management in Minnesota",2000,Clapp,Soil and Tillage Research,journal-article,https://doi.org/10.1016/s0167-1987(00)00110-0,True,10.1016/s0167-1987(00)00110-0,crossref,crop residue burning yield soil organic carbon,TITLE_SCREEN_ONLY_NOT_FORMAL_EVIDENCE,False
crossref,crop residue burning yield soil organic carbon,10.1016/j.still.2007.06.011,"Tillage, crop residue and N fertilizer effects on crop yield, nutrient uptake, soil quality and nitrous oxide gas emissions in a second 4-yr rotation cycle",2007,Malhi,Soil and Tillage Research,journal-article,https://doi.org/10.1016/j.still.2007.06.011,True,10.1016/j.still.2007.06.011,crossref,crop residue burning yield soil organic carbon,TITLE_SCREEN_ONLY_NOT_FORMAL_EVIDENCE,False
crossref,crop residue burning yield soil organic carbon,10.1111/sum.12215,Assessing the effect of crop residue removal on soil organic carbon storage and microbial activity in a no‐till cropping system,2015,Chowdhury,Soil Use and Management,journal-article,https://doi.org/10.1111/sum.12215,True,10.1111/sum.12215,crossref,crop residue burning yield soil organic carbon,TITLE_SCREEN_ONLY_NOT_FORMAL_EVIDENCE,False
crossref,crop residue burning yield soil organic carbon,10.1111/j.1475-2743.1995.tb00496.x,Nitrogen and phosphorus transformations as affected by crop residue management practices and their influence on crop yield,1995,Beri,Soil Use and Management,journal-article,https://doi.org/10.1111/j.1475-2743.1995.tb00496.x,True,10.1111/j.1475-2743.1995.tb00496.x,crossref,crop residue burning yield soil organic carbon,TITLE_SCREEN_ONLY_NOT_FORMAL_EVIDENCE,False
crossref,crop residue burning yield soil organic carbon,10.1007/s11368-025-03968-1,"Contrasting effects of plant and animal residue biochars on soil health, carbon stability, and crop yield",2025,Sapkota,Journal of Soils and Sediments,journal-article,https://doi.org/10.1007/s11368-025-03968-1,True,10.1007/s11368-025-03968-1,crossref,crop residue burning yield soil organic carbon,TITLE_SCREEN_ONLY_NOT_FORMAL_EVIDENCE,False
crossref,crop residue burning yield soil organic carbon,10.1016/0960-8524(94)00135-n,Crop residue management to conserve soil organic matter content in sugarcane-based crop rotations,1995,Yadav,Bioresource Technology,journal-article,https://doi.org/10.1016/0960-8524(94)00135-n,True,10.1016/0960-8524(94)00135-n,crossref,crop residue burning yield soil organic carbon,TITLE_SCREEN_ONLY_NOT_FORMAL_EVIDENCE,False
crossref,crop residue burning yield soil organic carbon,10.4095/219698,Modified Soil Adjusted Crop Residue Index (MSACRI): A new index for mapping crop residue,2000,Bannari,,report,https://doi.org/10.4095/219698,True,10.4095/219698,crossref,crop residue burning yield soil organic carbon,TITLE_SCREEN_ONLY_NOT_FORMAL_EVIDENCE,False
crossref,crop residue burning yield soil organic carbon,10.3390/agronomy15061293,Carbon Input and Crop Residue Placement Determine the Carbon Sequestration Efficiency of Soil Management Techniques,2025,Sarno,Agronomy,journal-article,https://doi.org/10.3390/agronomy15061293,True,10.3390/agronomy15061293,crossref,crop residue burning yield soil organic carbon,TITLE_SCREEN_ONLY_NOT_FORMAL_EVIDENCE,False
crossref,crop residue burning yield soil organic carbon,10.9734/ijpss/2015/13949,Spatial Distribution of Organic Carbon and Nutrients under Farmers’ Crop Residue Management Practices in Eastern Ethiopia,2015,Wogi,International Journal of Plant &amp; Soil Science,journal-article,https://doi.org/10.9734/ijpss/2015/13949,True,10.9734/ijpss/2015/13949,crossref,crop residue burning yield soil organic carbon,TITLE_SCREEN_ONLY_NOT_FORMAL_EVIDENCE,False
crossref,maize stover removal yield soil carbon long term,10.2134/agronj14.0194,Stover Quality and Soil Organic Carbon in Long‐Term Nitrogen‐Fertilized Maize,2014,Melchiori,Agronomy Journal,journal-article,https://doi.org/10.2134/agronj14.0194,True,10.2134/agronj14.0194,crossref,maize stover removal yield soil carbon long term,TITLE_SCREEN_ONLY_NOT_FORMAL_EVIDENCE,False
crossref,maize stover removal yield soil carbon long term,10.1016/j.fcr.2018.12.016,"Long-term effects of tillage and straw management on soil organic carbon, crop yield, and yield stability in a wheat-maize system",2019,Xu,Field Crops Research,journal-article,https://doi.org/10.1016/j.fcr.2018.12.016,True,10.1016/j.fcr.2018.12.016,crossref,biochar field maize wheat soil carbon Africa Europe America || maize stover removal yield soil carbon long term || straw management global dataset yield climate,TITLE_SCREEN_ONLY_NOT_FORMAL_EVIDENCE,False
crossref,maize stover removal yield soil carbon long term,10.1016/j.still.2021.105143,Stover management modifies soil organic carbon dynamics in the short-term under semiarid continuous maize,2021,Álvaro-Fuentes,Soil and Tillage Research,journal-article,https://doi.org/10.1016/j.still.2021.105143,True,10.1016/j.still.2021.105143,crossref,maize stover removal yield soil carbon long term,TITLE_SCREEN_ONLY_NOT_FORMAL_EVIDENCE,False
crossref,maize stover removal yield soil carbon long term,10.1016/s0167-1987(00)00139-2,Long-term corn grain and stover yields as a function of tillage and residue removal in east central Minnesota,2000,Linden,Soil and Tillage Research,journal-article,https://doi.org/10.1016/s0167-1987(00)00139-2,True,10.1016/s0167-1987(00)00139-2,crossref,maize stover removal yield soil carbon long term,TITLE_SCREEN_ONLY_NOT_FORMAL_EVIDENCE,False
crossref,maize stover removal yield soil carbon long term,10.22541/au.164727229.95189146/v1,Long-term maize straw substituted for chemical fertilizers promoted rice yield due to the altered soil properties in the red paddy soil,2022,Zhang,,posted-content,https://doi.org/10.22541/au.164727229.95189146/v1,True,10.22541/au.164727229.95189146/v1,crossref,maize stover removal yield soil carbon long term,TITLE_SCREEN_ONLY_NOT_FORMAL_EVIDENCE,False
crossref,maize stover removal yield soil carbon long term,10.15376/biores.12.3.6024-6039,Maize Stover Biochar Accelerated Urea Hydrolysis and Short-term Nitrogen Turnover in Soil,2017,Liu,BioResources,journal-article,https://doi.org/10.15376/biores.12.3.6024-6039,True,10.15376/biores.12.3.6024-6039,crossref,maize stover removal yield soil carbon long term,TITLE_SCREEN_ONLY_NOT_FORMAL_EVIDENCE,False
crossref,maize stover removal yield soil carbon long term,10.1016/j.geoderma.2023.116453,Soil microbial necromass regulation of long-term fertilizer N retention influenced by maize stover mulching,2023,Zhou,Geoderma,journal-article,https://doi.org/10.1016/j.geoderma.2023.116453,True,10.1016/j.geoderma.2023.116453,crossref,maize stover removal yield soil carbon long term,TITLE_SCREEN_ONLY_NOT_FORMAL_EVIDENCE,False
crossref,maize stover removal yield soil carbon long term,10.1016/j.still.2024.106360,Drivers of soil quality and maize yield under long-term tillage and straw incorporation in Mollisols,2025,Liu,Soil and Tillage Research,journal-article,https://doi.org/10.1016/j.still.2024.106360,True,10.1016/j.still.2024.106360,crossref,maize stover removal yield soil carbon long term,TITLE_SCREEN_ONLY_NOT_FORMAL_EVIDENCE,False
crossref,maize stover removal yield soil carbon long term,10.1007/s11104-025-07537-w,Incorporation of straw from maize and early rice differentiated sequestration and stability of soil organic carbon–A long-term field incubation of 13C-labelled straw under maize -rice and double rice cropping,2025,Zhan,Plant and Soil,journal-article,https://doi.org/10.1007/s11104-025-07537-w,True,10.1007/s11104-025-07537-w,crossref,maize stover removal yield soil carbon long term,TITLE_SCREEN_ONLY_NOT_FORMAL_EVIDENCE,False
crossref,maize stover removal yield soil carbon long term,10.2139/ssrn.4223278,Regulation of Microbial Necromass on Long-Term Fertilizer N Retention in Soil Influenced by Maize Stover Mulching,2022,Zhou,SSRN Electronic Journal,journal-article,https://doi.org/10.2139/ssrn.4223278,True,10.2139/ssrn.4223278,crossref,maize stover removal yield soil carbon long term,TITLE_SCREEN_ONLY_NOT_FORMAL_EVIDENCE,False
crossref,residue incorporation nitrous oxide meta-analysis,10.1007/bf02916366,"Carbon dioxide, methane, and nitrous oxide emissions from a rice-wheat rotation as affected by crop residue incorporation and temperature",2004,Jianwen,Advances in Atmospheric Sciences,journal-article,https://doi.org/10.1007/bf02916366,True,10.1007/bf02916366,crossref,residue incorporation nitrous oxide meta-analysis,TITLE_SCREEN_ONLY_NOT_FORMAL_EVIDENCE,False
crossref,residue incorporation nitrous oxide meta-analysis,10.4141/cjss2012-043,Crop residue incorporation alters soil nitrous oxide emissions during freeze–thaw cycles,2013,Pelster,Canadian Journal of Soil Science,journal-article,https://doi.org/10.4141/cjss2012-043,True,10.4141/cjss2012-043,crossref,residue incorporation nitrous oxide meta-analysis,TITLE_SCREEN_ONLY_NOT_FORMAL_EVIDENCE,False
crossref,residue incorporation nitrous oxide meta-analysis,10.1016/j.atmosenv.2013.02.009,Effects of crop residue returning on nitrous oxide emissions in agricultural soils,2013,Shan,Atmospheric Environment,journal-article,https://doi.org/10.1016/j.atmosenv.2013.02.009,True,10.1016/j.atmosenv.2013.02.009,crossref,residue incorporation nitrous oxide meta-analysis,TITLE_SCREEN_ONLY_NOT_FORMAL_EVIDENCE,False
crossref,residue incorporation nitrous oxide meta-analysis,10.5194/egusphere-egu2020-11148,"Effects of crop residue on carbon dioxide, methane and nitrous oxide emissions on cultivated peat soils",2020,Musarika,,posted-content,https://doi.org/10.5194/egusphere-egu2020-11148,True,10.5194/egusphere-egu2020-11148,crossref,residue incorporation nitrous oxide meta-analysis,TITLE_SCREEN_ONLY_NOT_FORMAL_EVIDENCE,False
crossref,residue incorporation nitrous oxide meta-analysis,10.1016/j.geoderma.2018.11.012,Interactive effects of soil texture and salinity on nitrous oxide emissions following crop residue amendment,2019,Yu,Geoderma,journal-article,https://doi.org/10.1016/j.geoderma.2018.11.012,True,10.1016/j.geoderma.2018.11.012,crossref,residue incorporation nitrous oxide meta-analysis,TITLE_SCREEN_ONLY_NOT_FORMAL_EVIDENCE,False
crossref,residue incorporation nitrous oxide meta-analysis,10.3390/nitrogen2010007,Effect of Broccoli Residue and Wheat Straw Addition on Nitrous Oxide Emissions in Silt Loam Soil,2021,Budhathoki,Nitrogen,journal-article,https://doi.org/10.3390/nitrogen2010007,True,10.3390/nitrogen2010007,crossref,residue incorporation nitrous oxide meta-analysis,TITLE_SCREEN_ONLY_NOT_FORMAL_EVIDENCE,False
crossref,residue incorporation nitrous oxide meta-analysis,10.1038/s41598-024-58942-7,Cover crop residue decomposition triggered soil oxygen depletion and promoted nitrous oxide emissions,2024,Lussich,Scientific Reports,journal-article,https://doi.org/10.1038/s41598-024-58942-7,True,10.1038/s41598-024-58942-7,crossref,residue incorporation nitrous oxide meta-analysis,TITLE_SCREEN_ONLY_NOT_FORMAL_EVIDENCE,False
crossref,residue incorporation nitrous oxide meta-analysis,10.1038/s41598-026-54279-5,Temporal dynamics of ammonia and nitrous oxide emissions following green crop residue recycling in soils,2026,Chandra,Scientific Reports,journal-article,https://doi.org/10.1038/s41598-026-54279-5,True,10.1038/s41598-026-54279-5,crossref,residue incorporation nitrous oxide meta-analysis,TITLE_SCREEN_ONLY_NOT_FORMAL_EVIDENCE,False
crossref,residue incorporation nitrous oxide meta-analysis,10.1016/j.envpol.2020.115292,Nitrous oxide emissions in response to straw incorporation is regulated by historical fertilization,2020,Wu,Environmental Pollution,journal-article,https://doi.org/10.1016/j.envpol.2020.115292,True,10.1016/j.envpol.2020.115292,crossref,residue incorporation nitrous oxide meta-analysis,TITLE_SCREEN_ONLY_NOT_FORMAL_EVIDENCE,False
crossref,residue incorporation nitrous oxide meta-analysis,10.1016/j.agee.2013.10.009,Biochar's role in mitigating soil nitrous oxide emissions: A review and meta-analysis,2014,Cayuela,"Agriculture, Ecosystems &amp; Environment",journal-article,https://doi.org/10.1016/j.agee.2013.10.009,True,10.1016/j.agee.2013.10.009,crossref,residue incorporation nitrous oxide meta-analysis,TITLE_SCREEN_ONLY_NOT_FORMAL_EVIDENCE,False
crossref,residue incorporation nitrous oxide meta-analysis,10.1002/ghg.1339,"Methane and nitrous oxide emissions from Indian rice paddies, agricultural soils and crop residue burning",2013,Bhatia,Greenhouse Gases: Science and Technology,journal-article,https://doi.org/10.1002/ghg.1339,True,10.1002/ghg.1339,crossref,residue incorporation nitrous oxide meta-analysis,TITLE_SCREEN_ONLY_NOT_FORMAL_EVIDENCE,False
crossref,biochar field maize wheat soil carbon Africa Europe America,10.5194/egusphere-egu23-2157,Long-term field experiment for exploring effects of Biochar on soil processes in winter wheat-summer maize cropping system in Northern China,2023,Li,,posted-content,https://doi.org/10.5194/egusphere-egu23-2157,True,10.5194/egusphere-egu23-2157,crossref,biochar field maize wheat soil carbon Africa Europe America,TITLE_SCREEN_ONLY_NOT_FORMAL_EVIDENCE,False
crossref,biochar field maize wheat soil carbon Africa Europe America,10.1007/s42773-024-00307-4,Biochar application regulating soil inorganic nitrogen and organic carbon content in cropland in the Central Europe: a seven-year field study,2024,Hematimatin,Biochar,journal-article,https://doi.org/10.1007/s42773-024-00307-4,True,10.1007/s42773-024-00307-4,crossref,biochar field maize wheat soil carbon Africa Europe America,TITLE_SCREEN_ONLY_NOT_FORMAL_EVIDENCE,False
crossref,biochar field maize wheat soil carbon Africa Europe America,10.1016/j.fcr.2017.08.018,"Biochar improves phosphorus use efficiency of organic-inorganic fertilizers, maize-wheat productivity and soil quality in a low fertility alkaline soil",2017,Arif,Field Crops Research,journal-article,https://doi.org/10.1016/j.fcr.2017.08.018,True,10.1016/j.fcr.2017.08.018,crossref,biochar field maize wheat soil carbon Africa Europe America,TITLE_SCREEN_ONLY_NOT_FORMAL_EVIDENCE,False
crossref,biochar field maize wheat soil carbon Africa Europe America,10.1002/saj2.20798,Erratum to: Effects of maize residue and biochar applications on soil δ13C and organic carbon sources in a subtropical paddy rice ecosystem,2024,,Soil Science Society of America Journal,journal-article,https://doi.org/10.1002/saj2.20798,True,10.1002/saj2.20798,crossref,biochar field maize wheat soil carbon Africa Europe America,TITLE_SCREEN_ONLY_NOT_FORMAL_EVIDENCE,False
crossref,biochar field maize wheat soil carbon Africa Europe America,10.1016/j.agee.2017.08.026,Biochar application constrained native soil organic carbon accumulation from wheat residue inputs in a long-term wheat-maize cropping system,2018,Dong,"Agriculture, Ecosystems &amp; Environment",journal-article,https://doi.org/10.1016/j.agee.2017.08.026,True,10.1016/j.agee.2017.08.026,crossref,biochar field maize wheat soil carbon Africa Europe America,TITLE_SCREEN_ONLY_NOT_FORMAL_EVIDENCE,False
crossref,biochar field maize wheat soil carbon Africa Europe America,10.1186/s12870-026-09428-3,"Field evaluation of bone biochar for improving maize yield, soil health, and carbon efficiency in arid soils",2026,HAMED,BMC Plant Biology,journal-article,https://doi.org/10.1186/s12870-026-09428-3,True,10.1186/s12870-026-09428-3,crossref,biochar field maize wheat soil carbon Africa Europe America,TITLE_SCREEN_ONLY_NOT_FORMAL_EVIDENCE,False
crossref,biochar field maize wheat soil carbon Africa Europe America,10.3389/fenvs.2022.980893,Wheat straw- and maize straw-derived biochar effects on the soil cadmium fractions and bioaccumulation in the wheat–maize rotation system,2022,Dun,Frontiers in Environmental Science,journal-article,https://doi.org/10.3389/fenvs.2022.980893,True,10.3389/fenvs.2022.980893,crossref,biochar field maize wheat soil carbon Africa Europe America,TITLE_SCREEN_ONLY_NOT_FORMAL_EVIDENCE,False
crossref,biochar field maize wheat soil carbon Africa Europe America,10.1016/j.fcr.2022.108574,"Plastic film mulch combined with adding biochar improved soil carbon budget, carbon footprint, and maize yield in a rainfed region",2022,Liu,Field Crops Research,journal-article,https://doi.org/10.1016/j.fcr.2022.108574,True,10.1016/j.fcr.2022.108574,crossref,biochar field maize wheat soil carbon Africa Europe America,TITLE_SCREEN_ONLY_NOT_FORMAL_EVIDENCE,False
crossref,biochar field maize wheat soil carbon Africa Europe America,10.5194/egusphere-egu2020-18735,Assessing the potential of urban soil for carbon sequestration by adding wheat straw pellets or wheat straw biochar,2020,Wang,,posted-content,https://doi.org/10.5194/egusphere-egu2020-18735,True,10.5194/egusphere-egu2020-18735,crossref,biochar field maize wheat soil carbon Africa Europe America,TITLE_SCREEN_ONLY_NOT_FORMAL_EVIDENCE,False
crossref,biochar field maize wheat soil carbon Africa Europe America,10.2139/ssrn.5143085,Effects of Biochar and Irrigation Volume on the Distributions of Carbon and Nitrogen in Wheat Field Soil in Irrigation Areas: A Two-Year Field Test,2025,Yang,,posted-content,https://doi.org/10.2139/ssrn.5143085,True,10.2139/ssrn.5143085,crossref,biochar field maize wheat soil carbon Africa Europe America,TITLE_SCREEN_ONLY_NOT_FORMAL_EVIDENCE,False
crossref,biochar field maize wheat soil carbon Africa Europe America,10.1016/j.still.2024.106284,Impact of straw-biochar amendments on microbial activity and soil carbon dynamics in wheat-maize system,2024,Bai,Soil and Tillage Research,journal-article,https://doi.org/10.1016/j.still.2024.106284,True,10.1016/j.still.2024.106284,crossref,biochar field maize wheat soil carbon Africa Europe America,TITLE_SCREEN_ONLY_NOT_FORMAL_EVIDENCE,False
crossref,biochar field maize wheat soil carbon Africa Europe America,10.1007/s42773-023-00226-w,Biochar application significantly increases soil organic carbon under conservation tillage: an 11-year field experiment,2023,Ding,Biochar,journal-article,https://doi.org/10.1007/s42773-023-00226-w,True,10.1007/s42773-023-00226-w,crossref,biochar field maize wheat soil carbon Africa Europe America,TITLE_SCREEN_ONLY_NOT_FORMAL_EVIDENCE,False
crossref,biochar field maize wheat soil carbon Africa Europe America,10.1016/j.nexres.2025.100229,"Biochar from maize cob waste: A path to carbon sequestration, enhancing soil health, maize productivity, and climate resilience in Tanzania",2025,Nassary,Next Research,journal-article,https://doi.org/10.1016/j.nexres.2025.100229,True,10.1016/j.nexres.2025.100229,crossref,biochar field maize wheat soil carbon Africa Europe America,TITLE_SCREEN_ONLY_NOT_FORMAL_EVIDENCE,False
crossref,biochar field maize wheat soil carbon Africa Europe America,10.1038/s41598-026-57555-6,Effects of biochar and irrigation regime on soil carbon and nitrogen distribution in wheat fields: a two-year field study,2026,Li,Scientific Reports,journal-article,https://doi.org/10.1038/s41598-026-57555-6,True,10.1038/s41598-026-57555-6,crossref,biochar field maize wheat soil carbon Africa Europe America,TITLE_SCREEN_ONLY_NOT_FORMAL_EVIDENCE,False
crossref,biochar field maize wheat soil carbon Africa Europe America,10.1007/s42773-024-00391-6,Impact of biochar amendment on soil microbial biomass carbon enhancement under field experiments: a meta-analysis,2025,Kumar,Biochar,journal-article,https://doi.org/10.1007/s42773-024-00391-6,True,10.1007/s42773-024-00391-6,crossref,biochar field maize wheat soil carbon Africa Europe America,TITLE_SCREEN_ONLY_NOT_FORMAL_EVIDENCE,False
crossref,biochar field maize wheat soil carbon Africa Europe America,10.1007/s42729-025-02589-4,Impacts of Biochar and Controlled-Release Urea Co-Application on Soil Bacteria Community and Maize-Wheat Yield in a 3-Year Field Trial,2025,Xiang,Journal of Soil Science and Plant Nutrition,journal-article,https://doi.org/10.1007/s42729-025-02589-4,True,10.1007/s42729-025-02589-4,crossref,biochar field maize wheat soil carbon Africa Europe America,TITLE_SCREEN_ONLY_NOT_FORMAL_EVIDENCE,False
crossref,biochar field maize wheat soil carbon Africa Europe America,10.62324/journal.sr/2026.059,BIOCHAR APPLICATION IMPACT ON SOIL ORGANIC CARBON AND NUTRIENT AVAILABILITY IN WHEAT UNDER GREENHOUSE CONDITIONS,2026,,Scientific Records,journal-article,https://doi.org/10.62324/journal.sr/2026.059,True,10.62324/journal.sr/2026.059,crossref,biochar field maize wheat soil carbon Africa Europe America,TITLE_SCREEN_ONLY_NOT_FORMAL_EVIDENCE,False
crossref,biochar field maize wheat soil carbon Africa Europe America,10.1139/cjss-2019-0092,"Wheat straw and biochar effect on soil carbon fractions, enzyme activities, and nutrients in a tobacco field",2021,Wang,Canadian Journal of Soil Science,journal-article,https://doi.org/10.1139/cjss-2019-0092,True,10.1139/cjss-2019-0092,crossref,biochar field maize wheat soil carbon Africa Europe America,TITLE_SCREEN_ONLY_NOT_FORMAL_EVIDENCE,False
crossref,biochar field maize wheat soil carbon Africa Europe America,10.21608/jenvbs.2020.29442.1095,"Effect of biochar, vermicompost and polymer on wheat and maize productivity in sandy soils under drought stress",2020,Aboelsoud,"Environment, Biodiversity and Soil Security",journal-article,https://doi.org/10.21608/jenvbs.2020.29442.1095,True,10.21608/jenvbs.2020.29442.1095,crossref,biochar field maize wheat soil carbon Africa Europe America,TITLE_SCREEN_ONLY_NOT_FORMAL_EVIDENCE,False
crossref,biochar field maize wheat soil carbon Africa Europe America,10.17582/journal.sja/2018/34.2.368.377,Impact of Biochar and Nitrogen Application on Soil Physicochemical Attributes at Various Growth Stages of Maize and Subsequent Wheat Crop,2018,Habibullah,Sarhad Journal of Agriculture,journal-article,https://doi.org/10.17582/journal.sja/2018/34.2.368.377,True,10.17582/journal.sja/2018/34.2.368.377,crossref,biochar field maize wheat soil carbon Africa Europe America,TITLE_SCREEN_ONLY_NOT_FORMAL_EVIDENCE,False
crossref,biochar field maize wheat soil carbon Africa Europe America,10.3390/agronomy13041111,Biochar Amends Saline Soil and Enhances Maize Growth: Three-Year Field Experiment Findings,2023,Yue,Agronomy,journal-article,https://doi.org/10.3390/agronomy13041111,True,10.3390/agronomy13041111,crossref,biochar field maize wheat soil carbon Africa Europe America,TITLE_SCREEN_ONLY_NOT_FORMAL_EVIDENCE,False
crossref,biochar field maize wheat soil carbon Africa Europe America,10.3390/su17020642,Enhancing Clay Soil Productivity with Fresh and Aged Biochar: A Two-Year Field Study on Soil Quality and Wheat Yield,2025,Demirkaya,Sustainability,journal-article,https://doi.org/10.3390/su17020642,True,10.3390/su17020642,crossref,biochar field maize wheat soil carbon Africa Europe America,TITLE_SCREEN_ONLY_NOT_FORMAL_EVIDENCE,False
crossref,biochar field maize wheat soil carbon Africa Europe America,10.2136/sssaj2014.01.0025,Impacts of Biochar and Other Amendments on Soil-Carbon and Nitrogen Stability: A Laboratory Column Study,2014,Mukherjee,Soil Science Society of America Journal,journal-article,https://doi.org/10.2136/sssaj2014.01.0025,True,10.2136/sssaj2014.01.0025,crossref,biochar field maize wheat soil carbon Africa Europe America,TITLE_SCREEN_ONLY_NOT_FORMAL_EVIDENCE,False
crossref,biochar field maize wheat soil carbon Africa Europe America,10.5772/intechopen.82090,Increasing the Amount of Biomass in Field Crops for Carbon Sequestration and Plant Biomass Enhancement Using Biochar,2019,Wijitkosum,Biochar - An Imperative Amendment for Soil and the Environment,book-chapter,https://doi.org/10.5772/intechopen.82090,True,10.5772/intechopen.82090,crossref,biochar field maize wheat soil carbon Africa Europe America,TITLE_SCREEN_ONLY_NOT_FORMAL_EVIDENCE,False
crossref,biochar field maize wheat soil carbon Africa Europe America,10.1016/j.jenvman.2024.122140,Effects of co-application of biochar and nitrogen fertilizer on soil profile carbon and nitrogen stocks and their fractions in wheat field,2024,Jia,Journal of Environmental Management,journal-article,https://doi.org/10.1016/j.jenvman.2024.122140,True,10.1016/j.jenvman.2024.122140,crossref,biochar field maize wheat soil carbon Africa Europe America,TITLE_SCREEN_ONLY_NOT_FORMAL_EVIDENCE,False
crossref,biochar field maize wheat soil carbon Africa Europe America,10.1016/j.carbon.2015.12.018,Biochar for carbon storage in the soil and for soil improvement,2016,Yoshizawa,Carbon,journal-article,https://doi.org/10.1016/j.carbon.2015.12.018,True,10.1016/j.carbon.2015.12.018,crossref,biochar field maize wheat soil carbon Africa Europe America,TITLE_SCREEN_ONLY_NOT_FORMAL_EVIDENCE,False
crossref,biochar field maize wheat soil carbon Africa Europe America,10.1016/j.chemosphere.2017.08.074,Impacts of biochar addition on soil dissolved organic matter characteristics in a wheat-maize rotation system in Loess Plateau of China,2017,Zhang,Chemosphere,journal-article,https://doi.org/10.1016/j.chemosphere.2017.08.074,True,10.1016/j.chemosphere.2017.08.074,crossref,biochar field maize wheat soil carbon Africa Europe America,TITLE_SCREEN_ONLY_NOT_FORMAL_EVIDENCE,False
crossref,biochar field maize wheat soil carbon Africa Europe America,10.1007/s42773-024-00411-5,Unravelling the role of biochar-microbe-soil tripartite interaction in regulating soil carbon and nitrogen budget: a panacea to soil sustainability,2025,Parasar,Biochar,journal-article,https://doi.org/10.1007/s42773-024-00411-5,True,10.1007/s42773-024-00411-5,crossref,biochar field maize wheat soil carbon Africa Europe America,TITLE_SCREEN_ONLY_NOT_FORMAL_EVIDENCE,False
crossref,biochar field maize wheat soil carbon Africa Europe America,10.1016/j.still.2019.02.014,Effects of maize straw and its biochar application on organic and humic carbon in water-stable aggregates of a Mollisol in Northeast China: A five-year field experiment,2019,Zhang,Soil and Tillage Research,journal-article,https://doi.org/10.1016/j.still.2019.02.014,True,10.1016/j.still.2019.02.014,crossref,biochar field maize wheat soil carbon Africa Europe America,TITLE_SCREEN_ONLY_NOT_FORMAL_EVIDENCE,False
crossref,biochar field maize wheat soil carbon Africa Europe America,10.2136/sssaj2011.0101,Nitrogen and Carbon Leaching in Repacked Sandy Soil with Added Fine Particulate Biochar,2012,Bruun,Soil Science Society of America Journal,journal-article,https://doi.org/10.2136/sssaj2011.0101,True,10.2136/sssaj2011.0101,crossref,biochar field maize wheat soil carbon Africa Europe America,TITLE_SCREEN_ONLY_NOT_FORMAL_EVIDENCE,False
crossref,biochar field maize wheat soil carbon Africa Europe America,10.1007/s11368-016-1402-9,The effects of biochar and hoggery biogas slurry on fluvo-aquic soil physical and hydraulic properties: a field study of four consecutive wheat–maize rotations,2016,Du,Journal of Soils and Sediments,journal-article,https://doi.org/10.1007/s11368-016-1402-9,True,10.1007/s11368-016-1402-9,crossref,biochar field maize wheat soil carbon Africa Europe America,TITLE_SCREEN_ONLY_NOT_FORMAL_EVIDENCE,False
crossref,biochar field maize wheat soil carbon Africa Europe America,10.1111/sum.70142,Invasive Aquatic Plant Biochar Increases Soil Organic Carbon Stocks and Maize Productivity in Tropical Climate,2025,Agbeshie,Soil Use and Management,journal-article,https://doi.org/10.1111/sum.70142,True,10.1111/sum.70142,crossref,biochar field maize wheat soil carbon Africa Europe America,TITLE_SCREEN_ONLY_NOT_FORMAL_EVIDENCE,False
crossref,biochar field maize wheat soil carbon Africa Europe America,10.1016/j.soilbio.2024.109500,Quantifying the negative effects of dissolved organic carbon of maize straw-derived biochar on its carbon sequestration potential in a paddy soil,2024,Han,Soil Biology and Biochemistry,journal-article,https://doi.org/10.1016/j.soilbio.2024.109500,True,10.1016/j.soilbio.2024.109500,crossref,biochar field maize wheat soil carbon Africa Europe America,TITLE_SCREEN_ONLY_NOT_FORMAL_EVIDENCE,False
crossref,biochar field maize wheat soil carbon Africa Europe America,10.1016/j.soilbio.2024.109611,Response of wheat to arbuscular mycorrhizal fungi inoculation and biochar application: Implications for soil carbon sequestration,2024,Mason,Soil Biology and Biochemistry,journal-article,https://doi.org/10.1016/j.soilbio.2024.109611,True,10.1016/j.soilbio.2024.109611,crossref,biochar field maize wheat soil carbon Africa Europe America,TITLE_SCREEN_ONLY_NOT_FORMAL_EVIDENCE,False
crossref,biochar field maize wheat soil carbon Africa Europe America,10.1007/s44246-026-00284-2,Divergent carbon sequestration pathways: biochar and maize stover mediate DOC properties and soil carbon accumulation,2026,Sun,Carbon Research,journal-article,https://doi.org/10.1007/s44246-026-00284-2,True,10.1007/s44246-026-00284-2,crossref,biochar field maize wheat soil carbon Africa Europe America,TITLE_SCREEN_ONLY_NOT_FORMAL_EVIDENCE,False
crossref,biochar field maize wheat soil carbon Africa Europe America,10.1007/s42773-025-00494-8,"Sustainable woody biochar application for improving net ecosystem carbon budget, yield and soil properties in red pepper cropping systems: a two-year field study",2025,Yoon,Biochar,journal-article,https://doi.org/10.1007/s42773-025-00494-8,True,10.1007/s42773-025-00494-8,crossref,biochar field maize wheat soil carbon Africa Europe America,TITLE_SCREEN_ONLY_NOT_FORMAL_EVIDENCE,False
crossref,biochar field maize wheat soil carbon Africa Europe America,10.1201/b18920-20,Biochar Effects on Soil Organic Carbon Storage,2015,,Biochar,book-chapter,https://doi.org/10.1201/b18920-20,True,10.1201/b18920-20,crossref,biochar field maize wheat soil carbon Africa Europe America,TITLE_SCREEN_ONLY_NOT_FORMAL_EVIDENCE,False
crossref,biochar field maize wheat soil carbon Africa Europe America,10.1111/sum.12474,Biochar has little effect on soil dissolved organic carbon pool 5 years after biochar application under field condition,2019,Dong,Soil Use and Management,journal-article,https://doi.org/10.1111/sum.12474,True,10.1111/sum.12474,crossref,biochar field maize wheat soil carbon Africa Europe America,TITLE_SCREEN_ONLY_NOT_FORMAL_EVIDENCE,False
crossref,biochar field maize wheat soil carbon Africa Europe America,10.1007/s42773-019-00016-3,Short-term effects of maize residue biochar on kinetic and thermodynamic parameters of soil β-glucosidase,2019,Raiesi,Biochar,journal-article,https://doi.org/10.1007/s42773-019-00016-3,True,10.1007/s42773-019-00016-3,crossref,biochar field maize wheat soil carbon Africa Europe America,TITLE_SCREEN_ONLY_NOT_FORMAL_EVIDENCE,False
crossref,biochar field maize wheat soil carbon Africa Europe America,10.1111/ejss.12863,"Effects of maize straw‐derived biochar application on soil temperature, water conditions and growth of winter wheat",2019,Yan,European Journal of Soil Science,journal-article,https://doi.org/10.1111/ejss.12863,True,10.1111/ejss.12863,crossref,biochar field maize wheat soil carbon Africa Europe America,TITLE_SCREEN_ONLY_NOT_FORMAL_EVIDENCE,False
crossref,biochar field maize wheat soil carbon Africa Europe America,10.5194/egusphere-egu25-6864,Cost-Effective Maize Stover Biochar Production for Enhanced Soil Carbon Sequestration,2025,Hafiza,,posted-content,https://doi.org/10.5194/egusphere-egu25-6864,True,10.5194/egusphere-egu25-6864,crossref,biochar field maize wheat soil carbon Africa Europe America,TITLE_SCREEN_ONLY_NOT_FORMAL_EVIDENCE,False
crossref,biochar field maize wheat soil carbon Africa Europe America,10.1081/e-ess3-120053524,Biochar: Soil Carbon and Fertility,2017,,"Encyclopedia of Soil Science, Third Edition",book-chapter,https://doi.org/10.1081/e-ess3-120053524,True,10.1081/e-ess3-120053524,crossref,biochar field maize wheat soil carbon Africa Europe America,TITLE_SCREEN_ONLY_NOT_FORMAL_EVIDENCE,False
crossref,biochar field maize wheat soil carbon Africa Europe America,10.1016/j.still.2018.09.013,Biochar increased field soil inorganic carbon content five years after application,2019,Dong,Soil and Tillage Research,journal-article,https://doi.org/10.1016/j.still.2018.09.013,True,10.1016/j.still.2018.09.013,crossref,biochar field maize wheat soil carbon Africa Europe America,TITLE_SCREEN_ONLY_NOT_FORMAL_EVIDENCE,False
crossref,biochar field maize wheat soil carbon Africa Europe America,10.1016/j.still.2023.105827,Biochar application promotes crops yield through regulating root development and the community structure of root endophytic fungi in wheat-maize rotation,2023,Han,Soil and Tillage Research,journal-article,https://doi.org/10.1016/j.still.2023.105827,True,10.1016/j.still.2023.105827,crossref,biochar field maize wheat soil carbon Africa Europe America,TITLE_SCREEN_ONLY_NOT_FORMAL_EVIDENCE,False
crossref,biochar field maize wheat soil carbon Africa Europe America,10.1007/s11368-020-02866-y,Biochar and leguminous cover crops as an alternative to summer fallowing for soil organic carbon and nutrient management in the wheat-maize-wheat cropping system under semiarid climate,2021,Arif,Journal of Soils and Sediments,journal-article,https://doi.org/10.1007/s11368-020-02866-y,True,10.1007/s11368-020-02866-y,crossref,biochar field maize wheat soil carbon Africa Europe America,TITLE_SCREEN_ONLY_NOT_FORMAL_EVIDENCE,False
crossref,biochar field maize wheat soil carbon Africa Europe America,10.2136/sssaj2010.0270,Impact of Biochar on Manure Carbon Stabilization and Greenhouse Gas Emissions,2011,Rogovska,Soil Science Society of America Journal,journal-article,https://doi.org/10.2136/sssaj2010.0270,True,10.2136/sssaj2010.0270,crossref,biochar field maize wheat soil carbon Africa Europe America,TITLE_SCREEN_ONLY_NOT_FORMAL_EVIDENCE,False
crossref,biochar field maize wheat soil carbon Africa Europe America,10.3390/microorganisms14071487,Rate-Dependent Effects of Biochar on Soil Fertility and Bacterial–Fungal Communities in Maize Fields of the Black Soil Region: A Three-Year Field Study,2026,Cheng,Microorganisms,journal-article,https://doi.org/10.3390/microorganisms14071487,True,10.3390/microorganisms14071487,crossref,biochar field maize wheat soil carbon Africa Europe America,TITLE_SCREEN_ONLY_NOT_FORMAL_EVIDENCE,False
crossref,biochar field maize wheat soil carbon Africa Europe America,10.3390/agronomy10050705,"Carbon Input and Maize Productivity as Influenced by Tillage, Crop Rotation, Residue Management and Biochar in a Semiarid Region in South Africa",2020,Nyambo,Agronomy,journal-article,https://doi.org/10.3390/agronomy10050705,True,10.3390/agronomy10050705,crossref,biochar field maize wheat soil carbon Africa Europe America,TITLE_SCREEN_ONLY_NOT_FORMAL_EVIDENCE,False
crossref,biochar field maize wheat soil carbon Africa Europe America,10.1111/gcbb.70182,Correction to “Soil Carbon Increased by Twice the Amount of Biochar Carbon Applied After 6 Years: Field Evidence of Negative Priming”,2026,,GCB Bioenergy,journal-article,https://doi.org/10.1111/gcbb.70182,True,10.1111/gcbb.70182,crossref,biochar field maize wheat soil carbon Africa Europe America,TITLE_SCREEN_ONLY_NOT_FORMAL_EVIDENCE,False
crossref,biochar field maize wheat soil carbon Africa Europe America,10.3390/agriculture15030300,"Large Losses of Pyrogenic Carbon (Biochar) and Native Soil Carbon During a 15-Month Field Study in North Florida, USA",2025,Lyu,Agriculture,journal-article,https://doi.org/10.3390/agriculture15030300,True,10.3390/agriculture15030300,crossref,biochar field maize wheat soil carbon Africa Europe America,TITLE_SCREEN_ONLY_NOT_FORMAL_EVIDENCE,False
crossref,biochar field maize wheat soil carbon Africa Europe America,10.1016/j.fcr.2024.109561,The long-term nitrogen fertilizer management strategy based on straw return can improve the productivity of wheat-maize rotation system and reduce carbon emissions by increasing soil carbon and nitrogen sequestration,2024,Guo,Field Crops Research,journal-article,https://doi.org/10.1016/j.fcr.2024.109561,True,10.1016/j.fcr.2024.109561,crossref,biochar field maize wheat soil carbon Africa Europe America,TITLE_SCREEN_ONLY_NOT_FORMAL_EVIDENCE,False
crossref,biochar field maize wheat soil carbon Africa Europe America,10.1016/j.soilbio.2023.109278,Earthworms facilitate stabilization of both more-available maize biomass and more-recalcitrant maize biochar on mineral particles in an agricultural soil,2024,Kellerová,Soil Biology and Biochemistry,journal-article,https://doi.org/10.1016/j.soilbio.2023.109278,True,10.1016/j.soilbio.2023.109278,crossref,biochar field maize wheat soil carbon Africa Europe America,TITLE_SCREEN_ONLY_NOT_FORMAL_EVIDENCE,False
crossref,biochar field maize wheat soil carbon Africa Europe America,10.17582/journal.sja/2019/35.3.834.846,Biochar Improves Viability of Arbuscular Mycorrhizal Fungi (Amf) in Soil and Roots of Wheat (Triticum aestivum) and Maize (Zea mays L.) under Various Cropping Systems,2019,Malik,Sarhad Journal of Agriculture,journal-article,https://doi.org/10.17582/journal.sja/2019/35.3.834.846,True,10.17582/journal.sja/2019/35.3.834.846,crossref,biochar field maize wheat soil carbon Africa Europe America,TITLE_SCREEN_ONLY_NOT_FORMAL_EVIDENCE,False
crossref,straw management global dataset yield climate,10.1016/j.agwat.2026.110485,Sustainable agronomic practices on crop straw improve grain yield and soil quality in saline-alkali soil: A meta‑analysis of global literature with a China‑dominant dataset,2026,Li,Agricultural Water Management,journal-article,https://doi.org/10.1016/j.agwat.2026.110485,True,10.1016/j.agwat.2026.110485,crossref,straw management global dataset yield climate,TITLE_SCREEN_ONLY_NOT_FORMAL_EVIDENCE,False
crossref,straw management global dataset yield climate,10.30955/gnj.06650,Assessment of Nutrient Uptake and Biomass Yield of Green Manure Crops under Straw Treatments in Sustainable Environment,2025,,Global NEST Journal,journal-article,https://doi.org/10.30955/gnj.06650,True,10.30955/gnj.06650,crossref,straw management global dataset yield climate,TITLE_SCREEN_ONLY_NOT_FORMAL_EVIDENCE,False
crossref,straw management global dataset yield climate,10.3390/agriculture14030414,"Optimal Soil, Climate, and Management Factors for Maximizing Crop Yield and Soil Nutrients in a Rice–Oilseed Rotation System with Straw Return",2024,Song,Agriculture,journal-article,https://doi.org/10.3390/agriculture14030414,True,10.3390/agriculture14030414,crossref,straw management global dataset yield climate,TITLE_SCREEN_ONLY_NOT_FORMAL_EVIDENCE,False
crossref,straw management global dataset yield climate,10.3390/land14020376,Optimizing Tillage and Straw Management for Improved Soil Physical Properties and Yield,2025,Brezinscak,Land,journal-article,https://doi.org/10.3390/land14020376,True,10.3390/land14020376,crossref,straw management global dataset yield climate,TITLE_SCREEN_ONLY_NOT_FORMAL_EVIDENCE,False
crossref,straw management global dataset yield climate,10.5958/2395-146x.2023.00090.x,Paddy straw management practices and their impact on wheat yield,2023,Batra,Agricultural Research Journal,journal-article,https://doi.org/10.5958/2395-146x.2023.00090.x,True,10.5958/2395-146x.2023.00090.x,crossref,straw management global dataset yield climate,TITLE_SCREEN_ONLY_NOT_FORMAL_EVIDENCE,False
crossref,straw management global dataset yield climate,10.32920/ryerson.14662896.v1,Yield stress of concentrated wheat straw suspensions,2021,Bashir,,posted-content,https://doi.org/10.32920/ryerson.14662896.v1,True,10.32920/ryerson.14662896.v1,crossref,straw management global dataset yield climate,TITLE_SCREEN_ONLY_NOT_FORMAL_EVIDENCE,False
crossref,straw management global dataset yield climate,10.32920/ryerson.14662896,Yield stress of concentrated wheat straw suspensions,2021,Bashir,,posted-content,https://doi.org/10.32920/ryerson.14662896,True,10.32920/ryerson.14662896,crossref,straw management global dataset yield climate,TITLE_SCREEN_ONLY_NOT_FORMAL_EVIDENCE,False
crossref,straw management global dataset yield climate,10.1016/j.agwat.2024.109140,Straw incorporation: A more effective coastal saline land reclamation approach to boost sunflower yield than straw mulching or burial,2024,Li,Agricultural Water Management,journal-article,https://doi.org/10.1016/j.agwat.2024.109140,True,10.1016/j.agwat.2024.109140,crossref,straw management global dataset yield climate,TITLE_SCREEN_ONLY_NOT_FORMAL_EVIDENCE,False
crossref,straw management global dataset yield climate,10.32920/ryerson.14646429,Using electrical resistance tomography to measure the yield stress of pretreated wheat straw and wheat straw slurries,2021,Naghavi-Anaraki,,posted-content,https://doi.org/10.32920/ryerson.14646429,True,10.32920/ryerson.14646429,crossref,straw management global dataset yield climate,TITLE_SCREEN_ONLY_NOT_FORMAL_EVIDENCE,False
crossref,straw management global dataset yield climate,10.1016/j.eja.2025.127827,Straw mulching enhances rainfed maize yield under climate change scenarios,2026,Zizinga,European Journal of Agronomy,journal-article,https://doi.org/10.1016/j.eja.2025.127827,True,10.1016/j.eja.2025.127827,crossref,straw management global dataset yield climate,TITLE_SCREEN_ONLY_NOT_FORMAL_EVIDENCE,False
crossref,straw management global dataset yield climate,10.32920/ryerson.14646429.v1,Using electrical resistance tomography to measure the yield stress of pretreated wheat straw and wheat straw slurries,2021,Naghavi-Anaraki,,posted-content,https://doi.org/10.32920/ryerson.14646429.v1,True,10.32920/ryerson.14646429.v1,crossref,straw management global dataset yield climate,TITLE_SCREEN_ONLY_NOT_FORMAL_EVIDENCE,False
crossref,straw management global dataset yield climate,10.1007/s42452-026-09166-z,Spatial assessment of rice straw yield under future climate pathways using interpretable stacked machine learning models,2026,Sahoo,Discover Applied Sciences,journal-article,https://doi.org/10.1007/s42452-026-09166-z,True,10.1007/s42452-026-09166-z,crossref,straw management global dataset yield climate,TITLE_SCREEN_ONLY_NOT_FORMAL_EVIDENCE,False
crossref,straw management global dataset yield climate,10.1016/j.enconman.2019.02.049,Optimization of microwave and NaOH pretreatments of wheat straw for enhancing biofuel yield,2019,Tsegaye,Energy Conversion and Management,journal-article,https://doi.org/10.1016/j.enconman.2019.02.049,True,10.1016/j.enconman.2019.02.049,crossref,straw management global dataset yield climate,TITLE_SCREEN_ONLY_NOT_FORMAL_EVIDENCE,False
crossref,straw management global dataset yield climate,10.9734/ijecc/2022/v12i111358,Effect of Rice Straw Mulching and Irrigation Regimes on Yield and Yield Attributes of  Sunflower (Helianthus annuus L.) in Rice Fallow,2022,Swetha,International Journal of Environment and Climate Change,journal-article,https://doi.org/10.9734/ijecc/2022/v12i111358,True,10.9734/ijecc/2022/v12i111358,crossref,straw management global dataset yield climate,TITLE_SCREEN_ONLY_NOT_FORMAL_EVIDENCE,False
crossref,straw management global dataset yield climate,10.1504/ijgw.2014.061011,Microwave and microwave-alkali effect on barley straw for total sugar yield,2014,Inan,International Journal of Global Warming,journal-article,https://doi.org/10.1504/ijgw.2014.061011,True,10.1504/ijgw.2014.061011,crossref,straw management global dataset yield climate,TITLE_SCREEN_ONLY_NOT_FORMAL_EVIDENCE,False
crossref,straw management global dataset yield climate,10.17660/actahortic.2009.823.14,PRIOR WINTER WHEAT STRAW MANAGEMENT INFLUENCES PROCESSING TOMATO YIELD BUT NOT QUALITY,2009,Van Eerd,Acta Horticulturae,journal-article,https://doi.org/10.17660/actahortic.2009.823.14,True,10.17660/actahortic.2009.823.14,crossref,straw management global dataset yield climate,TITLE_SCREEN_ONLY_NOT_FORMAL_EVIDENCE,False
crossref,straw management global dataset yield climate,10.1097/00010694-199108000-00007,IMPACT OF RICE STRAW MANAGEMENT ON SOIL PHYSICAL PROPERTIES AND WHEAT YIELD,1991,BHAGAT,Soil Science,journal-article,https://doi.org/10.1097/00010694-199108000-00007,True,10.1097/00010694-199108000-00007,crossref,straw management global dataset yield climate,TITLE_SCREEN_ONLY_NOT_FORMAL_EVIDENCE,False
crossref,straw management global dataset yield climate,10.1016/j.agwat.2007.08.004,Effects of irrigation and straw mulch on water use and tuber yield of potato in eastern India,2007,Kar,Agricultural Water Management,journal-article,https://doi.org/10.1016/j.agwat.2007.08.004,True,10.1016/j.agwat.2007.08.004,crossref,straw management global dataset yield climate,TITLE_SCREEN_ONLY_NOT_FORMAL_EVIDENCE,False
crossref,straw management global dataset yield climate,10.36783/18069657rbcs20220134,Straw management effects on global warming potential and yield-scaled greenhouse gas emissions in a subtropical rice ecosystem,2023,Souza,Revista Brasileira de Ciência do Solo,journal-article,https://doi.org/10.36783/18069657rbcs20220134,True,10.36783/18069657rbcs20220134,crossref,straw management global dataset yield climate,TITLE_SCREEN_ONLY_NOT_FORMAL_EVIDENCE,False
crossref,straw management global dataset yield climate,10.21203/rs.3.rs-1435769/v1,Fall Straw Incorporation with Plastic Film Cover Increases Corn Yield and Water Use Efficiency Under a Semi-Arid Climate,2022,Zhang,,posted-content,https://doi.org/10.21203/rs.3.rs-1435769/v1,True,10.21203/rs.3.rs-1435769/v1,crossref,straw management global dataset yield climate,TITLE_SCREEN_ONLY_NOT_FORMAL_EVIDENCE,False
crossref,straw management global dataset yield climate,10.3390/agriculture16030380,Assessing the Sustainability of Crop Yield and Soil Quality in a Rice (Oryza sativa L.)–Wheat (Triticum aestivum L.) System Under Climate Change: An 18-Year Fertilization and Straw Management Study,2026,Zhu,Agriculture,journal-article,https://doi.org/10.3390/agriculture16030380,True,10.3390/agriculture16030380,crossref,straw management global dataset yield climate,TITLE_SCREEN_ONLY_NOT_FORMAL_EVIDENCE,False
crossref,straw management global dataset yield climate,10.24425/jppr.2022.143226,"Cephalosporium stripe disease, crop yield and selected soil properties as influenced by straw management in a micro-plot experiment with winter wheat monoculture",2023,,Journal of Plant Protection Research,journal-article,https://doi.org/10.24425/jppr.2022.143226,True,10.24425/jppr.2022.143226,crossref,straw management global dataset yield climate,TITLE_SCREEN_ONLY_NOT_FORMAL_EVIDENCE,False
crossref,straw management global dataset yield climate,10.9734/ijecc/2023/v13i102950,Sterilization and Substrate Level Optimization for Improving Yield and Biological Efficiency of Paddy Straw Mushroom,2023,Gopinath V.,International Journal of Environment and Climate Change,journal-article,https://doi.org/10.9734/ijecc/2023/v13i102950,True,10.9734/ijecc/2023/v13i102950,crossref,straw management global dataset yield climate,TITLE_SCREEN_ONLY_NOT_FORMAL_EVIDENCE,False
crossref,straw management global dataset yield climate,10.1016/j.agwat.2026.110702,Moderate substitution with organic fertilizer and crushed straw increases maize yield and water productivity by improving soil water-nitrogen coordination,2026,Xu,Agricultural Water Management,journal-article,https://doi.org/10.1016/j.agwat.2026.110702,True,10.1016/j.agwat.2026.110702,crossref,straw management global dataset yield climate,TITLE_SCREEN_ONLY_NOT_FORMAL_EVIDENCE,False
crossref,straw management global dataset yield climate,10.1016/j.agwat.2026.110269,Controlled irrigation and straw-decomposing microbial inoculant mitigate CH4 emissions and increase rice yield in straw return mollisols of paddy fields,2026,Du,Agricultural Water Management,journal-article,https://doi.org/10.1016/j.agwat.2026.110269,True,10.1016/j.agwat.2026.110269,crossref,straw management global dataset yield climate,TITLE_SCREEN_ONLY_NOT_FORMAL_EVIDENCE,False
crossref,straw management global dataset yield climate,10.1016/j.jenvman.2025.127784,Divergent effects of straw and straw-derived biochar on soil N transformation and N2O emissions: a global meta-analysis,2025,Wang,Journal of Environmental Management,journal-article,https://doi.org/10.1016/j.jenvman.2025.127784,True,10.1016/j.jenvman.2025.127784,crossref,straw management global dataset yield climate,TITLE_SCREEN_ONLY_NOT_FORMAL_EVIDENCE,False
crossref,straw management global dataset yield climate,10.1038/s41598-021-93497-x,Straw and residual film management enhances crop yield and weakens CO2 emissions in wheat–maize intercropping system,2021,Gou,Scientific Reports,journal-article,https://doi.org/10.1038/s41598-021-93497-x,True,10.1038/s41598-021-93497-x,crossref,straw management global dataset yield climate,TITLE_SCREEN_ONLY_NOT_FORMAL_EVIDENCE,False
datacite,"(titles.title:straw OR titles.title:""crop residue"") AND (titles.title:meta OR titles.title:dataset)",10.5281/zenodo.22931969,Emission dataset for rice straw management in a coastal agroecosystem of the Indian Sundarbans,2026,"Sarkar, Sukamal",Zenodo,Dataset,https://zenodo.org/doi/10.5281/zenodo.22931969,True,10.5281/zenodo.22931969,datacite,"(titles.title:straw OR titles.title:""crop residue"") AND (titles.title:meta OR titles.title:dataset)",TITLE_SCREEN_ONLY_NOT_FORMAL_EVIDENCE,False
datacite,"(titles.title:straw OR titles.title:""crop residue"") AND (titles.title:meta OR titles.title:dataset)",10.5281/zenodo.22931968,Emission dataset for rice straw management in a coastal agroecosystem of the Indian Sundarbans,2026,"Sarkar, Sukamal",Zenodo,Dataset,https://zenodo.org/doi/10.5281/zenodo.22931968,True,10.5281/zenodo.22931968,datacite,"(titles.title:straw OR titles.title:""crop residue"") AND (titles.title:meta OR titles.title:dataset)",TITLE_SCREEN_ONLY_NOT_FORMAL_EVIDENCE,False
datacite,"(titles.title:straw OR titles.title:""crop residue"") AND (titles.title:meta OR titles.title:dataset)",10.5281/zenodo.22928714,ChinaStrawSOC: A harmonized field dataset and environmental regionalization for straw return across Chinese croplands,2026,"Du, Bin",Zenodo,Dataset,https://zenodo.org/doi/10.5281/zenodo.22928714,True,10.5281/zenodo.22928714,datacite,"(titles.title:straw OR titles.title:""crop residue"") AND (titles.title:meta OR titles.title:dataset)",TITLE_SCREEN_ONLY_NOT_FORMAL_EVIDENCE,False
datacite,"(titles.title:straw OR titles.title:""crop residue"") AND (titles.title:meta OR titles.title:dataset)",10.5281/zenodo.22928715,ChinaStrawSOC: A harmonized field dataset and environmental regionalization for straw return across Chinese croplands,2026,"Du, Bin",Zenodo,Dataset,https://zenodo.org/doi/10.5281/zenodo.22928715,True,10.5281/zenodo.22928715,datacite,"(titles.title:straw OR titles.title:""crop residue"") AND (titles.title:meta OR titles.title:dataset)",TITLE_SCREEN_ONLY_NOT_FORMAL_EVIDENCE,False
datacite,"(titles.title:straw OR titles.title:""crop residue"") AND (titles.title:meta OR titles.title:dataset)",10.5281/zenodo.22914310,ChinaStrawSOC: A harmonized field dataset and environmental regionalization for straw return across Chinese croplands,2026,"Du, Bin",Zenodo,Dataset,https://zenodo.org/doi/10.5281/zenodo.22914310,True,10.5281/zenodo.22914310,datacite,"(titles.title:straw OR titles.title:""crop residue"") AND (titles.title:meta OR titles.title:dataset)",TITLE_SCREEN_ONLY_NOT_FORMAL_EVIDENCE,False
datacite,"(titles.title:straw OR titles.title:""crop residue"") AND (titles.title:meta OR titles.title:dataset)",10.57760/sciencedb.iga.01248,A dataset on the effects of elevated CO2 and temperature on nitrogen uptake by rice and nitrogen mineralization of straw mediated by rhizosphere microorganisms CO2和温度升高对水稻吸收氮及根际微生物介导的秸秆氮矿化影响的数据集,2026,张锦源,Science Data Bank,Dataset,https://www.scidb.cn/detail?dataSetId=DS_17f270de79dd47bd9a5db9d24ba43b77,True,10.57760/sciencedb.iga.01248,datacite,"(titles.title:straw OR titles.title:""crop residue"") AND (titles.title:meta OR titles.title:dataset)",TITLE_SCREEN_ONLY_NOT_FORMAL_EVIDENCE,False
datacite,"(titles.title:straw OR titles.title:""crop residue"") AND (titles.title:meta OR titles.title:dataset)",10.57760/sciencedb.iga.01254,XDA28090101 Dataset on Straw In-Situ Recycling Soil Conservation Technology XDA28090101秸秆原位循环土壤保育技术数据集,2026,解宏图,Science Data Bank,Dataset,https://www.scidb.cn/detail?dataSetId=DS_fc031979c3aa4c0c9c14155fb4aa1fea,True,10.57760/sciencedb.iga.01254,datacite,"(titles.title:straw OR titles.title:""crop residue"") AND (titles.title:meta OR titles.title:dataset)",TITLE_SCREEN_ONLY_NOT_FORMAL_EVIDENCE,False
datacite,"(titles.title:straw OR titles.title:""crop residue"") AND (titles.title:meta OR titles.title:dataset)",10.57760/sciencedb.iga.01272,Dataset on the Transformation of Nitrogen in Crop Straw in Black Soil and Microbial Ecological Characteristics 作物秸秆氮在黑土中的转化及微生物生态特征数据集,2026,金剑,Science Data Bank,Dataset,https://www.scidb.cn/detail?dataSetId=DS_8e9742566d374ece94cc7259e01217ab,True,10.57760/sciencedb.iga.01272,datacite,"(titles.title:straw OR titles.title:""crop residue"") AND (titles.title:meta OR titles.title:dataset)",TITLE_SCREEN_ONLY_NOT_FORMAL_EVIDENCE,False
datacite,"(titles.title:straw OR titles.title:""crop residue"") AND (titles.title:meta OR titles.title:dataset)",10.57760/sciencedb.012v0,Dataset on in-situ humus enhancement with rice straw and soil organic matter improvement technology 稻秸近地腐殖强化与土壤有机质提升技术数据集,2026,jiang dong qi,Science Data Bank,Dataset,https://www.scidb.cn/detail?dataSetId=fc96c04407a048fca6a42e0558dc3e45,True,10.57760/sciencedb.012v0,datacite,"(titles.title:straw OR titles.title:""crop residue"") AND (titles.title:meta OR titles.title:dataset)",TITLE_SCREEN_ONLY_NOT_FORMAL_EVIDENCE,False
datacite,"(titles.title:straw OR titles.title:""crop residue"") AND (titles.title:meta OR titles.title:dataset)",10.5281/zenodo.19199253,"A high-spatial-resolution dataset of collectable crop straw resources in China, Part 6: Monthly collectable straw resource maps under LUCC3",2026,"Fu, Jingying",Zenodo,Image,https://zenodo.org/doi/10.5281/zenodo.19199253,True,10.5281/zenodo.19199253,datacite,"(titles.title:straw OR titles.title:""crop residue"") AND (titles.title:meta OR titles.title:dataset)",TITLE_SCREEN_ONLY_NOT_FORMAL_EVIDENCE,False
datacite,"(titles.title:straw OR titles.title:""crop residue"") AND (titles.title:meta OR titles.title:dataset)",10.5281/zenodo.19199254,"A high-spatial-resolution dataset of collectable crop straw resources in China, Part 6: Monthly collectable straw resource maps under LUCC3",2026,"Fu, Jingying",Zenodo,Image,https://zenodo.org/doi/10.5281/zenodo.19199254,True,10.5281/zenodo.19199254,datacite,"(titles.title:straw OR titles.title:""crop residue"") AND (titles.title:meta OR titles.title:dataset)",TITLE_SCREEN_ONLY_NOT_FORMAL_EVIDENCE,False
datacite,"(titles.title:straw OR titles.title:""crop residue"") AND (titles.title:meta OR titles.title:dataset)",10.5281/zenodo.22083042,"Data and code for: Carbon priming, carbon mineralization, and net nitrogen mineralization responses to straw-derived amendments: a source-audited meta-analysis",2026,"Sai, Ling",Zenodo,Dataset,https://zenodo.org/doi/10.5281/zenodo.22083042,True,10.5281/zenodo.22083042,datacite,"(titles.title:straw OR titles.title:""crop residue"") AND (titles.title:meta OR titles.title:dataset)",TITLE_SCREEN_ONLY_NOT_FORMAL_EVIDENCE,False
datacite,"(titles.title:straw OR titles.title:""crop residue"") AND (titles.title:meta OR titles.title:dataset)",10.5281/zenodo.22765055,"Data and code for: Carbon priming, carbon mineralization, and net nitrogen mineralization responses to straw-derived amendments: a source-audited meta-analysis",2026,"Sai, Ling",Zenodo,Dataset,https://zenodo.org/doi/10.5281/zenodo.22765055,True,10.5281/zenodo.22765055,datacite,"(titles.title:straw OR titles.title:""crop residue"") AND (titles.title:meta OR titles.title:dataset)",TITLE_SCREEN_ONLY_NOT_FORMAL_EVIDENCE,False
datacite,"(titles.title:straw OR titles.title:""crop residue"") AND (titles.title:meta OR titles.title:dataset)",10.57760/sciencedb.iga.01342,Dataset on straw decomposition rate and eight soil indicators in the Da'an and DaheWan demonstration areas after microbial inoculant application 3.4.3 东北示范区秸秆原位还田菌剂施用后秸秆腐解率和土壤八项数据集,2026,张延平,Science Data Bank,Dataset,https://www.scidb.cn/detail?dataSetId=DS_d9a67f8e24684223b768d28b6d7ce89a,True,10.57760/sciencedb.iga.01342,datacite,"(titles.title:straw OR titles.title:""crop residue"") AND (titles.title:meta OR titles.title:dataset)",TITLE_SCREEN_ONLY_NOT_FORMAL_EVIDENCE,False
datacite,"(titles.title:straw OR titles.title:""crop residue"") AND (titles.title:meta OR titles.title:dataset)",10.57760/sciencedb.iga.0017x,Dataset on conservation tillage techniques for enhancing biodiversity under integrated management practices such as straw return to the field 秸秆还田等配套管理下提高生物多样性的保护性耕作技术措施数据集,2026,金剑,Science Data Bank,Dataset,https://www.scidb.cn/detail?dataSetId=DS_1a24ace5b4ec42058eb994df13c8bf92,True,10.57760/sciencedb.iga.0017x,datacite,"(titles.title:straw OR titles.title:""crop residue"") AND (titles.title:meta OR titles.title:dataset)",TITLE_SCREEN_ONLY_NOT_FORMAL_EVIDENCE,False
datacite,"(titles.title:straw OR titles.title:""crop residue"") AND (titles.title:meta OR titles.title:dataset)",10.6084/m9.figshare.33684502,Meta-analysis dataset and R code for the evaluation of long-term carbon sequestration and emission trade-offs of direct straw return,2026,Junzhuo Liu,figshare,Dataset,https://figshare.com/articles/dataset/Meta-analysis_dataset_and_R_code_for_the_evaluation_of_long-term_carbon_sequestration_and_emission_trade-offs_of_direct_straw_return/33684502,True,10.6084/m9.figshare.33684502,datacite,"(titles.title:straw OR titles.title:""crop residue"") AND (titles.title:meta OR titles.title:dataset)",TITLE_SCREEN_ONLY_NOT_FORMAL_EVIDENCE,False
datacite,"(titles.title:straw OR titles.title:""crop residue"") AND (titles.title:meta OR titles.title:dataset)",10.6084/m9.figshare.33684502.v1,Meta-analysis dataset and R code for the evaluation of long-term carbon sequestration and emission trade-offs of direct straw return,2026,Junzhuo Liu,figshare,Dataset,https://figshare.com/articles/dataset/Meta-analysis_dataset_and_R_code_for_the_evaluation_of_long-term_carbon_sequestration_and_emission_trade-offs_of_direct_straw_return/33684502/1,True,10.6084/m9.figshare.33684502.v1,datacite,"(titles.title:straw OR titles.title:""crop residue"") AND (titles.title:meta OR titles.title:dataset)",TITLE_SCREEN_ONLY_NOT_FORMAL_EVIDENCE,False
datacite,"(titles.title:straw OR titles.title:""crop residue"") AND (titles.title:meta OR titles.title:dataset)",10.5281/zenodo.19181919,"A high-spatial-resolution dataset of collectable crop straw resources in China, Part 2: LUCC data and cropland masks",2026,"Fu, Jingying",Zenodo,Image,https://zenodo.org/doi/10.5281/zenodo.19181919,True,10.5281/zenodo.19181919,datacite,"(titles.title:straw OR titles.title:""crop residue"") AND (titles.title:meta OR titles.title:dataset)",TITLE_SCREEN_ONLY_NOT_FORMAL_EVIDENCE,False
datacite,"(titles.title:straw OR titles.title:""crop residue"") AND (titles.title:meta OR titles.title:dataset)",10.5281/zenodo.19181920,"A high-spatial-resolution dataset of collectable crop straw resources in China, Part 2: LUCC data and cropland masks",2026,"Fu, Jingying",Zenodo,Image,https://zenodo.org/doi/10.5281/zenodo.19181920,True,10.5281/zenodo.19181920,datacite,"(titles.title:straw OR titles.title:""crop residue"") AND (titles.title:meta OR titles.title:dataset)",TITLE_SCREEN_ONLY_NOT_FORMAL_EVIDENCE,False
datacite,"(titles.title:straw OR titles.title:""crop residue"") AND (titles.title:meta OR titles.title:dataset)",10.5281/zenodo.19182010,"A high-spatial-resolution dataset of collectable crop straw resources in China, Part 3: Annual collectable straw resource maps at 30 m resolution",2026,"Fu, Jingying",Zenodo,Image,https://zenodo.org/doi/10.5281/zenodo.19182010,True,10.5281/zenodo.19182010,datacite,"(titles.title:straw OR titles.title:""crop residue"") AND (titles.title:meta OR titles.title:dataset)",TITLE_SCREEN_ONLY_NOT_FORMAL_EVIDENCE,False
datacite,"(titles.title:straw OR titles.title:""crop residue"") AND (titles.title:meta OR titles.title:dataset)",10.5281/zenodo.19182011,"A high-spatial-resolution dataset of collectable crop straw resources in China, Part 3: Annual collectable straw resource maps at 30 m resolution",2026,"Fu, Jingying",Zenodo,Image,https://zenodo.org/doi/10.5281/zenodo.19182011,True,10.5281/zenodo.19182011,datacite,"(titles.title:straw OR titles.title:""crop residue"") AND (titles.title:meta OR titles.title:dataset)",TITLE_SCREEN_ONLY_NOT_FORMAL_EVIDENCE,False
datacite,"(titles.title:straw OR titles.title:""crop residue"") AND (titles.title:meta OR titles.title:dataset)",10.5281/zenodo.19181889,"A high-spatial-resolution dataset of collectable crop straw resources in China, Part 1: Metadata and supporting tables",2026,"Fu, Jingying",Zenodo,Dataset,https://zenodo.org/doi/10.5281/zenodo.19181889,True,10.5281/zenodo.19181889,datacite,"(titles.title:straw OR titles.title:""crop residue"") AND (titles.title:meta OR titles.title:dataset)",TITLE_SCREEN_ONLY_NOT_FORMAL_EVIDENCE,False
datacite,"(titles.title:straw OR titles.title:""crop residue"") AND (titles.title:meta OR titles.title:dataset)",10.5281/zenodo.19182633,"A high-spatial-resolution dataset of collectable crop straw resources in China, Part 4: Monthly collectable straw resource maps under LUCC1",2026,"Fu, Jingying",Zenodo,Image,https://zenodo.org/doi/10.5281/zenodo.19182633,True,10.5281/zenodo.19182633,datacite,"(titles.title:straw OR titles.title:""crop residue"") AND (titles.title:meta OR titles.title:dataset)",TITLE_SCREEN_ONLY_NOT_FORMAL_EVIDENCE,False
datacite,"(titles.title:straw OR titles.title:""crop residue"") AND (titles.title:meta OR titles.title:dataset)",10.5281/zenodo.19182634,"A high-spatial-resolution dataset of collectable crop straw resources in China, Part 4: Monthly collectable straw resource maps under LUCC1",2026,"Fu, Jingying",Zenodo,Image,https://zenodo.org/doi/10.5281/zenodo.19182634,True,10.5281/zenodo.19182634,datacite,"(titles.title:straw OR titles.title:""crop residue"") AND (titles.title:meta OR titles.title:dataset)",TITLE_SCREEN_ONLY_NOT_FORMAL_EVIDENCE,False
datacite,"(titles.title:straw OR titles.title:""crop residue"") AND (titles.title:meta OR titles.title:dataset)",10.5281/zenodo.19200390,"A high-spatial-resolution dataset of collectable crop straw resources in China, Part 7: Monthly collectable straw resource maps under LUCC4",2026,"Fu, Jingying",Zenodo,Image,https://zenodo.org/doi/10.5281/zenodo.19200390,True,10.5281/zenodo.19200390,datacite,"(titles.title:straw OR titles.title:""crop residue"") AND (titles.title:meta OR titles.title:dataset)",TITLE_SCREEN_ONLY_NOT_FORMAL_EVIDENCE,False
datacite,"(titles.title:straw OR titles.title:""crop residue"") AND (titles.title:meta OR titles.title:dataset)",10.5281/zenodo.19200391,"A high-spatial-resolution dataset of collectable crop straw resources in China, Part 7: Monthly collectable straw resource maps under LUCC4",2026,"Fu, Jingying",Zenodo,Image,https://zenodo.org/doi/10.5281/zenodo.19200391,True,10.5281/zenodo.19200391,datacite,"(titles.title:straw OR titles.title:""crop residue"") AND (titles.title:meta OR titles.title:dataset)",TITLE_SCREEN_ONLY_NOT_FORMAL_EVIDENCE,False
datacite,"(titles.title:straw OR titles.title:""crop residue"") AND (titles.title:meta OR titles.title:dataset)",10.5281/zenodo.19411843,The JAFFE Dataset as a Polemical Straw Man  in How to See Like a Machine,2026,"Lyons, Michael J.",Zenodo,Preprint,https://zenodo.org/doi/10.5281/zenodo.19411843,True,10.5281/zenodo.19411843,datacite,"(titles.title:straw OR titles.title:""crop residue"") AND (titles.title:meta OR titles.title:dataset)",TITLE_SCREEN_ONLY_NOT_FORMAL_EVIDENCE,False
datacite,"(titles.title:straw OR titles.title:""crop residue"") AND (titles.title:meta OR titles.title:dataset)",10.6084/m9.figshare.33165164.v1,A meta-analysis of differential crop yield stability responses to straw return in agroecosystems,2026,Yuxuan Zhang,figshare,Dataset,https://figshare.com/articles/dataset/A_meta-analysis_of_differential_crop_yield_stability_responses_to_straw_return_in_agroecosystems/33165164/1,True,10.6084/m9.figshare.33165164.v1,datacite,"(titles.title:straw OR titles.title:""crop residue"") AND (titles.title:meta OR titles.title:dataset)",TITLE_SCREEN_ONLY_NOT_FORMAL_EVIDENCE,False
datacite,"(titles.title:straw OR titles.title:""crop residue"") AND (titles.title:meta OR titles.title:dataset)",10.6084/m9.figshare.33165164,What drives divergent responses of crop yield stability to straw return? A meta-analysis,2026,Yuxuan Zhang,figshare,Dataset,https://figshare.com/articles/dataset/A_meta-analysis_of_differential_crop_yield_stability_responses_to_straw_return_in_agroecosystems/33165164,True,10.6084/m9.figshare.33165164,datacite,"(titles.title:straw OR titles.title:""crop residue"") AND (titles.title:meta OR titles.title:dataset)",TITLE_SCREEN_ONLY_NOT_FORMAL_EVIDENCE,False
datacite,"(titles.title:straw OR titles.title:""crop residue"") AND (titles.title:meta OR titles.title:dataset)",10.6084/m9.figshare.33165164.v2,What drives divergent responses of crop yield stability to straw return? A meta-analysis,2026,Yuxuan Zhang,figshare,Dataset,https://figshare.com/articles/dataset/A_meta-analysis_of_differential_crop_yield_stability_responses_to_straw_return_in_agroecosystems/33165164/2,True,10.6084/m9.figshare.33165164.v2,datacite,"(titles.title:straw OR titles.title:""crop residue"") AND (titles.title:meta OR titles.title:dataset)",TITLE_SCREEN_ONLY_NOT_FORMAL_EVIDENCE,False
datacite,"(titles.title:straw OR titles.title:""crop residue"") AND (titles.title:meta OR titles.title:dataset)",10.5281/zenodo.20540058,Dataset-Improved monitoring of crop residue burning reveals non-negligible contribution to PM2.5 pollution and premature mortality across China,2026,"Wang, Zhige",Zenodo,Dataset,https://zenodo.org/doi/10.5281/zenodo.20540058,True,10.5281/zenodo.20540058,datacite,"(titles.title:straw OR titles.title:""crop residue"") AND (titles.title:meta OR titles.title:dataset) || titles.title:""crop residue"" AND (titles.title:burning OR titles.title:removal)",TITLE_SCREEN_ONLY_NOT_FORMAL_EVIDENCE,False
datacite,"(titles.title:straw OR titles.title:""crop residue"") AND (titles.title:meta OR titles.title:dataset)",10.5281/zenodo.20540059,Dataset-Improved monitoring of crop residue burning reveals non-negligible contribution to PM2.5 pollution and premature mortality across China,2026,"Wang, Zhige",Zenodo,Dataset,https://zenodo.org/doi/10.5281/zenodo.20540059,True,10.5281/zenodo.20540059,datacite,"(titles.title:straw OR titles.title:""crop residue"") AND (titles.title:meta OR titles.title:dataset) || titles.title:""crop residue"" AND (titles.title:burning OR titles.title:removal)",TITLE_SCREEN_ONLY_NOT_FORMAL_EVIDENCE,False
datacite,"(titles.title:straw OR titles.title:""crop residue"") AND (titles.title:meta OR titles.title:dataset)",10.57760/sciencedb.iga.001dr,XDA28080201 Straw mulching and no tillage technology — patent dataset XDA28080201秸秆覆盖还田少免耕技术—专利数据集,2026,,Science Data Bank,Dataset,https://www.scidb.cn/detail?dataSetId=DS_eb23ef0c8f814b19a527120e3261d64a,True,10.57760/sciencedb.iga.001dr,datacite,"(titles.title:straw OR titles.title:""crop residue"") AND (titles.title:meta OR titles.title:dataset)",TITLE_SCREEN_ONLY_NOT_FORMAL_EVIDENCE,False
datacite,"(titles.title:straw OR titles.title:""crop residue"") AND (titles.title:meta OR titles.title:dataset)",10.57760/sciencedb.iga.0019u,Dataset of High-efficiency Fertilization Technology for Maize Under Straw Mulching and Incorporation Returning Mode 秸秆覆/混还田模式下的玉米高效施肥技术数据集,2026,,Science Data Bank,Dataset,https://www.scidb.cn/detail?dataSetId=DS_a17b500067fe4b9f9ddde8341b333a09,True,10.57760/sciencedb.iga.0019u,datacite,"(titles.title:straw OR titles.title:""crop residue"") AND (titles.title:meta OR titles.title:dataset)",TITLE_SCREEN_ONLY_NOT_FORMAL_EVIDENCE,False
datacite,"(titles.title:straw OR titles.title:""crop residue"") AND (titles.title:meta OR titles.title:dataset)",10.57760/sciencedb.iga.0019v,Dataset of Soil Physical and Chemical Indicators and Comprehensive Benefits for Straw Mulching and Incorporation Tillage Technology 秸秆覆混还田耕作技术-土壤理化指标和综合效益数据集,2026,,Science Data Bank,Dataset,https://www.scidb.cn/detail?dataSetId=DS_d40378ef5f4e4a29af4af5c55aaf4c1b,True,10.57760/sciencedb.iga.0019v,datacite,"(titles.title:straw OR titles.title:""crop residue"") AND (titles.title:meta OR titles.title:dataset)",TITLE_SCREEN_ONLY_NOT_FORMAL_EVIDENCE,False
datacite,"(titles.title:straw OR titles.title:""crop residue"") AND (titles.title:meta OR titles.title:dataset)",10.57760/sciencedb.iga.0019w,XDA28080202‑Straw Mulching‑Mixing and Return‑to‑Field Tillage‑Technology Patent Dataset XDA28080202秸秆覆混还田耕作技术—专利数据集,2026,,Science Data Bank,Dataset,https://www.scidb.cn/detail?dataSetId=DS_7c6089cf6d3e439faea2f187347e749e,True,10.57760/sciencedb.iga.0019w,datacite,"(titles.title:straw OR titles.title:""crop residue"") AND (titles.title:meta OR titles.title:dataset)",TITLE_SCREEN_ONLY_NOT_FORMAL_EVIDENCE,False
datacite,"(titles.title:straw OR titles.title:""crop residue"") AND (titles.title:meta OR titles.title:dataset)",10.57760/sciencedb.iga.001bc,XDA28080201 Straw mulching and no tillage technology - Soil physical and chemical indicators and comprehensive benefits dataset (2021-2025) XDA28080201秸秆覆盖还田少免耕技术-土壤理化指标及综合效益数据集（2021-2025年）,2026,,Science Data Bank,Dataset,https://www.scidb.cn/detail?dataSetId=DS_1f912674db6145958333df08d2f02b66,True,10.57760/sciencedb.iga.001bc,datacite,"(titles.title:straw OR titles.title:""crop residue"") AND (titles.title:meta OR titles.title:dataset)",TITLE_SCREEN_ONLY_NOT_FORMAL_EVIDENCE,False
datacite,"(titles.title:straw OR titles.title:""crop residue"") AND (titles.title:meta OR titles.title:dataset)",10.5281/zenodo.19411623,The JAFFE Dataset as a Polemical Straw Man  in How to See Like a Machine,2026,"Lyons, Michael J.",Zenodo,Preprint,https://zenodo.org/doi/10.5281/zenodo.19411623,True,10.5281/zenodo.19411623,datacite,"(titles.title:straw OR titles.title:""crop residue"") AND (titles.title:meta OR titles.title:dataset)",TITLE_SCREEN_ONLY_NOT_FORMAL_EVIDENCE,False
datacite,"(titles.title:straw OR titles.title:""crop residue"") AND (titles.title:meta OR titles.title:dataset)",10.5281/zenodo.19411624,The JAFFE Dataset as a Polemical Straw Man  in How to See Like a Machine,2026,"Lyons, Michael J.",Zenodo,Preprint,https://zenodo.org/doi/10.5281/zenodo.19411624,True,10.5281/zenodo.19411624,datacite,"(titles.title:straw OR titles.title:""crop residue"") AND (titles.title:meta OR titles.title:dataset)",TITLE_SCREEN_ONLY_NOT_FORMAL_EVIDENCE,False
datacite,"(titles.title:straw OR titles.title:""crop residue"") AND (titles.title:meta OR titles.title:dataset)",10.5281/zenodo.22083043,Data and code for: Straw return accelerates soil carbon processing more consistently than net nitrogen release: a global meta-analysis,2026,"Sai, Ling",Zenodo,Dataset,https://zenodo.org/doi/10.5281/zenodo.22083043,True,10.5281/zenodo.22083043,datacite,"(titles.title:straw OR titles.title:""crop residue"") AND (titles.title:meta OR titles.title:dataset)",TITLE_SCREEN_ONLY_NOT_FORMAL_EVIDENCE,False
datacite,"(titles.title:straw OR titles.title:""crop residue"") AND (titles.title:meta OR titles.title:dataset)",10.5281/zenodo.21334405,"A high-spatial-resolution dataset of collectable crop straw resources in China, Part 1: Metadata and supporting tables",2026,"Fu, Jingying",Zenodo,Dataset,https://zenodo.org/doi/10.5281/zenodo.21334405,True,10.5281/zenodo.21334405,datacite,"(titles.title:straw OR titles.title:""crop residue"") AND (titles.title:meta OR titles.title:dataset)",TITLE_SCREEN_ONLY_NOT_FORMAL_EVIDENCE,False
datacite,"(titles.title:straw OR titles.title:""crop residue"") AND (titles.title:meta OR titles.title:dataset)",10.5281/zenodo.19181888,"A high-spatial-resolution dataset of collectable crop straw resources in China, Part 1: Metadata and supporting tables",2026,"Fu, Jingying",Zenodo,Dataset,https://zenodo.org/doi/10.5281/zenodo.19181888,True,10.5281/zenodo.19181888,datacite,"(titles.title:straw OR titles.title:""crop residue"") AND (titles.title:meta OR titles.title:dataset)",TITLE_SCREEN_ONLY_NOT_FORMAL_EVIDENCE,False
datacite,"(titles.title:straw OR titles.title:""crop residue"") AND (titles.title:meta OR titles.title:dataset)",10.5281/zenodo.21231280,"A high-spatial-resolution dataset of collectable crop straw resources in China, Part 1: Metadata and supporting tables",2026,"Fu, Jingying",Zenodo,Dataset,https://zenodo.org/doi/10.5281/zenodo.21231280,True,10.5281/zenodo.21231280,datacite,"(titles.title:straw OR titles.title:""crop residue"") AND (titles.title:meta OR titles.title:dataset)",TITLE_SCREEN_ONLY_NOT_FORMAL_EVIDENCE,False
datacite,"(titles.title:straw OR titles.title:""crop residue"") AND (titles.title:meta OR titles.title:dataset)",10.5281/zenodo.19185834,"A high-spatial-resolution dataset of collectable crop straw resources in China, Part 5: Monthly collectable straw resource maps under LUCC2",2026,"Fu, Jingying",Zenodo,Image,https://zenodo.org/doi/10.5281/zenodo.19185834,True,10.5281/zenodo.19185834,datacite,"(titles.title:straw OR titles.title:""crop residue"") AND (titles.title:meta OR titles.title:dataset)",TITLE_SCREEN_ONLY_NOT_FORMAL_EVIDENCE,False
datacite,"(titles.title:straw OR titles.title:""crop residue"") AND (titles.title:meta OR titles.title:dataset)",10.5281/zenodo.19185835,"A high-spatial-resolution dataset of collectable crop straw resources in China, Part 5: Monthly collectable straw resource maps under LUCC2",2026,"Fu, Jingying",Zenodo,Image,https://zenodo.org/doi/10.5281/zenodo.19185835,True,10.5281/zenodo.19185835,datacite,"(titles.title:straw OR titles.title:""crop residue"") AND (titles.title:meta OR titles.title:dataset)",TITLE_SCREEN_ONLY_NOT_FORMAL_EVIDENCE,False
datacite,"(titles.title:straw OR titles.title:""crop residue"") AND (titles.title:meta OR titles.title:dataset)",10.5281/zenodo.19202003,"A high-spatial-resolution dataset of collectable crop straw resources in China, Part 8: Monthly collectable straw resource maps under LUCC5",2026,"Fu, Jingying",Zenodo,Image,https://zenodo.org/doi/10.5281/zenodo.19202003,True,10.5281/zenodo.19202003,datacite,"(titles.title:straw OR titles.title:""crop residue"") AND (titles.title:meta OR titles.title:dataset)",TITLE_SCREEN_ONLY_NOT_FORMAL_EVIDENCE,False
datacite,"(titles.title:straw OR titles.title:""crop residue"") AND (titles.title:meta OR titles.title:dataset)",10.5281/zenodo.19202004,"A high-spatial-resolution dataset of collectable crop straw resources in China, Part 8: Monthly collectable straw resource maps under LUCC5",2026,"Fu, Jingying",Zenodo,Image,https://zenodo.org/doi/10.5281/zenodo.19202004,True,10.5281/zenodo.19202004,datacite,"(titles.title:straw OR titles.title:""crop residue"") AND (titles.title:meta OR titles.title:dataset)",TITLE_SCREEN_ONLY_NOT_FORMAL_EVIDENCE,False
datacite,"(titles.title:straw OR titles.title:""crop residue"") AND (titles.title:meta OR titles.title:dataset)",10.17632/rtr3797sns.1,Dataset: Production and characterization of carnauba straw (Copernicia prunifera) biochar and influence of wax removal on methylene blue adsorption,2026,"Coutinho, Laryssa",Mendeley Data,Dataset,https://data.mendeley.com/datasets/rtr3797sns/1,True,10.17632/rtr3797sns.1,datacite,"(titles.title:straw OR titles.title:""crop residue"") AND (titles.title:meta OR titles.title:dataset)",TITLE_SCREEN_ONLY_NOT_FORMAL_EVIDENCE,False
datacite,"(titles.title:straw OR titles.title:""crop residue"") AND (titles.title:meta OR titles.title:dataset)",10.17632/rtr3797sns,Dataset: Production and characterization of carnauba straw (Copernicia prunifera) biochar and influence of wax removal on methylene blue adsorption,2026,"Coutinho, Laryssa",Mendeley Data,Dataset,https://data.mendeley.com/datasets/rtr3797sns,True,10.17632/rtr3797sns,datacite,"(titles.title:straw OR titles.title:""crop residue"") AND (titles.title:meta OR titles.title:dataset)",TITLE_SCREEN_ONLY_NOT_FORMAL_EVIDENCE,False
datacite,"(titles.title:straw OR titles.title:""crop residue"") AND (titles.title:meta OR titles.title:dataset)",10.57760/sciencedb.41152,A Dataset of Soil Organic Carbon and Carbon Flux Responses to Periphytic Biofilm and Straw derived Carbon Addition A Dataset of Soil Organic Carbon and Carbon Flux Responses to Periphytic Biofilm and Straw derived Carbon Addition,2026,Sichu Wang,Science Data Bank,Dataset,https://www.scidb.cn/detail?dataSetId=53dcd3d53f9b47bdacf9d4c44383a781,True,10.57760/sciencedb.41152,datacite,"(titles.title:straw OR titles.title:""crop residue"") AND (titles.title:meta OR titles.title:dataset)",TITLE_SCREEN_ONLY_NOT_FORMAL_EVIDENCE,False
datacite,"(titles.title:straw OR titles.title:""crop residue"") AND (titles.title:meta OR titles.title:dataset)",10.17605/osf.io/jba2g,Straw return improves crop yield and soil nutrient status in saline-alkali croplands: A meta-analysis,2026,zhen lin,OSF Registries,StudyRegistration,https://osf.io/jba2g/,True,10.17605/osf.io/jba2g,datacite,"(titles.title:straw OR titles.title:""crop residue"") AND (titles.title:meta OR titles.title:dataset)",TITLE_SCREEN_ONLY_NOT_FORMAL_EVIDENCE,False
datacite,"(titles.title:straw OR titles.title:""crop residue"") AND (titles.title:meta OR titles.title:dataset)",10.17605/osf.io/6sb72,Effects of Straw Return on Soil Salinity and Crop Yield in Saline Soils Across Asia: A Meta-Analysis Combined with Machine Learning,2026,", BoHaohao",OSF Registries,StudyRegistration,https://osf.io/6sb72/,True,10.17605/osf.io/6sb72,datacite,"(titles.title:straw OR titles.title:""crop residue"") AND (titles.title:meta OR titles.title:dataset)",TITLE_SCREEN_ONLY_NOT_FORMAL_EVIDENCE,False
datacite,"(titles.title:straw OR titles.title:""crop residue"") AND (titles.title:meta OR titles.title:dataset)",10.20350/digitalcsic/18320,"Dataset of the paper Rice Straw Nanocrystalline Cellulose as a High-Value Reinforcement for Fungal biomass/Starch Biocomposites: Structural, Thermal, and Barrier Property Enhancement",2026,"Cabrera Villamizar, Laura A.",DIGITAL.CSIC,Dataset,https://digital.csic.es/handle/10261/430148,True,10.20350/digitalcsic/18320,datacite,"(titles.title:straw OR titles.title:""crop residue"") AND (titles.title:meta OR titles.title:dataset)",TITLE_SCREEN_ONLY_NOT_FORMAL_EVIDENCE,False
datacite,"(titles.title:straw OR titles.title:""crop residue"") AND (titles.title:meta OR titles.title:dataset)",10.17632/38k82y8mh3.1,"Dataset of soil organic carbon fractions, aggregate stability, and chemical structure across topographical gradients under furrow corn straw mulch",2026,"ye, libo",Mendeley Data,Dataset,https://data.mendeley.com/datasets/38k82y8mh3/1,True,10.17632/38k82y8mh3.1,datacite,"(titles.title:straw OR titles.title:""crop residue"") AND (titles.title:meta OR titles.title:dataset)",TITLE_SCREEN_ONLY_NOT_FORMAL_EVIDENCE,False
datacite,"(titles.title:straw OR titles.title:""crop residue"") AND (titles.title:meta OR titles.title:dataset)",10.17632/38k82y8mh3,"Dataset of soil organic carbon fractions, aggregate stability, and chemical structure across topographical gradients under furrow corn straw mulch",2026,"ye, libo",Mendeley Data,Dataset,https://data.mendeley.com/datasets/38k82y8mh3,True,10.17632/38k82y8mh3,datacite,"(titles.title:straw OR titles.title:""crop residue"") AND (titles.title:meta OR titles.title:dataset)",TITLE_SCREEN_ONLY_NOT_FORMAL_EVIDENCE,False
datacite,"(titles.title:straw OR titles.title:""crop residue"") AND (titles.title:meta OR titles.title:dataset)",10.13140/rg.2.2.26688.90881,The JAFFE Dataset as a Polemical Straw Man in How to See Like a Machine,2026,"Lyons, Michael J",Unpublished,Text,https://www.researchgate.net/doi/10.13140/RG.2.2.26688.90881,True,10.13140/rg.2.2.26688.90881,datacite,"(titles.title:straw OR titles.title:""crop residue"") AND (titles.title:meta OR titles.title:dataset)",TITLE_SCREEN_ONLY_NOT_FORMAL_EVIDENCE,False
datacite,"(titles.title:straw OR titles.title:""crop residue"") AND (titles.title:meta OR titles.title:dataset)",10.17632/rk9bmk7g87.1,"meta analysis -database related to the response of wheat yield, water productivity and partial factor productivity of nitrogen to straw return and biochar application: A global meta-analysis with machine learning",2026,"Hu, Yajin",Mendeley Data,Dataset,https://data.mendeley.com/datasets/rk9bmk7g87/1,True,10.17632/rk9bmk7g87.1,datacite,"(titles.title:straw OR titles.title:""crop residue"") AND (titles.title:meta OR titles.title:dataset) || titles.title:biochar AND (titles.title:yield OR titles.title:emissions)",TITLE_SCREEN_ONLY_NOT_FORMAL_EVIDENCE,False
datacite,"(titles.title:straw OR titles.title:""crop residue"") AND (titles.title:meta OR titles.title:dataset)",10.17632/rk9bmk7g87,"meta analysis -database related to the response of wheat yield, water productivity and partial factor productivity of nitrogen to straw return and biochar application: A global meta-analysis with machine learning",2026,"Hu, Yajin",Mendeley Data,Dataset,https://data.mendeley.com/datasets/rk9bmk7g87,True,10.17632/rk9bmk7g87,datacite,"(titles.title:straw OR titles.title:""crop residue"") AND (titles.title:meta OR titles.title:dataset) || titles.title:biochar AND (titles.title:yield OR titles.title:emissions)",TITLE_SCREEN_ONLY_NOT_FORMAL_EVIDENCE,False
datacite,"(titles.title:straw OR titles.title:""crop residue"") AND (titles.title:meta OR titles.title:dataset)",10.5281/zenodo.19175285,High-spatial-resolution dataset of collectable crop straw resources in China — Part 2: Annual collectable straw resources at 30 m resolution,2026,"Zhang, Jianglei",Zenodo,Image,https://zenodo.org/doi/10.5281/zenodo.19175285,True,10.5281/zenodo.19175285,datacite,"(titles.title:straw OR titles.title:""crop residue"") AND (titles.title:meta OR titles.title:dataset)",TITLE_SCREEN_ONLY_NOT_FORMAL_EVIDENCE,False
datacite,"(titles.title:straw OR titles.title:""crop residue"") AND (titles.title:meta OR titles.title:dataset)",10.5281/zenodo.19161940,High-spatial-resolution dataset of collectable crop straw resources in China — Part 1: LUCC and cropland masks,2026,"Zhang, Jianglei",Zenodo,Image,https://zenodo.org/doi/10.5281/zenodo.19161940,True,10.5281/zenodo.19161940,datacite,"(titles.title:straw OR titles.title:""crop residue"") AND (titles.title:meta OR titles.title:dataset)",TITLE_SCREEN_ONLY_NOT_FORMAL_EVIDENCE,False
datacite,"(titles.title:straw OR titles.title:""crop residue"") AND (titles.title:meta OR titles.title:dataset)",10.6084/m9.figshare.31339057.v1,Dataset for: Divergent pathways of long-term manure versus straw amendment on Gray Desert soil organic carbon accrual,2026,"Wu, Lei",figshare,Dataset,https://figshare.com/articles/dataset/Dataset_for_Divergent_pathways_of_long-term_manure_versus_straw_amendment_on_Gray_Desert_soil_organic_carbon_accrual/31339057/1,True,10.6084/m9.figshare.31339057.v1,datacite,"(titles.title:straw OR titles.title:""crop residue"") AND (titles.title:meta OR titles.title:dataset)",TITLE_SCREEN_ONLY_NOT_FORMAL_EVIDENCE,False
datacite,"(titles.title:straw OR titles.title:""crop residue"") AND (titles.title:meta OR titles.title:dataset)",10.6084/m9.figshare.31339057,Dataset for: Divergent pathways of long-term manure versus straw amendment on Gray Desert soil organic carbon accrual,2026,"Wu, Lei",figshare,Dataset,https://figshare.com/articles/dataset/Dataset_for_Divergent_pathways_of_long-term_manure_versus_straw_amendment_on_Gray_Desert_soil_organic_carbon_accrual/31339057,True,10.6084/m9.figshare.31339057,datacite,"(titles.title:straw OR titles.title:""crop residue"") AND (titles.title:meta OR titles.title:dataset)",TITLE_SCREEN_ONLY_NOT_FORMAL_EVIDENCE,False
datacite,"(titles.title:straw OR titles.title:""crop residue"") AND (titles.title:meta OR titles.title:dataset)",10.34740/kaggle/dsv/14587957,Juice Box Straw Defects Dataset,2026,Jhamil G. Gutierrez,Kaggle,Dataset,https://www.kaggle.com/dsv/14587957,True,10.34740/kaggle/dsv/14587957,datacite,"(titles.title:straw OR titles.title:""crop residue"") AND (titles.title:meta OR titles.title:dataset)",TITLE_SCREEN_ONLY_NOT_FORMAL_EVIDENCE,False
datacite,"(titles.title:straw OR titles.title:""crop residue"") AND (titles.title:meta OR titles.title:dataset)",10.34740/kaggle/dsv/14535744,Wheat Straw Hole Detection Dataset,2026,Ping Zhao,Kaggle,Dataset,https://www.kaggle.com/dsv/14535744,True,10.34740/kaggle/dsv/14535744,datacite,"(titles.title:straw OR titles.title:""crop residue"") AND (titles.title:meta OR titles.title:dataset)",TITLE_SCREEN_ONLY_NOT_FORMAL_EVIDENCE,False
datacite,"(titles.title:straw OR titles.title:""crop residue"") AND (titles.title:meta OR titles.title:dataset)",10.23637/rbk1-oatyld9622-01,Dataset: Broadbalk oats grain and straw yields 1996-2022,2025,Rothamsted Research,"Electronic Rothamsted Archive, Rothamsted Research",Dataset,https://www.era.rothamsted.ac.uk/dataset/rbk1/01-OATYIELD,True,10.23637/rbk1-oatyld9622-01,datacite,"(titles.title:straw OR titles.title:""crop residue"") AND (titles.title:meta OR titles.title:dataset)",TITLE_SCREEN_ONLY_NOT_FORMAL_EVIDENCE,False
datacite,"(titles.title:straw OR titles.title:""crop residue"") AND (titles.title:meta OR titles.title:dataset)",10.23637/rbk1-yld6822-01,Dataset: Broadbalk Wheat annual grain and straw yields 1968-2022,2023,"Glendining, Margaret","Electronic Rothamsted Archive, Rothamsted Research",Dataset,https://www.era.rothamsted.ac.uk/dataset/rbk1/01-YLD6822,True,10.23637/rbk1-yld6822-01,datacite,"(titles.title:straw OR titles.title:""crop residue"") AND (titles.title:meta OR titles.title:dataset)",TITLE_SCREEN_ONLY_NOT_FORMAL_EVIDENCE,False
datacite,"(titles.title:straw OR titles.title:""crop residue"") AND (titles.title:meta OR titles.title:dataset)",10.23637/rbk1-yld2667-01,Dataset: Broadbalk Wheat annual grain and straw yields 1926-1967,2023,"Glendining, Margaret","Electronic Rothamsted Archive, Rothamsted Research",Dataset,https://www.era.rothamsted.ac.uk/dataset/rbk1/01-YLD192667,True,10.23637/rbk1-yld2667-01,datacite,"(titles.title:straw OR titles.title:""crop residue"") AND (titles.title:meta OR titles.title:dataset)",TITLE_SCREEN_ONLY_NOT_FORMAL_EVIDENCE,False
datacite,"(titles.title:straw OR titles.title:""crop residue"") AND (titles.title:meta OR titles.title:dataset)",10.23637/rbk1-1796346264-1,Dataset: Broadbalk Wheat annual grain and straw yields 1852-1925,2021,Rothamsted Research,"Electronic Rothamsted Archive, Rothamsted Research",Dataset,https://www.era.rothamsted.ac.uk/dataset/rbk1/01-YIELD852925,True,10.23637/rbk1-1796346264-1,datacite,"(titles.title:straw OR titles.title:""crop residue"") AND (titles.title:meta OR titles.title:dataset)",TITLE_SCREEN_ONLY_NOT_FORMAL_EVIDENCE,False
datacite,"(titles.title:straw OR titles.title:""crop residue"") AND (titles.title:meta OR titles.title:dataset)",10.20350/digitalcsic/17821,Experimental data of manuscript Tailoring the structural and physicochemical properties of rice straw cellulose-based cryogels by cell-mediated polyhydroxyalkanoate deposition [DATASET],2025,"Cabrera Villamizar, Laura",DIGITAL.CSIC,Dataset,https://digital.csic.es/handle/10261/410570,True,10.20350/digitalcsic/17821,datacite,"(titles.title:straw OR titles.title:""crop residue"") AND (titles.title:meta OR titles.title:dataset)",TITLE_SCREEN_ONLY_NOT_FORMAL_EVIDENCE,False
datacite,"(titles.title:straw OR titles.title:""crop residue"") AND (titles.title:meta OR titles.title:dataset)",10.20350/digitalcsic/17818,"Experimental data of manuscript Order matters: Methods for extracting cellulose from rice straw by coupling alkaline, ozone and enzymatic treatments [DATASET]",2025,"Cabrera Villamizar, Laura Andrea",DIGITAL.CSIC,Dataset,https://digital.csic.es/handle/10261/410544,True,10.20350/digitalcsic/17818,datacite,"(titles.title:straw OR titles.title:""crop residue"") AND (titles.title:meta OR titles.title:dataset)",TITLE_SCREEN_ONLY_NOT_FORMAL_EVIDENCE,False
datacite,"(titles.title:straw OR titles.title:""crop residue"") AND (titles.title:meta OR titles.title:dataset)",10.17632/y75gr8m6bw.2,Dataset on the effects of artificial humic substances and straw incorporation on greenhouse gas emissions and soil properties in cold-region paddy soils,2025,"Huang, Jianyi",Mendeley Data,Dataset,https://data.mendeley.com/datasets/y75gr8m6bw/2,True,10.17632/y75gr8m6bw.2,datacite,"(titles.title:straw OR titles.title:""crop residue"") AND (titles.title:meta OR titles.title:dataset)",TITLE_SCREEN_ONLY_NOT_FORMAL_EVIDENCE,False
datacite,"(titles.title:straw OR titles.title:""crop residue"") AND (titles.title:meta OR titles.title:dataset)",10.17632/y75gr8m6bw,Dataset on the effects of artificial humic substances and straw incorporation on greenhouse gas emissions and soil properties in cold-region paddy soils,2025,"Huang, Jianyi",Mendeley Data,Dataset,https://data.mendeley.com/datasets/y75gr8m6bw,True,10.17632/y75gr8m6bw,datacite,"(titles.title:straw OR titles.title:""crop residue"") AND (titles.title:meta OR titles.title:dataset)",TITLE_SCREEN_ONLY_NOT_FORMAL_EVIDENCE,False
datacite,"(titles.title:straw OR titles.title:""crop residue"") AND (titles.title:meta OR titles.title:dataset)",10.21223/p3/ieikh5,"Dataset for: Potato production under zero tillage with straw mulch during 2024-2025 season in agronomic trials in the Khulna district, Bangladesh (Soil analysis and agronomic data)",2025,"Hossain, Monower",International Potato Center,Dataset,http://localhost:8080/citation?persistentId=doi:10.21223/P3/IEIKH5,True,10.21223/p3/ieikh5,datacite,"(titles.title:straw OR titles.title:""crop residue"") AND (titles.title:meta OR titles.title:dataset)",TITLE_SCREEN_ONLY_NOT_FORMAL_EVIDENCE,False
datacite,"(titles.title:straw OR titles.title:""crop residue"") AND (titles.title:meta OR titles.title:dataset)",10.25345/c5c824t4s,"MassIVE MSV000099702 - Aspergillus fumigatus metabelomics after rice straw treatment This metabolomic dataset investigates the effect of HBC-HA on Aspergillus fumigatus AF01 during rice straw degradation. It includes data from four experimental conditions: fungus with substrate, with substrate and HBC-HA, and relevant controls.",2025,"Khalil, Mohamed N.",MassIVE,Dataset,https://massive.ucsd.edu/ProteoSAFe/dataset.jsp?accession=MSV000099702,True,10.25345/c5c824t4s,datacite,"(titles.title:straw OR titles.title:""crop residue"") AND (titles.title:meta OR titles.title:dataset)",TITLE_SCREEN_ONLY_NOT_FORMAL_EVIDENCE,False
datacite,"(titles.title:straw OR titles.title:""crop residue"") AND (titles.title:meta OR titles.title:dataset)",10.17632/y75gr8m6bw.1,Dataset on the effects of artificial humic substances and straw incorporation on greenhouse gas emissions and soil properties in cold-region paddy soils,2025,"Huang, Jianyi",Mendeley Data,Dataset,https://data.mendeley.com/datasets/y75gr8m6bw/1,True,10.17632/y75gr8m6bw.1,datacite,"(titles.title:straw OR titles.title:""crop residue"") AND (titles.title:meta OR titles.title:dataset)",TITLE_SCREEN_ONLY_NOT_FORMAL_EVIDENCE,False
datacite,"(titles.title:straw OR titles.title:""crop residue"") AND (titles.title:meta OR titles.title:dataset)",10.15454/s1mtzg,Dataset of rheological properties of fine powders from pine bark and wheat straw produced by different milling and mixing itineraries,2021,Pierre-Alann Cablé,Portail Data INRAE,Dataset,https://data.inrae.fr/citation?persistentId=doi:10.15454/S1MTZG,True,10.15454/s1mtzg,datacite,"(titles.title:straw OR titles.title:""crop residue"") AND (titles.title:meta OR titles.title:dataset)",TITLE_SCREEN_ONLY_NOT_FORMAL_EVIDENCE,False
datacite,"(titles.title:straw OR titles.title:""crop residue"") AND (titles.title:meta OR titles.title:dataset)",10.5281/zenodo.15608526,Dataset for article: Transported smoke from crop residue burning as the major source of organic aerosol and health risks in northern Indian cities during post-monsoon,2025,"Hao, Yufang",Zenodo,Dataset,https://zenodo.org/doi/10.5281/zenodo.15608526,True,10.5281/zenodo.15608526,datacite,"(titles.title:straw OR titles.title:""crop residue"") AND (titles.title:meta OR titles.title:dataset) || titles.title:""crop residue"" AND (titles.title:burning OR titles.title:removal)",TITLE_SCREEN_ONLY_NOT_FORMAL_EVIDENCE,False
datacite,"(titles.title:straw OR titles.title:""crop residue"") AND (titles.title:meta OR titles.title:dataset)",10.5281/zenodo.15608527,Dataset for article: Transported smoke from crop residue burning as the major source of organic aerosol and health risks in northern Indian cities during post-monsoon,2025,"Hao, Yufang",Zenodo,Dataset,https://zenodo.org/doi/10.5281/zenodo.15608527,True,10.5281/zenodo.15608527,datacite,"(titles.title:straw OR titles.title:""crop residue"") AND (titles.title:meta OR titles.title:dataset) || titles.title:""crop residue"" AND (titles.title:burning OR titles.title:removal)",TITLE_SCREEN_ONLY_NOT_FORMAL_EVIDENCE,False
datacite,"(titles.title:straw OR titles.title:""crop residue"") AND (titles.title:meta OR titles.title:dataset)",10.6084/m9.figshare.28703030.v1,Predicting soil reactive nitrogen losses under straw return based on straw biochemical characteristics: A meta-analysis,2025,"Jiang, Qingwen",figshare,Dataset,https://figshare.com/articles/dataset/_b_Predicting_soil_reactive_nitrogen_losses_under_straw_return_based_on_straw_biochemical_characteristics_A_meta-analysis_b_/28703030/1,True,10.6084/m9.figshare.28703030.v1,datacite,"(titles.title:straw OR titles.title:""crop residue"") AND (titles.title:meta OR titles.title:dataset)",TITLE_SCREEN_ONLY_NOT_FORMAL_EVIDENCE,False
datacite,"(titles.title:straw OR titles.title:""crop residue"") AND (titles.title:meta OR titles.title:dataset)",10.6084/m9.figshare.22707691.v1,Meta-Crop residue return achieves environmental mitigation and enhances grain yield-Supplementary Date(2).xlsx,2023,"Liu, Ji",figshare,Dataset,https://figshare.com/articles/dataset/Meta-Crop_residue_return_achieves_environmental_mitigation_and_enhances_grain_yield-Supplementary_Date_2_xlsx/22707691/1,True,10.6084/m9.figshare.22707691.v1,datacite,"(titles.title:straw OR titles.title:""crop residue"") AND (titles.title:meta OR titles.title:dataset)",TITLE_SCREEN_ONLY_NOT_FORMAL_EVIDENCE,False
datacite,"(titles.title:straw OR titles.title:""crop residue"") AND (titles.title:meta OR titles.title:dataset)",10.6084/m9.figshare.15134754.v1,Straw Experiment Dataset,2021,"Salazar, Gabby",figshare,Dataset,https://figshare.com/articles/dataset/Straw_Experiment_Dataset/15134754/1,True,10.6084/m9.figshare.15134754.v1,datacite,"(titles.title:straw OR titles.title:""crop residue"") AND (titles.title:meta OR titles.title:dataset)",TITLE_SCREEN_ONLY_NOT_FORMAL_EVIDENCE,False
datacite,"(titles.title:straw OR titles.title:""crop residue"") AND (titles.title:meta OR titles.title:dataset)",10.17632/nmpz7g752t,Fertility evolution in the inter-row topsoil of two Valencian citrus orchards under bare-kept and straw-mulched treatments throughout 2019-2021 – A dataset  ,2023,Fernando Visconti,Mendeley,Dataset,https://data.mendeley.com/datasets/nmpz7g752t,True,10.17632/nmpz7g752t,datacite,"(titles.title:straw OR titles.title:""crop residue"") AND (titles.title:meta OR titles.title:dataset)",TITLE_SCREEN_ONLY_NOT_FORMAL_EVIDENCE,False
datacite,"(titles.title:straw OR titles.title:""crop residue"") AND (titles.title:meta OR titles.title:dataset)",10.57760/sciencedb.iga.01037,"Remote sensing inversion dataset of straw coverage in Daqing City, Heilongjiang Province (2021) 黑龙江省大庆市秸秆覆盖度遥感反演数据集（2021年）",2024,,Science Data Bank,Dataset,https://www.scidb.cn/detail?dataSetId=DS_8c5b572080aa4d5b8e0c85a18012af6b,True,10.57760/sciencedb.iga.01037,datacite,"(titles.title:straw OR titles.title:""crop residue"") AND (titles.title:meta OR titles.title:dataset)",TITLE_SCREEN_ONLY_NOT_FORMAL_EVIDENCE,False
datacite,"(titles.title:straw OR titles.title:""crop residue"") AND (titles.title:meta OR titles.title:dataset)",10.57760/sciencedb.iga.00456,Dataset for Comprehensive Utilization Technology of Agricultural Straw (2011) 农田秸秆综合利用技术数据集（2011年）,2023,宋春雨,Science Data Bank,Dataset,https://www.scidb.cn/detail?dataSetId=DS_ba9361a74e624e04b05e244563c71078,True,10.57760/sciencedb.iga.00456,datacite,"(titles.title:straw OR titles.title:""crop residue"") AND (titles.title:meta OR titles.title:dataset)",TITLE_SCREEN_ONLY_NOT_FORMAL_EVIDENCE,False
datacite,"(titles.title:straw OR titles.title:""crop residue"") AND (titles.title:meta OR titles.title:dataset)",10.57760/sciencedb.07323,"The dataset of straw effects on crop yield, soil properties and greenhouse gases emissions The dataset of straw effects on crop yield, soil properties and greenhouse gases emissions",2023,Pengfei Li,Science Data Bank,Dataset,https://www.scidb.cn/detail?dataSetId=f64e1deb4de649f4b364d85500075d30,True,10.57760/sciencedb.07323,datacite,"(titles.title:straw OR titles.title:""crop residue"") AND (titles.title:meta OR titles.title:dataset)",TITLE_SCREEN_ONLY_NOT_FORMAL_EVIDENCE,False
datacite,"(titles.title:straw OR titles.title:""crop residue"") AND (titles.title:meta OR titles.title:dataset)",10.21231/dyy8-da40,Forage dataset of the Lancaster feeding trial with beef cows fed Kernza straw,2024,"Pizarro, Dante",University of Wisconsin–Madison,Dataset,https://minds.wisconsin.edu/handle/1793/89705,True,10.21231/dyy8-da40,datacite,"(titles.title:straw OR titles.title:""crop residue"") AND (titles.title:meta OR titles.title:dataset)",TITLE_SCREEN_ONLY_NOT_FORMAL_EVIDENCE,False
datacite,"(titles.title:straw OR titles.title:""crop residue"") AND (titles.title:meta OR titles.title:dataset)",10.21231/4e65-m956,Animal dataset of the Lancaster feeding trial with beef cows fed Kernza straw,2024,"Pizarro, Dante",University of Wisconsin–Madison,Dataset,https://minds.wisconsin.edu/handle/1793/89706,True,10.21231/4e65-m956,datacite,"(titles.title:straw OR titles.title:""crop residue"") AND (titles.title:meta OR titles.title:dataset)",TITLE_SCREEN_ONLY_NOT_FORMAL_EVIDENCE,False
datacite,"(titles.title:straw OR titles.title:""crop residue"") AND (titles.title:meta OR titles.title:dataset)",10.5281/zenodo.14802225,Dataset for Edible Straw Perspective,2025,"PUTRI, SALSABILA RAMADHANIA",Zenodo,Dataset,https://zenodo.org/doi/10.5281/zenodo.14802225,True,10.5281/zenodo.14802225,datacite,"(titles.title:straw OR titles.title:""crop residue"") AND (titles.title:meta OR titles.title:dataset)",TITLE_SCREEN_ONLY_NOT_FORMAL_EVIDENCE,False
datacite,"(titles.title:straw OR titles.title:""crop residue"") AND (titles.title:meta OR titles.title:dataset)",10.5281/zenodo.14802224,Dataset for Edible Straw Perspective,2025,"PUTRI, SALSABILA RAMADHANIA",Zenodo,Dataset,https://zenodo.org/doi/10.5281/zenodo.14802224,True,10.5281/zenodo.14802224,datacite,"(titles.title:straw OR titles.title:""crop residue"") AND (titles.title:meta OR titles.title:dataset)",TITLE_SCREEN_ONLY_NOT_FORMAL_EVIDENCE,False
datacite,"(titles.title:straw OR titles.title:""crop residue"") AND (titles.title:meta OR titles.title:dataset)",10.21223/7yojil,"Dataset for: Potato production under zero tillage with straw mulch during 2023-2024 season in agronomic trials in the Khulna district, Bangladesh (Soil analysis and agronomic data)",2025,"Hossain, Monower",International Potato Center,Dataset,https://data.cipotato.org/citation?persistentId=doi:10.21223/7YOJIL,True,10.21223/7yojil,datacite,"(titles.title:straw OR titles.title:""crop residue"") AND (titles.title:meta OR titles.title:dataset)",TITLE_SCREEN_ONLY_NOT_FORMAL_EVIDENCE,False
datacite,"(titles.title:straw OR titles.title:""crop residue"") AND (titles.title:meta OR titles.title:dataset)",10.6084/m9.figshare.27932253.v2,Are there links between extracellular enzymes and soil carbon or nitrogen content under straw return? A meta-analysis,2024,"Li, Yue",figshare,Dataset,https://figshare.com/articles/dataset/_b_Soil_carbon_b_b_and_nitrogen_cycling_b_b_with_b_b_straw_return_b_b_b_b_E_b_b_vidence_from_b_b_extracellular_enzymes_b_/27932253/2,True,10.6084/m9.figshare.27932253.v2,datacite,"(titles.title:straw OR titles.title:""crop residue"") AND (titles.title:meta OR titles.title:dataset)",TITLE_SCREEN_ONLY_NOT_FORMAL_EVIDENCE,False
datacite,"(titles.title:straw OR titles.title:""crop residue"") AND (titles.title:meta OR titles.title:dataset)",10.6084/m9.figshare.27932253,Are there links between extracellular enzymes and soil carbon or nitrogen content under straw return? A meta-analysis,2024,"Li, Yue",figshare,Dataset,https://figshare.com/articles/dataset/_b_Soil_carbon_b_b_and_nitrogen_cycling_b_b_with_b_b_straw_return_b_b_b_b_E_b_b_vidence_from_b_b_extracellular_enzymes_b_/27932253,True,10.6084/m9.figshare.27932253,datacite,"(titles.title:straw OR titles.title:""crop residue"") AND (titles.title:meta OR titles.title:dataset)",TITLE_SCREEN_ONLY_NOT_FORMAL_EVIDENCE,False
datacite,"(titles.title:straw OR titles.title:""crop residue"") AND (titles.title:meta OR titles.title:dataset)",10.6084/m9.figshare.27313266.v1,Dataset for sustained superiority of biochar over straw for enhancing soil biological-phosphorus via the mediation of phoD-harboring bacteria in subtropical Moso bamboo forests,2024,"Jiang, Zhenhui",figshare,Dataset,https://figshare.com/articles/dataset/_b_Dataset_for_s_b_b_ustained_superiority_of_biochar_over_straw_for_enhancing_soil_biological-phosphorus_via_the_mediation_of_b_b_i_pho_i_b_b_D-harboring_bacteria_in_subtropical_Moso_bamboo_forests_b_/27313266/1,True,10.6084/m9.figshare.27313266.v1,datacite,"(titles.title:straw OR titles.title:""crop residue"") AND (titles.title:meta OR titles.title:dataset)",TITLE_SCREEN_ONLY_NOT_FORMAL_EVIDENCE,False
datacite,"(titles.title:straw OR titles.title:""crop residue"") AND (titles.title:meta OR titles.title:dataset)",10.6084/m9.figshare.27313266,Dataset for sustained superiority of biochar over straw for enhancing soil biological-phosphorus via the mediation of phoD-harboring bacteria in subtropical Moso bamboo forests,2024,"Jiang, Zhenhui",figshare,Dataset,https://figshare.com/articles/dataset/_b_Dataset_for_s_b_b_ustained_superiority_of_biochar_over_straw_for_enhancing_soil_biological-phosphorus_via_the_mediation_of_b_b_i_pho_i_b_b_D-harboring_bacteria_in_subtropical_Moso_bamboo_forests_b_/27313266,True,10.6084/m9.figshare.27313266,datacite,"(titles.title:straw OR titles.title:""crop residue"") AND (titles.title:meta OR titles.title:dataset)",TITLE_SCREEN_ONLY_NOT_FORMAL_EVIDENCE,False
datacite,"(titles.title:straw OR titles.title:""crop residue"") AND (titles.title:meta OR titles.title:dataset)",10.20350/digitalcsic/15138,Valorization of different landrace and commercial sorghum (Sorghum bicolor (L.) Moench) straw varieties by anaerobic digestion [Dataset],2022,"De La Lama-Calvente, David",Zenodo,Dataset,https://digital.csic.es/handle/10261/295478,True,10.20350/digitalcsic/15138,datacite,"(titles.title:straw OR titles.title:""crop residue"") AND (titles.title:meta OR titles.title:dataset)",TITLE_SCREEN_ONLY_NOT_FORMAL_EVIDENCE,False
datacite,"(titles.title:straw OR titles.title:""crop residue"") AND (titles.title:meta OR titles.title:dataset)",10.48550/arxiv.2403.00566,Lincoln's Annotated Spatio-Temporal Strawberry Dataset (LAST-Straw),2024,"James, Katherine Margaret Frances",arXiv,Preprint,https://arxiv.org/abs/2403.00566,True,10.48550/arxiv.2403.00566,datacite,"(titles.title:straw OR titles.title:""crop residue"") AND (titles.title:meta OR titles.title:dataset)",TITLE_SCREEN_ONLY_NOT_FORMAL_EVIDENCE,False
datacite,"(titles.title:straw OR titles.title:""crop residue"") AND (titles.title:meta OR titles.title:dataset)",10.35097/989,Global crop residue management dataset (1997 - 2021),2023,"Smerald, Andrew",Karlsruhe Institute of Technology,Dataset,https://radar.kit.edu/radar/en/dataset/oYtWbDCHbOmIyUQr,True,10.35097/989,datacite,"(titles.title:straw OR titles.title:""crop residue"") AND (titles.title:meta OR titles.title:dataset)",TITLE_SCREEN_ONLY_NOT_FORMAL_EVIDENCE,False
datacite,"(titles.title:straw OR titles.title:""crop residue"") AND (titles.title:meta OR titles.title:dataset)",10.21223/caqq9n,"Dataset for: Potato production through zero-tillage with straw mulch during 2021-2022 season in agronomic trials in the Khulna district, Bangladesh (Soil analysis and yield data)",2022,"Hossain, Monower",International Potato Center,Dataset,https://data.cipotato.org/citation?persistentId=doi:10.21223/CAQQ9N,True,10.21223/caqq9n,datacite,"(titles.title:straw OR titles.title:""crop residue"") AND (titles.title:meta OR titles.title:dataset)",TITLE_SCREEN_ONLY_NOT_FORMAL_EVIDENCE,False
datacite,"(titles.title:straw OR titles.title:""crop residue"") AND (titles.title:meta OR titles.title:dataset)",10.21223/tjfyyd,"Dataset for: Potato production through zero-tillage with straw mulch during 2022-2023 season in agronomic trials in the Khulna district, Bangladesh (Soil analysis and yield data)",2023,"Hossain, Monower",International Potato Center,Dataset,https://data.cipotato.org/citation?persistentId=doi:10.21223/TJFYYD,True,10.21223/tjfyyd,datacite,"(titles.title:straw OR titles.title:""crop residue"") AND (titles.title:meta OR titles.title:dataset)",TITLE_SCREEN_ONLY_NOT_FORMAL_EVIDENCE,False
datacite,"(titles.title:straw OR titles.title:""crop residue"") AND (titles.title:meta OR titles.title:dataset)",10.6084/m9.figshare.22707691,Meta-Crop residue return achieves environmental mitigation and enhances grain yield-Supplementary Date(2).xlsx,2023,"Liu, Ji",figshare,Dataset,https://figshare.com/articles/dataset/Meta-Crop_residue_return_achieves_environmental_mitigation_and_enhances_grain_yield-Supplementary_Date_2_xlsx/22707691,True,10.6084/m9.figshare.22707691,datacite,"(titles.title:straw OR titles.title:""crop residue"") AND (titles.title:meta OR titles.title:dataset)",TITLE_SCREEN_ONLY_NOT_FORMAL_EVIDENCE,False
datacite,"(titles.title:straw OR titles.title:""crop residue"") AND (titles.title:meta OR titles.title:dataset)",10.17632/nmpz7g752t.1,Fertility evolution in the inter-row topsoil of two Valencian citrus orchards under bare-kept and straw-mulched treatments throughout 2019-2021 – A dataset  ,2023,Fernando Visconti,Mendeley,Dataset,https://data.mendeley.com/datasets/nmpz7g752t/1,True,10.17632/nmpz7g752t.1,datacite,"(titles.title:straw OR titles.title:""crop residue"") AND (titles.title:meta OR titles.title:dataset)",TITLE_SCREEN_ONLY_NOT_FORMAL_EVIDENCE,False
datacite,"(titles.title:straw OR titles.title:""crop residue"") AND (titles.title:meta OR titles.title:dataset)",10.57760/sciencedb.o00113.00005,"Dataset for bacterial community and metagenome in soils affected by straw, biochar and ash 经秸秆、生物炭和飞灰处理后的土壤细菌群落和宏基因组数据集",2022,"Huang, Xu",Science Data Bank,Dataset,https://www.scidb.cn/en/detail?dataSetId=46e39e8c4be74daa95812833a64265d4,True,10.57760/sciencedb.o00113.00005,datacite,"(titles.title:straw OR titles.title:""crop residue"") AND (titles.title:meta OR titles.title:dataset)",TITLE_SCREEN_ONLY_NOT_FORMAL_EVIDENCE,False
datacite,"(titles.title:straw OR titles.title:""crop residue"") AND (titles.title:meta OR titles.title:dataset)",10.6084/m9.figshare.15134754,Straw Experiment Dataset,2021,"Salazar, Gabby",figshare,Dataset,https://figshare.com/articles/dataset/Straw_Experiment_Dataset/15134754,True,10.6084/m9.figshare.15134754,datacite,"(titles.title:straw OR titles.title:""crop residue"") AND (titles.title:meta OR titles.title:dataset)",TITLE_SCREEN_ONLY_NOT_FORMAL_EVIDENCE,False
datacite,titles.title:biochar AND (titles.title:yield OR titles.title:emissions),10.5281/zenodo.22872205,"Yield Productivity and Economic Benefits of Maize as Influenced by Integrated Nutrient Management of Biochar, Chicken Manure and NPK Fertiliser in the Transitional Zone of Ghana",2026,"Appiah, Emmanuel",Zenodo,ConferenceProceeding,https://zenodo.org/doi/10.5281/zenodo.22872205,True,10.5281/zenodo.22872205,datacite,titles.title:biochar AND (titles.title:yield OR titles.title:emissions),TITLE_SCREEN_ONLY_NOT_FORMAL_EVIDENCE,False
datacite,titles.title:biochar AND (titles.title:yield OR titles.title:emissions),10.5281/zenodo.22872206,"Yield Productivity and Economic Benefits of Maize as Influenced by Integrated Nutrient Management of Biochar, Chicken Manure and NPK Fertiliser in the Transitional Zone of Ghana",2026,"Appiah, Emmanuel",Zenodo,ConferenceProceeding,https://zenodo.org/doi/10.5281/zenodo.22872206,True,10.5281/zenodo.22872206,datacite,titles.title:biochar AND (titles.title:yield OR titles.title:emissions),TITLE_SCREEN_ONLY_NOT_FORMAL_EVIDENCE,False
datacite,titles.title:biochar AND (titles.title:yield OR titles.title:emissions),10.5285/2757e972-a7fe-494d-92c3-c3205dfdef19,Soil properties and soil greenhouse gas emissions in biochar-amended bioenergy soils incubated under controlled laboratory conditions,2014,"Case, S.D.C.",NERC Environmental Information Data Centre,Dataset,https://catalogue.ceh.ac.uk/id/2757e972-a7fe-494d-92c3-c3205dfdef19,True,10.5285/2757e972-a7fe-494d-92c3-c3205dfdef19,datacite,titles.title:biochar AND (titles.title:yield OR titles.title:emissions),TITLE_SCREEN_ONLY_NOT_FORMAL_EVIDENCE,False
datacite,titles.title:biochar AND (titles.title:yield OR titles.title:emissions),10.5285/e9baffd1-18ad-435e-94e2-01e49c14c547,Soil properties and soil greenhouse gas emissions in biochar-amended bioenergy soils undergoing long term field incubation,2014,"Case, S.D.C.",NERC Environmental Information Data Centre,Dataset,https://catalogue.ceh.ac.uk/id/e9baffd1-18ad-435e-94e2-01e49c14c547,True,10.5285/e9baffd1-18ad-435e-94e2-01e49c14c547,datacite,titles.title:biochar AND (titles.title:yield OR titles.title:emissions),TITLE_SCREEN_ONLY_NOT_FORMAL_EVIDENCE,False
datacite,titles.title:biochar AND (titles.title:yield OR titles.title:emissions),10.5281/zenodo.22749745,"Monitoring of greenhouse gases (CO, CH4, N2O) and NH3 emissions from cattle manure after biochar application",2026,"Omirou, Michalis",Zenodo,Text,https://zenodo.org/doi/10.5281/zenodo.22749745,True,10.5281/zenodo.22749745,datacite,titles.title:biochar AND (titles.title:yield OR titles.title:emissions),TITLE_SCREEN_ONLY_NOT_FORMAL_EVIDENCE,False
datacite,titles.title:biochar AND (titles.title:yield OR titles.title:emissions),10.5281/zenodo.22749746,"Monitoring of greenhouse gases (CO, CH4, N2O) and NH3 emissions from cattle manure after biochar application",2026,"Omirou, Michalis",Zenodo,Text,https://zenodo.org/doi/10.5281/zenodo.22749746,True,10.5281/zenodo.22749746,datacite,titles.title:biochar AND (titles.title:yield OR titles.title:emissions),TITLE_SCREEN_ONLY_NOT_FORMAL_EVIDENCE,False
datacite,titles.title:biochar AND (titles.title:yield OR titles.title:emissions),10.5281/zenodo.19920020,Experimental dataset on soil and tomato yield parameters associated with biochar treatments,2026,"Namoussa, Mohammed",Zenodo,Dataset,https://zenodo.org/doi/10.5281/zenodo.19920020,True,10.5281/zenodo.19920020,datacite,titles.title:biochar AND (titles.title:yield OR titles.title:emissions),TITLE_SCREEN_ONLY_NOT_FORMAL_EVIDENCE,False
datacite,titles.title:biochar AND (titles.title:yield OR titles.title:emissions),10.5281/zenodo.19920021,Experimental dataset on soil and tomato yield parameters associated with biochar treatments,2026,"Namoussa, Mohammed",Zenodo,Dataset,https://zenodo.org/doi/10.5281/zenodo.19920021,True,10.5281/zenodo.19920021,datacite,titles.title:biochar AND (titles.title:yield OR titles.title:emissions),TITLE_SCREEN_ONLY_NOT_FORMAL_EVIDENCE,False
datacite,titles.title:biochar AND (titles.title:yield OR titles.title:emissions),10.5281/zenodo.22671399,Application of Goat Manure and Coconut Shell Biochar to Improve the Growth and Yield of Lettuce (Lactuca sativa L.) on Inland Peat Soil,2026,Titin Apung Atikah,RA JOURNAL OF APPLIED RESEARCH,JournalArticle,https://zenodo.org/doi/10.5281/zenodo.22671399,True,10.5281/zenodo.22671399,datacite,titles.title:biochar AND (titles.title:yield OR titles.title:emissions),TITLE_SCREEN_ONLY_NOT_FORMAL_EVIDENCE,False
datacite,titles.title:biochar AND (titles.title:yield OR titles.title:emissions),10.5281/zenodo.22671400,Application of Goat Manure and Coconut Shell Biochar to Improve the Growth and Yield of Lettuce (Lactuca sativa L.) on Inland Peat Soil,2026,Titin Apung Atikah,RA JOURNAL OF APPLIED RESEARCH,JournalArticle,https://zenodo.org/doi/10.5281/zenodo.22671400,True,10.5281/zenodo.22671400,datacite,titles.title:biochar AND (titles.title:yield OR titles.title:emissions),TITLE_SCREEN_ONLY_NOT_FORMAL_EVIDENCE,False
datacite,titles.title:biochar AND (titles.title:yield OR titles.title:emissions),10.5281/zenodo.21362162,"Biochar-Stabilized Human Urine Fertilizer for Enhanced Growth and Chlorophyll Yield in Urban Vegetable Farming in Yenagoa, Bayelsa State, Nigeria",2026,Alpha Henry Ebiowei; Patani Dudutari Edmund; Araka Akugbenebibo Dominic & Ezern Sebhaziba Benjamin,Zenodo,JournalArticle,https://zenodo.org/doi/10.5281/zenodo.21362162,True,10.5281/zenodo.21362162,datacite,titles.title:biochar AND (titles.title:yield OR titles.title:emissions),TITLE_SCREEN_ONLY_NOT_FORMAL_EVIDENCE,False
datacite,titles.title:biochar AND (titles.title:yield OR titles.title:emissions),10.5281/zenodo.21362163,"Biochar-Stabilized Human Urine Fertilizer for Enhanced Growth and Chlorophyll Yield in Urban Vegetable Farming in Yenagoa, Bayelsa State, Nigeria",2026,Alpha Henry Ebiowei; Patani Dudutari Edmund; Araka Akugbenebibo Dominic & Ezern Sebhaziba Benjamin,Zenodo,JournalArticle,https://zenodo.org/doi/10.5281/zenodo.21362163,True,10.5281/zenodo.21362163,datacite,titles.title:biochar AND (titles.title:yield OR titles.title:emissions),TITLE_SCREEN_ONLY_NOT_FORMAL_EVIDENCE,False
datacite,titles.title:biochar AND (titles.title:yield OR titles.title:emissions),10.5281/zenodo.20506169,"Mass Balance, Yield, and Carbon-Credit Economics of Biochar from Certified Wood Pellets: A Single-Batch Tube-in-Tube Pyrolysis Snapshot",2026,"Spagnuolo, Damien",Zenodo,JournalArticle,https://zenodo.org/doi/10.5281/zenodo.20506169,True,10.5281/zenodo.20506169,datacite,titles.title:biochar AND (titles.title:yield OR titles.title:emissions),TITLE_SCREEN_ONLY_NOT_FORMAL_EVIDENCE,False
datacite,titles.title:biochar AND (titles.title:yield OR titles.title:emissions),10.5281/zenodo.20506170,"Mass Balance, Yield, and Carbon-Credit Economics of Biochar from Certified Wood Pellets: A Single-Batch Tube-in-Tube Pyrolysis Snapshot",2026,"Spagnuolo, Damien",Zenodo,JournalArticle,https://zenodo.org/doi/10.5281/zenodo.20506170,True,10.5281/zenodo.20506170,datacite,titles.title:biochar AND (titles.title:yield OR titles.title:emissions),TITLE_SCREEN_ONLY_NOT_FORMAL_EVIDENCE,False
datacite,titles.title:biochar AND (titles.title:yield OR titles.title:emissions),10.5281/zenodo.20629918,"Emissions of nitrous oxide and methane after field application of treated liquid organic fertilizers (anaerobic digestion, biochar, acidification and ammonia-stripping)",2026,"Agostini, Lucilla",Zenodo,Dataset,https://zenodo.org/doi/10.5281/zenodo.20629918,True,10.5281/zenodo.20629918,datacite,titles.title:biochar AND (titles.title:yield OR titles.title:emissions),TITLE_SCREEN_ONLY_NOT_FORMAL_EVIDENCE,False
datacite,titles.title:biochar AND (titles.title:yield OR titles.title:emissions),10.5281/zenodo.20629919,"Emissions of nitrous oxide and methane after field application of treated liquid organic fertilizers (anaerobic digestion, biochar, acidification and ammonia-stripping)",2026,"Agostini, Lucilla",Zenodo,Dataset,https://zenodo.org/doi/10.5281/zenodo.20629919,True,10.5281/zenodo.20629919,datacite,titles.title:biochar AND (titles.title:yield OR titles.title:emissions),TITLE_SCREEN_ONLY_NOT_FORMAL_EVIDENCE,False
datacite,titles.title:biochar AND (titles.title:yield OR titles.title:emissions),10.2314/gbv:886729068,"Co2-negative Energieerzeugung und Schließung regionaler Stoffkreisläufe im ländlichen Raum des Wendlandes, CLIMACARBO : Schlussbericht zum Vorhaben : Laufzeit: 01.03.2012 bis 28.02.2015 (36 Monate), kostenneutrale Verlängerung bis 31.12.2015 (10 Monate) Verbundforschungsprojekt CLIMACARBO Effects of biochar-organic fertilizers on soil fertility, C sequestration, nutrient leaching, and greenhouse gas emissions (acronym: CLIMACARBO)",2016,"Glaser, Bruno",[Pyreg GmbH],Report,https://www.tib.eu/suchen/id/TIBKAT:886729068/,True,10.2314/gbv:886729068,datacite,titles.title:biochar AND (titles.title:yield OR titles.title:emissions),TITLE_SCREEN_ONLY_NOT_FORMAL_EVIDENCE,False
datacite,titles.title:biochar AND (titles.title:yield OR titles.title:emissions),10.5683/sp3/x3s8vo,"Effects of switchgrass biochar amendment rate on soybean growth, yield, and seed quality in peat-based substrate with and without complete fertigation",2026,"Poulimenos, Konstantinos",Borealis,Dataset,https://borealisdata.ca/citation?persistentId=doi:10.5683/SP3/X3S8VO,True,10.5683/sp3/x3s8vo,datacite,titles.title:biochar AND (titles.title:yield OR titles.title:emissions),TITLE_SCREEN_ONLY_NOT_FORMAL_EVIDENCE,False
datacite,titles.title:biochar AND (titles.title:yield OR titles.title:emissions),10.5281/zenodo.22073226,Mitigating foliar methane and nitrous oxide emissions in urban street trees through biochar amendments,2026,"Karim, Md Rezaul",Zenodo,ConferencePaper,https://zenodo.org/doi/10.5281/zenodo.22073226,True,10.5281/zenodo.22073226,datacite,titles.title:biochar AND (titles.title:yield OR titles.title:emissions),TITLE_SCREEN_ONLY_NOT_FORMAL_EVIDENCE,False
datacite,titles.title:biochar AND (titles.title:yield OR titles.title:emissions),10.13140/rg.2.2.22620.96649,Biochar: RED Emissions and Mass-Energy Balance,2026,Syeda Mahnoor Ali,Unpublished,Text,https://www.researchgate.net/doi/10.13140/RG.2.2.22620.96649,True,10.13140/rg.2.2.22620.96649,datacite,titles.title:biochar AND (titles.title:yield OR titles.title:emissions),TITLE_SCREEN_ONLY_NOT_FORMAL_EVIDENCE,False
datacite,titles.title:biochar AND (titles.title:yield OR titles.title:emissions),10.34657/368,Role of biogas and biochar palm oil residues for reduction of greenhouse gas emissions in the biodiesel production,2015,"Harsono, Soni Sisbudi",Amsterdam : Elsevier,JournalArticle,https://oa.tib.eu/renate/handle/123456789/4534,True,10.34657/368,datacite,titles.title:biochar AND (titles.title:yield OR titles.title:emissions),TITLE_SCREEN_ONLY_NOT_FORMAL_EVIDENCE,False
datacite,titles.title:biochar AND (titles.title:yield OR titles.title:emissions),10.5281/zenodo.20841002,"Impact of Biochar and Organic Fertilizer Integration on Growth, Yield, and Soil Health in Tomato (Solanum lycopersicum L.)",2026,Journal for Current Sign,Zenodo,Text,https://zenodo.org/doi/10.5281/zenodo.20841002,True,10.5281/zenodo.20841002,datacite,titles.title:biochar AND (titles.title:yield OR titles.title:emissions),TITLE_SCREEN_ONLY_NOT_FORMAL_EVIDENCE,False
datacite,titles.title:biochar AND (titles.title:yield OR titles.title:emissions),10.5281/zenodo.20841003,"Impact of Biochar and Organic Fertilizer Integration on Growth, Yield, and Soil Health in Tomato (Solanum lycopersicum L.)",2026,Journal for Current Sign,Zenodo,Text,https://zenodo.org/doi/10.5281/zenodo.20841003,True,10.5281/zenodo.20841003,datacite,titles.title:biochar AND (titles.title:yield OR titles.title:emissions),TITLE_SCREEN_ONLY_NOT_FORMAL_EVIDENCE,False
datacite,titles.title:biochar AND (titles.title:yield OR titles.title:emissions),10.17170/kobra-2026080512318,Effects of Biochar and Maize Roots on CO2 Emissions and Microbial Biomass C in Loess Soils,2026,"Ludwig, Bernard",KOBRA Universität Kassel,Text,https://kobra.uni-kassel.de/handle/123456789/201810226996,True,10.17170/kobra-2026080512318,datacite,titles.title:biochar AND (titles.title:yield OR titles.title:emissions),TITLE_SCREEN_ONLY_NOT_FORMAL_EVIDENCE,False
datacite,titles.title:biochar AND (titles.title:yield OR titles.title:emissions),10.5281/zenodo.19929126,"Data for: Effect of biochar and basanite on maize yield, fertilizer efficiency and phosphorus sorption in a tropical Oxisol (PyMiCCS Kenya field trial)",2026,"Meyer zu Drewer, Johannes",Zenodo,Dataset,https://zenodo.org/doi/10.5281/zenodo.19929126,True,10.5281/zenodo.19929126,datacite,titles.title:biochar AND (titles.title:yield OR titles.title:emissions),TITLE_SCREEN_ONLY_NOT_FORMAL_EVIDENCE,False
datacite,titles.title:biochar AND (titles.title:yield OR titles.title:emissions),10.5281/zenodo.19929127,"Data for: Effect of biochar and basanite on maize yield, fertilizer efficiency and phosphorus sorption in a tropical Oxisol (PyMiCCS Kenya field trial)",2026,"Meyer zu Drewer, Johannes",Zenodo,Dataset,https://zenodo.org/doi/10.5281/zenodo.19929127,True,10.5281/zenodo.19929127,datacite,titles.title:biochar AND (titles.title:yield OR titles.title:emissions),TITLE_SCREEN_ONLY_NOT_FORMAL_EVIDENCE,False
datacite,titles.title:biochar AND (titles.title:yield OR titles.title:emissions),10.5281/zenodo.21562976,Assessment of the Effect of Biochar and Leucaena Leucocephala on the Growth and Yield of Maize (Zea mays),2019,"Numafo-Brempong, Lydia",Zenodo,JournalArticle,https://zenodo.org/doi/10.5281/zenodo.21562976,True,10.5281/zenodo.21562976,datacite,titles.title:biochar AND (titles.title:yield OR titles.title:emissions),TITLE_SCREEN_ONLY_NOT_FORMAL_EVIDENCE,False
datacite,titles.title:biochar AND (titles.title:yield OR titles.title:emissions),10.5281/zenodo.21562977,Assessment of the Effect of Biochar and Leucaena Leucocephala on the Growth and Yield of Maize (Zea mays),2019,"Numafo-Brempong, Lydia",Zenodo,JournalArticle,https://zenodo.org/doi/10.5281/zenodo.21562977,True,10.5281/zenodo.21562977,datacite,titles.title:biochar AND (titles.title:yield OR titles.title:emissions),TITLE_SCREEN_ONLY_NOT_FORMAL_EVIDENCE,False
datacite,titles.title:biochar AND (titles.title:yield OR titles.title:emissions),10.5281/zenodo.20653018,Biochar-blended urea enhances wheat yield by integrating fertilizer-nitrogen utilization and photosynthesis,2026,"shi, wei",Zenodo,Dataset,https://zenodo.org/doi/10.5281/zenodo.20653018,True,10.5281/zenodo.20653018,datacite,titles.title:biochar AND (titles.title:yield OR titles.title:emissions),TITLE_SCREEN_ONLY_NOT_FORMAL_EVIDENCE,False
datacite,titles.title:biochar AND (titles.title:yield OR titles.title:emissions),10.5281/zenodo.21215033,Biochar-blended urea enhances wheat yield by integrating fertilizer-nitrogen utilization and photosynthesis,2026,"shi, wei",Zenodo,Dataset,https://zenodo.org/doi/10.5281/zenodo.21215033,True,10.5281/zenodo.21215033,datacite,titles.title:biochar AND (titles.title:yield OR titles.title:emissions),TITLE_SCREEN_ONLY_NOT_FORMAL_EVIDENCE,False
datacite,titles.title:biochar AND (titles.title:yield OR titles.title:emissions),10.17632/83jrp97zm4.1,Effects of Individual Applications of Corncob Biochar and Calcium Carbonate on Soil pH and Soybean (Glycine max L.) Yield in Ferralsols,2026,"Koliie, William ",Mendeley Data,Dataset,https://data.mendeley.com/datasets/83jrp97zm4/1,True,10.17632/83jrp97zm4.1,datacite,titles.title:biochar AND (titles.title:yield OR titles.title:emissions),TITLE_SCREEN_ONLY_NOT_FORMAL_EVIDENCE,False
datacite,titles.title:biochar AND (titles.title:yield OR titles.title:emissions),10.17632/83jrp97zm4,Effects of Individual Applications of Corncob Biochar and Calcium Carbonate on Soil pH and Soybean (Glycine max L.) Yield in Ferralsols,2026,"Koliie, William ",Mendeley Data,Dataset,https://data.mendeley.com/datasets/83jrp97zm4,True,10.17632/83jrp97zm4,datacite,titles.title:biochar AND (titles.title:yield OR titles.title:emissions),TITLE_SCREEN_ONLY_NOT_FORMAL_EVIDENCE,False
datacite,titles.title:biochar AND (titles.title:yield OR titles.title:emissions),10.13140/rg.2.2.25219.46881,Carbon Content in Biochar and GHG Emissions,2023,Amar Ali Adam Hamad,Unpublished,Text,https://www.researchgate.net/doi/10.13140/RG.2.2.25219.46881,True,10.13140/rg.2.2.25219.46881,datacite,titles.title:biochar AND (titles.title:yield OR titles.title:emissions),TITLE_SCREEN_ONLY_NOT_FORMAL_EVIDENCE,False
datacite,titles.title:biochar AND (titles.title:yield OR titles.title:emissions),10.26187/deakin.33171944,"Biochar-Based Fertilizer Is Cost-Effective, Reduces Nutrient Input and Improves Nutrient Use Efficiency Without Decreasing Yield",2026,L Dissanayake,Deakin University,JournalArticle,https://dro.deakin.edu.au/articles/journal_contribution/Biochar-Based_Fertilizer_Is_Cost-Effective_Reduces_Nutrient_Input_and_Improves_Nutrient_Use_Efficiency_Without_Decreasing_Yield/33171944,True,10.26187/deakin.33171944,datacite,titles.title:biochar AND (titles.title:yield OR titles.title:emissions),TITLE_SCREEN_ONLY_NOT_FORMAL_EVIDENCE,False
datacite,titles.title:biochar AND (titles.title:yield OR titles.title:emissions),10.82308/5211,"Effect of wood-based biochar on soil quality, small fruit yield and quality in southern Quebec, Canada",2019,"Shang, Xuan",McGill University,Dissertation,https://mcgill.scholaris.ca/handle/20.500.14905/105778,True,10.82308/5211,datacite,titles.title:biochar AND (titles.title:yield OR titles.title:emissions),TITLE_SCREEN_ONLY_NOT_FORMAL_EVIDENCE,False
datacite,titles.title:biochar AND (titles.title:yield OR titles.title:emissions),10.82308/37317,Co-composting poultry manure with biochar: effects on gas emissions and plant growth,2016,"Peachey, Brendan",McGill University,Dissertation,https://mcgill.scholaris.ca/handle/20.500.14905/104197,True,10.82308/37317,datacite,titles.title:biochar AND (titles.title:yield OR titles.title:emissions),TITLE_SCREEN_ONLY_NOT_FORMAL_EVIDENCE,False
datacite,titles.title:biochar AND (titles.title:yield OR titles.title:emissions),10.6084/m9.figshare.31940657.v1,"Effects of biochar, vermicompost, and inorganic N-P nutrients on soil physical properties, maize growth, and yield, Northwest Ethiopia",2026,Habtamu Tadele,Taylor & Francis,Dataset,https://tandf.figshare.com/articles/dataset/Effects_of_biochar_vermicompost_and_inorganic_N-P_nutrients_on_soil_physical_properties_maize_growth_and_yield_Northwest_Ethiopia/31940657/1,True,10.6084/m9.figshare.31940657.v1,datacite,titles.title:biochar AND (titles.title:yield OR titles.title:emissions),TITLE_SCREEN_ONLY_NOT_FORMAL_EVIDENCE,False
datacite,titles.title:biochar AND (titles.title:yield OR titles.title:emissions),10.6084/m9.figshare.31940657,"Effects of biochar, vermicompost, and inorganic N-P nutrients on soil physical properties, maize growth, and yield, Northwest Ethiopia",2026,Habtamu Tadele,Taylor & Francis,Dataset,https://tandf.figshare.com/articles/dataset/Effects_of_biochar_vermicompost_and_inorganic_N-P_nutrients_on_soil_physical_properties_maize_growth_and_yield_Northwest_Ethiopia/31940657,True,10.6084/m9.figshare.31940657,datacite,titles.title:biochar AND (titles.title:yield OR titles.title:emissions),TITLE_SCREEN_ONLY_NOT_FORMAL_EVIDENCE,False
datacite,titles.title:biochar AND (titles.title:yield OR titles.title:emissions),10.6073/pasta/9105a73fb2ea086637819c2e4a3c2b25,Data for: Effect of feedstock moisture content on biochar yield and carbon recalcitrance during autothermal pyrolysis.,2026,"McMahon, Madeleine",Environmental Data Initiative,Dataset,https://portal.edirepository.org/nis/mapbrowse?packageid=edi.2403.1,True,10.6073/pasta/9105a73fb2ea086637819c2e4a3c2b25,datacite,titles.title:biochar AND (titles.title:yield OR titles.title:emissions),TITLE_SCREEN_ONLY_NOT_FORMAL_EVIDENCE,False
datacite,titles.title:biochar AND (titles.title:yield OR titles.title:emissions),10.17605/osf.io/hs4gp,"Impact of Biochar Application on Soil Organic Carbon and Crop Yield under Rainfed Farming Conditions in Tamil Nadu, India",2026,Mukul Kumar,OSF,Project,https://osf.io/hs4gp/,True,10.17605/osf.io/hs4gp,datacite,titles.title:biochar AND (titles.title:yield OR titles.title:emissions),TITLE_SCREEN_ONLY_NOT_FORMAL_EVIDENCE,False
datacite,titles.title:biochar AND (titles.title:yield OR titles.title:emissions),10.17605/osf.io/prxmu,"Impact of Biochar Application on Soil Organic Carbon and Crop Yield under Rainfed Farming Conditions in Tamil Nadu, India",2026,Mukul Kumar,OSF Registries,StudyRegistration,https://osf.io/prxmu/,True,10.17605/osf.io/prxmu,datacite,titles.title:biochar AND (titles.title:yield OR titles.title:emissions),TITLE_SCREEN_ONLY_NOT_FORMAL_EVIDENCE,False
datacite,titles.title:biochar AND (titles.title:yield OR titles.title:emissions),10.7298/anfs-9526,Short-term effects of compost-biochar-based amendments on maize (Zea mays) growth and yield in four agroecological zones of Benin,2021,"Dossa, W.B.I.",INRAE,BookChapter,https://hdl.handle.net/1813/123405,True,10.7298/anfs-9526,datacite,titles.title:biochar AND (titles.title:yield OR titles.title:emissions),TITLE_SCREEN_ONLY_NOT_FORMAL_EVIDENCE,False
datacite,titles.title:biochar AND (titles.title:yield OR titles.title:emissions),10.25384/sage.21286955,sj-docx-1-wmr-10.1177_0734242X221122586 – Supplemental material for Impact of different structures of biochar on decreasing methane emissions from sewage sludge composting,2022,"Zhou, Qian",SAGE Journals,Text,http://journals.sagepub.com/doi/full/10.1177/0734242X221122586#supplementary-materials,True,10.25384/sage.21286955,datacite,titles.title:biochar AND (titles.title:yield OR titles.title:emissions),TITLE_SCREEN_ONLY_NOT_FORMAL_EVIDENCE,False
datacite,titles.title:biochar AND (titles.title:yield OR titles.title:emissions),10.6084/m9.figshare.23772729,Reducing NOx Emissions in Pyrolysis Machines for Biochar Production: A machine learning approach,2023,"Köppel, Marius",figshare,Poster,https://figshare.com/articles/poster/Reducing_NOx_Emissions_in_Pyrolysis_Machines_for_Biochar_Production_A_machine_learning_approach/23772729,True,10.6084/m9.figshare.23772729,datacite,titles.title:biochar AND (titles.title:yield OR titles.title:emissions),TITLE_SCREEN_ONLY_NOT_FORMAL_EVIDENCE,False
datacite,titles.title:biochar AND (titles.title:yield OR titles.title:emissions),10.57760/sciencedb.36629,"Dataset: Synergistic effects of biochar and EDTA-modified zeolite on soil carbon cycling, microbial communities, functional genes, and greenhouse gas emissions in a cold-region paddy field of Northeast China (2026) Dataset: Synergistic effects of biochar and EDTA-modified zeolite on soil carbon cycling, microbial communities, functional genes, and greenhouse gas emissions in a cold-region paddy field of Northeast China (2026)",2026,Hongyan Chang,Science Data Bank,Dataset,https://www.scidb.cn/detail?dataSetId=6f805ccf80e541869343540657e72e0c,True,10.57760/sciencedb.36629,datacite,titles.title:biochar AND (titles.title:yield OR titles.title:emissions),TITLE_SCREEN_ONLY_NOT_FORMAL_EVIDENCE,False
datacite,titles.title:biochar AND (titles.title:yield OR titles.title:emissions),10.7939/r3-q42w-zm72,Effects of biochar on rhizosphere processes and biochar co-application with nitrification inhibitor on GHG emissions and microbial and enzymatic activities,2023,"Pokharel, Prem",University of Alberta Library,Dissertation,https://ualberta.scholaris.ca/handle/123456789/77758,True,10.7939/r3-q42w-zm72,datacite,titles.title:biochar AND (titles.title:yield OR titles.title:emissions),TITLE_SCREEN_ONLY_NOT_FORMAL_EVIDENCE,False
datacite,titles.title:biochar AND (titles.title:yield OR titles.title:emissions),10.7939/r3-0311-4e92,"Agroforestry and Biochar for Climate Change Mitigation: Carbon Storage, Soil Carbon Cycling, and Greenhouse Gas Emissions",2022,"Gross, Cole D.",University of Alberta Library,Dissertation,https://ualberta.scholaris.ca/handle/123456789/74406,True,10.7939/r3-0311-4e92,datacite,titles.title:biochar AND (titles.title:yield OR titles.title:emissions),TITLE_SCREEN_ONLY_NOT_FORMAL_EVIDENCE,False
datacite,titles.title:biochar AND (titles.title:yield OR titles.title:emissions),10.7939/r3-zhgd-1386,"The effects of biochar-manure on crop yield, greenhouse gases, and organic matter stability in an Orthic Gray Luvisol",2023,"Weber, Tien L.",University of Alberta Library,Dissertation,https://ualberta.scholaris.ca/handle/123456789/77978,True,10.7939/r3-zhgd-1386,datacite,titles.title:biochar AND (titles.title:yield OR titles.title:emissions),TITLE_SCREEN_ONLY_NOT_FORMAL_EVIDENCE,False
datacite,titles.title:biochar AND (titles.title:yield OR titles.title:emissions),10.18710/cnp8tf,"Replication Data for: Nitrous oxide emissions from pigeon pea – maize rotation in response to conservation agriculture and biochar amendments in a Ferralsol, northern Uganda",2026,"Namatsheve, Talent",DataverseNO,Dataset,https://dataverse.no/citation?persistentId=doi:10.18710/CNP8TF,True,10.18710/cnp8tf,datacite,titles.title:biochar AND (titles.title:yield OR titles.title:emissions),TITLE_SCREEN_ONLY_NOT_FORMAL_EVIDENCE,False
datacite,titles.title:biochar AND (titles.title:yield OR titles.title:emissions),10.17632/v9t5pntkd3.1,Dataset for response surface analysis of vermicompost biochar effects on wheat yield and water loss,2026,"Hazbawi, Isa",Mendeley Data,Dataset,https://data.mendeley.com/datasets/v9t5pntkd3/1,True,10.17632/v9t5pntkd3.1,datacite,titles.title:biochar AND (titles.title:yield OR titles.title:emissions),TITLE_SCREEN_ONLY_NOT_FORMAL_EVIDENCE,False
datacite,titles.title:biochar AND (titles.title:yield OR titles.title:emissions),10.17632/v9t5pntkd3,Dataset for response surface analysis of vermicompost biochar effects on wheat yield and water loss,2026,"Hazbawi, Isa",Mendeley Data,Dataset,https://data.mendeley.com/datasets/v9t5pntkd3,True,10.17632/v9t5pntkd3,datacite,titles.title:biochar AND (titles.title:yield OR titles.title:emissions),TITLE_SCREEN_ONLY_NOT_FORMAL_EVIDENCE,False
datacite,titles.title:biochar AND (titles.title:yield OR titles.title:emissions),10.7910/dvn/jauiqt,"Biochar Yield from Water Hyacinth Biomass in the East Kolkata Wetlands, a Ramsar site",2026,"Mullick, Arnab",Harvard Dataverse,Dataset,https://dataverse.harvard.edu/citation?persistentId=doi:10.7910/DVN/JAUIQT,True,10.7910/dvn/jauiqt,datacite,titles.title:biochar AND (titles.title:yield OR titles.title:emissions),TITLE_SCREEN_ONLY_NOT_FORMAL_EVIDENCE,False
datacite,titles.title:biochar AND (titles.title:yield OR titles.title:emissions),10.17170/kobra-202008121561,Carbon dioxide and gaseous nitrogen emissions from biochar‐amended soils under wastewater irrigated urban vegetable production of Burkina Faso and Ghana,2020,"Manka'abusi, Delphine",KOBRA Universität Kassel,Text,https://kobra.uni-kassel.de/handle/123456789/11695,True,10.17170/kobra-202008121561,datacite,titles.title:biochar AND (titles.title:yield OR titles.title:emissions),TITLE_SCREEN_ONLY_NOT_FORMAL_EVIDENCE,False
datacite,titles.title:biochar AND (titles.title:yield OR titles.title:emissions),10.7939/82334,The Effect of Adding Biochar to the Urban Forest on CO2 Emissions and Tree Growth,2025,"Radah, Alma",University of Alberta Library,Other,https://ualberta.scholaris.ca/handle/123456789/103573,True,10.7939/82334,datacite,titles.title:biochar AND (titles.title:yield OR titles.title:emissions),TITLE_SCREEN_ONLY_NOT_FORMAL_EVIDENCE,False
datacite,titles.title:biochar AND (titles.title:yield OR titles.title:emissions),10.7939/82319,Biochar Enhances Soil Health and Enzyme Activity to Reduce Methane Emissions,2025,"He, Helen",University of Alberta Library,Other,https://ualberta.scholaris.ca/handle/123456789/103559,True,10.7939/82319,datacite,titles.title:biochar AND (titles.title:yield OR titles.title:emissions),TITLE_SCREEN_ONLY_NOT_FORMAL_EVIDENCE,False
datacite,titles.title:biochar AND (titles.title:yield OR titles.title:emissions),10.5167/uzh-88516,Heterogeneous global crop yield response to biochar: a meta-regression analysis,2013,"Crane-Droesch, Andrew",IOP Publishing,JournalArticle,https://www.zora.uzh.ch/handle/20.500.14742/99119,True,10.5167/uzh-88516,datacite,titles.title:biochar AND (titles.title:yield OR titles.title:emissions),TITLE_SCREEN_ONLY_NOT_FORMAL_EVIDENCE,False
datacite,titles.title:biochar AND (titles.title:yield OR titles.title:emissions),10.6084/m9.figshare.31422044,Spatial optimization of single biochar application unlocks climate–yield co-benefits in global staple crops,2026,"Bo, Xiaomeng",figshare,JournalArticle,https://figshare.com/articles/journal_contribution/_b_Spatial_optimization_of_single_biochar_application_unlocks_climate_yield_co-benefits_in_global_staple_crops_b_/31422044,True,10.6084/m9.figshare.31422044,datacite,titles.title:biochar AND (titles.title:yield OR titles.title:emissions),TITLE_SCREEN_ONLY_NOT_FORMAL_EVIDENCE,False
datacite,titles.title:biochar AND (titles.title:yield OR titles.title:emissions),10.6084/m9.figshare.30936659,"Supplemental Material for ""Mitigation of Ammonia and Hydrogen Sulfide Emissions From Biochar-Treated Swine Manure After Application to Cropland Soil",2025,"Koziel, Jacek",figshare,JournalArticle,https://figshare.com/articles/journal_contribution/Supplemental_Material_for_Mitigation_of_Ammonia_and_Hydrogen_Sulfide_Emissions_From_Biochar-Treated_Swine_Manure_After_Application_to_Cropland_Soil/30936659,True,10.6084/m9.figshare.30936659,datacite,titles.title:biochar AND (titles.title:yield OR titles.title:emissions),TITLE_SCREEN_ONLY_NOT_FORMAL_EVIDENCE,False
datacite,titles.title:biochar AND (titles.title:yield OR titles.title:emissions),10.5167/uzh-192125,"The effect of biochar, lime and ash on maize yield in a long-term field trial in a Ultisol in the humid tropics",2020,"Hale, Sarah E",Elsevier,JournalArticle,https://www.zora.uzh.ch/handle/20.500.14742/174151,True,10.5167/uzh-192125,datacite,titles.title:biochar AND (titles.title:yield OR titles.title:emissions),TITLE_SCREEN_ONLY_NOT_FORMAL_EVIDENCE,False
datacite,titles.title:biochar AND (titles.title:yield OR titles.title:emissions),10.6084/m9.figshare.31422044.v1,Spatial optimization of single biochar application unlocks climate–yield co-benefits in global staple crops,2026,"Bo, Xiaomeng",figshare,JournalArticle,https://figshare.com/articles/journal_contribution/_b_Spatial_optimization_of_single_biochar_application_unlocks_climate_yield_co-benefits_in_global_staple_crops_b_/31422044/1,True,10.6084/m9.figshare.31422044.v1,datacite,titles.title:biochar AND (titles.title:yield OR titles.title:emissions),TITLE_SCREEN_ONLY_NOT_FORMAL_EVIDENCE,False
datacite,titles.title:biochar AND (titles.title:yield OR titles.title:emissions),10.6084/m9.figshare.31422044.v2,Spatial optimization of single biochar application unlocks climate–yield co-benefits in global staple crops,2026,"Bo, Xiaomeng",figshare,JournalArticle,https://figshare.com/articles/journal_contribution/_b_Spatial_optimization_of_single_biochar_application_unlocks_climate_yield_co-benefits_in_global_staple_crops_b_/31422044/2,True,10.6084/m9.figshare.31422044.v2,datacite,titles.title:biochar AND (titles.title:yield OR titles.title:emissions),TITLE_SCREEN_ONLY_NOT_FORMAL_EVIDENCE,False
datacite,titles.title:biochar AND (titles.title:yield OR titles.title:emissions),10.6084/m9.figshare.1461581,Impact of rice-straw biochar on some selected soil properties and rice (Oryza sativa L.) grain yield,2015,"Iqbal, Zahid",figshare,JournalArticle,https://figshare.com/articles/journal_contribution/Impact_of_rice_straw_biochar_on_some_selected_soil_properties_and_rice_Oryza_sativa_L_grain_yield/1461581,True,10.6084/m9.figshare.1461581,datacite,titles.title:biochar AND (titles.title:yield OR titles.title:emissions),TITLE_SCREEN_ONLY_NOT_FORMAL_EVIDENCE,False
datacite,titles.title:biochar AND (titles.title:yield OR titles.title:emissions),10.5281/zenodo.19184579,"INFLUENCE OF ENRICHED CORN COB BIOCHAR ON SOIL PROPERTIES, GROWTH PERFORMANCE AND YIELD OF PEANUT (Arachis hypogaea L.)",2026,Gerald E. Cammagay,Global Publication House,JournalArticle,https://zenodo.org/doi/10.5281/zenodo.19184579,True,10.5281/zenodo.19184579,datacite,titles.title:biochar AND (titles.title:yield OR titles.title:emissions),TITLE_SCREEN_ONLY_NOT_FORMAL_EVIDENCE,False
datacite,titles.title:biochar AND (titles.title:yield OR titles.title:emissions),10.5281/zenodo.19184580,"INFLUENCE OF ENRICHED CORN COB BIOCHAR ON SOIL PROPERTIES, GROWTH PERFORMANCE AND YIELD OF PEANUT (Arachis hypogaea L.)",2026,Gerald E. Cammagay,Global Publication House,JournalArticle,https://zenodo.org/doi/10.5281/zenodo.19184580,True,10.5281/zenodo.19184580,datacite,titles.title:biochar AND (titles.title:yield OR titles.title:emissions),TITLE_SCREEN_ONLY_NOT_FORMAL_EVIDENCE,False
datacite,titles.title:biochar AND (titles.title:yield OR titles.title:emissions),10.71889/5fylantbak.29860730.v1,"Growth, Yield and Physiological Responses of the Bioenergy Crop Miscanthus × Giganteus To Fertilizer, Biochar and Drought",2025,"Teat, Alyssa Leigh",Appalachian State University,Dissertation,https://appstate.figshare.com/articles/thesis/Growth_Yield_and_Physiological_Responses_of_the_Bioenergy_Crop_Miscanthus_Giganteus_To_Fertilizer_Biochar_and_Drought/29860730/1,True,10.71889/5fylantbak.29860730.v1,datacite,titles.title:biochar AND (titles.title:yield OR titles.title:emissions),TITLE_SCREEN_ONLY_NOT_FORMAL_EVIDENCE,False
datacite,titles.title:biochar AND (titles.title:yield OR titles.title:emissions),10.71889/5fylantbak.29860730,"Growth, Yield and Physiological Responses of the Bioenergy Crop Miscanthus × Giganteus To Fertilizer, Biochar and Drought",2025,"Teat, Alyssa Leigh",Appalachian State University,Dissertation,https://appstate.figshare.com/articles/thesis/Growth_Yield_and_Physiological_Responses_of_the_Bioenergy_Crop_Miscanthus_Giganteus_To_Fertilizer_Biochar_and_Drought/29860730,True,10.71889/5fylantbak.29860730,datacite,titles.title:biochar AND (titles.title:yield OR titles.title:emissions),TITLE_SCREEN_ONLY_NOT_FORMAL_EVIDENCE,False
datacite,titles.title:biochar AND (titles.title:yield OR titles.title:emissions),10.57935/agr.29999395.v1,Loading of redox-active metal Fe largely enhances the capacity of biochar to mitigate soil N2O emissions by promoting complete denitrification,2025,"Yuan, Dan","Bioeconomy Science Institute, AgResearch Group",JournalArticle,https://agresearch.figshare.com/articles/journal_contribution/Loading_of_redox-active_metal_Fe_largely_enhances_the_capacity_of_biochar_to_mitigate_soil_N_sub_2_sub_O_emissions_by_promoting_complete_denitrification/29999395/1,True,10.57935/agr.29999395.v1,datacite,titles.title:biochar AND (titles.title:yield OR titles.title:emissions),TITLE_SCREEN_ONLY_NOT_FORMAL_EVIDENCE,False
datacite,titles.title:biochar AND (titles.title:yield OR titles.title:emissions),10.57935/agr.29999395,Loading of redox-active metal Fe largely enhances the capacity of biochar to mitigate soil N2O emissions by promoting complete denitrification,2025,"Yuan, Dan","Bioeconomy Science Institute, AgResearch Group",JournalArticle,https://agresearch.figshare.com/articles/journal_contribution/Loading_of_redox-active_metal_Fe_largely_enhances_the_capacity_of_biochar_to_mitigate_soil_N_sub_2_sub_O_emissions_by_promoting_complete_denitrification/29999395,True,10.57935/agr.29999395,datacite,titles.title:biochar AND (titles.title:yield OR titles.title:emissions),TITLE_SCREEN_ONLY_NOT_FORMAL_EVIDENCE,False
datacite,titles.title:biochar AND (titles.title:yield OR titles.title:emissions),10.5281/zenodo.19065554,A Crop yield and nitrate leaching dataset from a semi-field lysimeter experiment with cabbage turnip under combined biochar and rock powder amendment,2026,"Hamburger, Susanne E.",Zenodo,Dataset,https://zenodo.org/doi/10.5281/zenodo.19065554,True,10.5281/zenodo.19065554,datacite,titles.title:biochar AND (titles.title:yield OR titles.title:emissions),TITLE_SCREEN_ONLY_NOT_FORMAL_EVIDENCE,False
datacite,titles.title:biochar AND (titles.title:yield OR titles.title:emissions),10.5281/zenodo.19065555,A Crop yield and nitrate leaching dataset from a semi-field lysimeter experiment with cabbage turnip under combined biochar and rock powder amendment,2026,"Hamburger, Susanne E.",Zenodo,Dataset,https://zenodo.org/doi/10.5281/zenodo.19065555,True,10.5281/zenodo.19065555,datacite,titles.title:biochar AND (titles.title:yield OR titles.title:emissions),TITLE_SCREEN_ONLY_NOT_FORMAL_EVIDENCE,False
datacite,titles.title:biochar AND (titles.title:yield OR titles.title:emissions),10.6084/m9.figshare.4534820.v1,MOESM2 of Effect of biochar derived from faecal matter on yield and nutrient content of lettuce (Lactuca sativa) in two contrasting soils,2017,"Woldetsadik, Desta",figshare,JournalArticle,https://springernature.figshare.com/articles/journal_contribution/MOESM2_of_Effect_of_biochar_derived_from_faecal_matter_on_yield_and_nutrient_content_of_lettuce_Lactuca_sativa_in_two_contrasting_soils/4534820/1,True,10.6084/m9.figshare.4534820.v1,datacite,titles.title:biochar AND (titles.title:yield OR titles.title:emissions),TITLE_SCREEN_ONLY_NOT_FORMAL_EVIDENCE,False
datacite,titles.title:biochar AND (titles.title:yield OR titles.title:emissions),10.6084/m9.figshare.4534820,MOESM2 of Effect of biochar derived from faecal matter on yield and nutrient content of lettuce (Lactuca sativa) in two contrasting soils,2017,"Woldetsadik, Desta",figshare,JournalArticle,https://springernature.figshare.com/articles/journal_contribution/MOESM2_of_Effect_of_biochar_derived_from_faecal_matter_on_yield_and_nutrient_content_of_lettuce_Lactuca_sativa_in_two_contrasting_soils/4534820,True,10.6084/m9.figshare.4534820,datacite,titles.title:biochar AND (titles.title:yield OR titles.title:emissions),TITLE_SCREEN_ONLY_NOT_FORMAL_EVIDENCE,False
datacite,titles.title:biochar AND (titles.title:yield OR titles.title:emissions),10.6084/m9.figshare.4534847.v1,MOESM1 of Effect of biochar derived from faecal matter on yield and nutrient content of lettuce (Lactuca sativa) in two contrasting soils,2017,"Woldetsadik, Desta",figshare,JournalArticle,https://springernature.figshare.com/articles/journal_contribution/MOESM1_of_Effect_of_biochar_derived_from_faecal_matter_on_yield_and_nutrient_content_of_lettuce_Lactuca_sativa_in_two_contrasting_soils/4534847/1,True,10.6084/m9.figshare.4534847.v1,datacite,titles.title:biochar AND (titles.title:yield OR titles.title:emissions),TITLE_SCREEN_ONLY_NOT_FORMAL_EVIDENCE,False
datacite,titles.title:biochar AND (titles.title:yield OR titles.title:emissions),10.6084/m9.figshare.4534847,MOESM1 of Effect of biochar derived from faecal matter on yield and nutrient content of lettuce (Lactuca sativa) in two contrasting soils,2017,"Woldetsadik, Desta",figshare,JournalArticle,https://springernature.figshare.com/articles/journal_contribution/MOESM1_of_Effect_of_biochar_derived_from_faecal_matter_on_yield_and_nutrient_content_of_lettuce_Lactuca_sativa_in_two_contrasting_soils/4534847,True,10.6084/m9.figshare.4534847,datacite,titles.title:biochar AND (titles.title:yield OR titles.title:emissions),TITLE_SCREEN_ONLY_NOT_FORMAL_EVIDENCE,False
datacite,titles.title:biochar AND (titles.title:yield OR titles.title:emissions),10.26181/30900059.v1,Nanozeolite-coupled biochar-based phosphorus fertilizer decreases soil N2O emissions in a subtropical Moso bamboo forest,2025,"Sun, Xinyong",La Trobe,JournalArticle,https://opal.latrobe.edu.au/articles/journal_contribution/Nanozeolite-coupled_biochar-based_phosphorus_fertilizer_decreases_soil_N_sub_2_sub_O_emissions_in_a_subtropical_Moso_bamboo_forest/30900059/1,True,10.26181/30900059.v1,datacite,titles.title:biochar AND (titles.title:yield OR titles.title:emissions),TITLE_SCREEN_ONLY_NOT_FORMAL_EVIDENCE,False
datacite,titles.title:biochar AND (titles.title:yield OR titles.title:emissions),10.26181/30900059,Nanozeolite-coupled biochar-based phosphorus fertilizer decreases soil N2O emissions in a subtropical Moso bamboo forest,2025,"Sun, Xinyong",La Trobe,JournalArticle,https://opal.latrobe.edu.au/articles/journal_contribution/Nanozeolite-coupled_biochar-based_phosphorus_fertilizer_decreases_soil_N_sub_2_sub_O_emissions_in_a_subtropical_Moso_bamboo_forest/30900059,True,10.26181/30900059,datacite,titles.title:biochar AND (titles.title:yield OR titles.title:emissions),TITLE_SCREEN_ONLY_NOT_FORMAL_EVIDENCE,False
datacite,titles.title:biochar AND (titles.title:yield OR titles.title:emissions),10.5281/zenodo.18886886,CHAR RIMEDIO: Use of biochar to reduce ammonia and GHG emissions from pigs livestock,2024,Centro Ricerche Produzioni Animali,Zenodo,Text,https://zenodo.org/doi/10.5281/zenodo.18886886,True,10.5281/zenodo.18886886,datacite,titles.title:biochar AND (titles.title:yield OR titles.title:emissions),TITLE_SCREEN_ONLY_NOT_FORMAL_EVIDENCE,False
datacite,titles.title:biochar AND (titles.title:yield OR titles.title:emissions),10.5281/zenodo.18886887,CHAR RIMEDIO: Use of biochar to reduce ammonia and GHG emissions from pigs livestock,2024,Centro Ricerche Produzioni Animali,Zenodo,Text,https://zenodo.org/doi/10.5281/zenodo.18886887,True,10.5281/zenodo.18886887,datacite,titles.title:biochar AND (titles.title:yield OR titles.title:emissions),TITLE_SCREEN_ONLY_NOT_FORMAL_EVIDENCE,False
datacite,titles.title:biochar AND (titles.title:yield OR titles.title:emissions),10.6084/m9.figshare.23564930.v1,"Additional file 1 of Soil factors that contribute to the abundance and structure of the diazotrophic community and soybean growth, yield, and quality under biochar amendment",2023,"Wang, Weihua",figshare,JournalArticle,https://springernature.figshare.com/articles/journal_contribution/Additional_file_1_of_Soil_factors_that_contribute_to_the_abundance_and_structure_of_the_diazotrophic_community_and_soybean_growth_yield_and_quality_under_biochar_amendment/23564930/1,True,10.6084/m9.figshare.23564930.v1,datacite,titles.title:biochar AND (titles.title:yield OR titles.title:emissions),TITLE_SCREEN_ONLY_NOT_FORMAL_EVIDENCE,False
datacite,titles.title:biochar AND (titles.title:yield OR titles.title:emissions),10.6084/m9.figshare.23564930,"Additional file 1 of Soil factors that contribute to the abundance and structure of the diazotrophic community and soybean growth, yield, and quality under biochar amendment",2023,"Wang, Weihua",figshare,JournalArticle,https://springernature.figshare.com/articles/journal_contribution/Additional_file_1_of_Soil_factors_that_contribute_to_the_abundance_and_structure_of_the_diazotrophic_community_and_soybean_growth_yield_and_quality_under_biochar_amendment/23564930,True,10.6084/m9.figshare.23564930,datacite,titles.title:biochar AND (titles.title:yield OR titles.title:emissions),TITLE_SCREEN_ONLY_NOT_FORMAL_EVIDENCE,False
datacite,titles.title:biochar AND (titles.title:yield OR titles.title:emissions),10.6084/m9.figshare.25370449,Reducing greenhouse gas emissions from rice cultivation applied with melaleuca and rice husk biochar in the Vietnamese Mekong Delta,2024,"Nam, Tran Sy",Taylor & Francis,JournalArticle,https://tandf.figshare.com/articles/journal_contribution/Reducing_greenhouse_gas_emissions_from_rice_cultivation_applied_with_melaleuca_and_rice_husk_biochar_in_the_Vietnamese_Mekong_Delta/25370449,True,10.6084/m9.figshare.25370449,datacite,titles.title:biochar AND (titles.title:yield OR titles.title:emissions),TITLE_SCREEN_ONLY_NOT_FORMAL_EVIDENCE,False
datacite,titles.title:biochar AND (titles.title:yield OR titles.title:emissions),10.6084/m9.figshare.25370449.v1,Reducing greenhouse gas emissions from rice cultivation applied with melaleuca and rice husk biochar in the Vietnamese Mekong Delta,2024,"Nam, Tran Sy",Taylor & Francis,JournalArticle,https://tandf.figshare.com/articles/journal_contribution/Reducing_greenhouse_gas_emissions_from_rice_cultivation_applied_with_melaleuca_and_rice_husk_biochar_in_the_Vietnamese_Mekong_Delta/25370449/1,True,10.6084/m9.figshare.25370449.v1,datacite,titles.title:biochar AND (titles.title:yield OR titles.title:emissions),TITLE_SCREEN_ONLY_NOT_FORMAL_EVIDENCE,False
datacite,titles.title:biochar AND (titles.title:yield OR titles.title:emissions),10.13140/rg.2.2.19992.46088,Comparative analysis of biochar production from agricultural residues: yield optimization and physicochemical characterization using modified barrel pyrolysis in Northern Thailand,2026,N Bhuvana Chandra Ramisetty,Unpublished,Text,https://www.researchgate.net/doi/10.13140/RG.2.2.19992.46088,True,10.13140/rg.2.2.19992.46088,datacite,titles.title:biochar AND (titles.title:yield OR titles.title:emissions),TITLE_SCREEN_ONLY_NOT_FORMAL_EVIDENCE,False
datacite,titles.title:biochar AND (titles.title:yield OR titles.title:emissions),10.5281/zenodo.18798688,Eco-Friendly Agro-Biochar in Zanzibar Coastal Farmer Communities: Adoption and Yield Dynamics,2004,"Kinyanjui, Mwangi",Zenodo,JournalArticle,https://zenodo.org/doi/10.5281/zenodo.18798688,True,10.5281/zenodo.18798688,datacite,titles.title:biochar AND (titles.title:yield OR titles.title:emissions),TITLE_SCREEN_ONLY_NOT_FORMAL_EVIDENCE,False
datacite,titles.title:biochar AND (titles.title:yield OR titles.title:emissions),10.5281/zenodo.18798689,Eco-Friendly Agro-Biochar in Zanzibar Coastal Farmer Communities: Adoption and Yield Dynamics,2004,"Kinyanjui, Mwangi",Zenodo,JournalArticle,https://zenodo.org/doi/10.5281/zenodo.18798689,True,10.5281/zenodo.18798689,datacite,titles.title:biochar AND (titles.title:yield OR titles.title:emissions),TITLE_SCREEN_ONLY_NOT_FORMAL_EVIDENCE,False
datacite,titles.title:biochar AND (titles.title:yield OR titles.title:emissions),10.5281/zenodo.18775545,"Biochar: Promoting Crop Yield, Improving Soil Fertility, Mitigating Climate Change and Restoring Polluted Soils",2017,"Adeyemi, T. O. A.",Zenodo,JournalArticle,https://zenodo.org/doi/10.5281/zenodo.18775545,True,10.5281/zenodo.18775545,datacite,titles.title:biochar AND (titles.title:yield OR titles.title:emissions),TITLE_SCREEN_ONLY_NOT_FORMAL_EVIDENCE,False
datacite,titles.title:biochar AND (titles.title:yield OR titles.title:emissions),10.5281/zenodo.18775546,"Biochar: Promoting Crop Yield, Improving Soil Fertility, Mitigating Climate Change and Restoring Polluted Soils",2017,"Adeyemi, T. O. A.",Zenodo,JournalArticle,https://zenodo.org/doi/10.5281/zenodo.18775546,True,10.5281/zenodo.18775546,datacite,titles.title:biochar AND (titles.title:yield OR titles.title:emissions),TITLE_SCREEN_ONLY_NOT_FORMAL_EVIDENCE,False
datacite,titles.title:biochar AND (titles.title:yield OR titles.title:emissions),10.6084/m9.figshare.26684220.v1,Additional file 2 of Biochar improves the nutrient cycle in sandy-textured soils and increases crop yield: a systematic review,2024,"Bekchanova, Madina",figshare,JournalArticle,https://springernature.figshare.com/articles/journal_contribution/Additional_file_2_of_Biochar_improves_the_nutrient_cycle_in_sandy-textured_soils_and_increases_crop_yield_a_systematic_review/26684220/1,True,10.6084/m9.figshare.26684220.v1,datacite,titles.title:biochar AND (titles.title:yield OR titles.title:emissions),TITLE_SCREEN_ONLY_NOT_FORMAL_EVIDENCE,False
datacite,titles.title:biochar AND (titles.title:yield OR titles.title:emissions),10.6084/m9.figshare.26684220,Additional file 2 of Biochar improves the nutrient cycle in sandy-textured soils and increases crop yield: a systematic review,2024,"Bekchanova, Madina",figshare,JournalArticle,https://springernature.figshare.com/articles/journal_contribution/Additional_file_2_of_Biochar_improves_the_nutrient_cycle_in_sandy-textured_soils_and_increases_crop_yield_a_systematic_review/26684220,True,10.6084/m9.figshare.26684220,datacite,titles.title:biochar AND (titles.title:yield OR titles.title:emissions),TITLE_SCREEN_ONLY_NOT_FORMAL_EVIDENCE,False
datacite,titles.title:biochar AND (titles.title:yield OR titles.title:emissions),10.6084/m9.figshare.26684229.v1,Additional file 5 of Biochar improves the nutrient cycle in sandy-textured soils and increases crop yield: a systematic review,2024,"Bekchanova, Madina",figshare,JournalArticle,https://springernature.figshare.com/articles/journal_contribution/Additional_file_5_of_Biochar_improves_the_nutrient_cycle_in_sandy-textured_soils_and_increases_crop_yield_a_systematic_review/26684229/1,True,10.6084/m9.figshare.26684229.v1,datacite,titles.title:biochar AND (titles.title:yield OR titles.title:emissions),TITLE_SCREEN_ONLY_NOT_FORMAL_EVIDENCE,False
datacite,titles.title:biochar AND (titles.title:yield OR titles.title:emissions),10.6084/m9.figshare.26684229,Additional file 5 of Biochar improves the nutrient cycle in sandy-textured soils and increases crop yield: a systematic review,2024,"Bekchanova, Madina",figshare,JournalArticle,https://springernature.figshare.com/articles/journal_contribution/Additional_file_5_of_Biochar_improves_the_nutrient_cycle_in_sandy-textured_soils_and_increases_crop_yield_a_systematic_review/26684229,True,10.6084/m9.figshare.26684229,datacite,titles.title:biochar AND (titles.title:yield OR titles.title:emissions),TITLE_SCREEN_ONLY_NOT_FORMAL_EVIDENCE,False
datacite,titles.title:biochar AND (titles.title:yield OR titles.title:emissions),10.6084/m9.figshare.26684235.v1,Additional file 7 of Biochar improves the nutrient cycle in sandy-textured soils and increases crop yield: a systematic review,2024,"Bekchanova, Madina",figshare,JournalArticle,https://springernature.figshare.com/articles/journal_contribution/Additional_file_7_of_Biochar_improves_the_nutrient_cycle_in_sandy-textured_soils_and_increases_crop_yield_a_systematic_review/26684235/1,True,10.6084/m9.figshare.26684235.v1,datacite,titles.title:biochar AND (titles.title:yield OR titles.title:emissions),TITLE_SCREEN_ONLY_NOT_FORMAL_EVIDENCE,False
datacite,titles.title:biochar AND (titles.title:yield OR titles.title:emissions),10.6084/m9.figshare.26684235,Additional file 7 of Biochar improves the nutrient cycle in sandy-textured soils and increases crop yield: a systematic review,2024,"Bekchanova, Madina",figshare,JournalArticle,https://springernature.figshare.com/articles/journal_contribution/Additional_file_7_of_Biochar_improves_the_nutrient_cycle_in_sandy-textured_soils_and_increases_crop_yield_a_systematic_review/26684235,True,10.6084/m9.figshare.26684235,datacite,titles.title:biochar AND (titles.title:yield OR titles.title:emissions),TITLE_SCREEN_ONLY_NOT_FORMAL_EVIDENCE,False
datacite,titles.title:biochar AND (titles.title:yield OR titles.title:emissions),10.6084/m9.figshare.26684238.v1,Additional file 8 of Biochar improves the nutrient cycle in sandy-textured soils and increases crop yield: a systematic review,2024,"Bekchanova, Madina",figshare,JournalArticle,https://springernature.figshare.com/articles/journal_contribution/Additional_file_8_of_Biochar_improves_the_nutrient_cycle_in_sandy-textured_soils_and_increases_crop_yield_a_systematic_review/26684238/1,True,10.6084/m9.figshare.26684238.v1,datacite,titles.title:biochar AND (titles.title:yield OR titles.title:emissions),TITLE_SCREEN_ONLY_NOT_FORMAL_EVIDENCE,False
datacite,titles.title:biochar AND (titles.title:yield OR titles.title:emissions),10.6084/m9.figshare.26684238,Additional file 8 of Biochar improves the nutrient cycle in sandy-textured soils and increases crop yield: a systematic review,2024,"Bekchanova, Madina",figshare,JournalArticle,https://springernature.figshare.com/articles/journal_contribution/Additional_file_8_of_Biochar_improves_the_nutrient_cycle_in_sandy-textured_soils_and_increases_crop_yield_a_systematic_review/26684238,True,10.6084/m9.figshare.26684238,datacite,titles.title:biochar AND (titles.title:yield OR titles.title:emissions),TITLE_SCREEN_ONLY_NOT_FORMAL_EVIDENCE,False
datacite,titles.title:biochar AND (titles.title:yield OR titles.title:emissions),10.6084/m9.figshare.26684244.v1,Additional file 10 of Biochar improves the nutrient cycle in sandy-textured soils and increases crop yield: a systematic review,2024,"Bekchanova, Madina",figshare,JournalArticle,https://springernature.figshare.com/articles/journal_contribution/Additional_file_10_of_Biochar_improves_the_nutrient_cycle_in_sandy-textured_soils_and_increases_crop_yield_a_systematic_review/26684244/1,True,10.6084/m9.figshare.26684244.v1,datacite,titles.title:biochar AND (titles.title:yield OR titles.title:emissions),TITLE_SCREEN_ONLY_NOT_FORMAL_EVIDENCE,False
datacite,titles.title:biochar AND (titles.title:yield OR titles.title:emissions),10.6084/m9.figshare.26684244,Additional file 10 of Biochar improves the nutrient cycle in sandy-textured soils and increases crop yield: a systematic review,2024,"Bekchanova, Madina",figshare,JournalArticle,https://springernature.figshare.com/articles/journal_contribution/Additional_file_10_of_Biochar_improves_the_nutrient_cycle_in_sandy-textured_soils_and_increases_crop_yield_a_systematic_review/26684244,True,10.6084/m9.figshare.26684244,datacite,titles.title:biochar AND (titles.title:yield OR titles.title:emissions),TITLE_SCREEN_ONLY_NOT_FORMAL_EVIDENCE,False
datacite,titles.title:biochar AND (titles.title:yield OR titles.title:emissions),10.6084/m9.figshare.26684247.v1,Additional file 11 of Biochar improves the nutrient cycle in sandy-textured soils and increases crop yield: a systematic review,2024,"Bekchanova, Madina",figshare,JournalArticle,https://springernature.figshare.com/articles/journal_contribution/Additional_file_11_of_Biochar_improves_the_nutrient_cycle_in_sandy-textured_soils_and_increases_crop_yield_a_systematic_review/26684247/1,True,10.6084/m9.figshare.26684247.v1,datacite,titles.title:biochar AND (titles.title:yield OR titles.title:emissions),TITLE_SCREEN_ONLY_NOT_FORMAL_EVIDENCE,False
datacite,titles.title:biochar AND (titles.title:yield OR titles.title:emissions),10.6084/m9.figshare.26684247,Additional file 11 of Biochar improves the nutrient cycle in sandy-textured soils and increases crop yield: a systematic review,2024,"Bekchanova, Madina",figshare,JournalArticle,https://springernature.figshare.com/articles/journal_contribution/Additional_file_11_of_Biochar_improves_the_nutrient_cycle_in_sandy-textured_soils_and_increases_crop_yield_a_systematic_review/26684247,True,10.6084/m9.figshare.26684247,datacite,titles.title:biochar AND (titles.title:yield OR titles.title:emissions),TITLE_SCREEN_ONLY_NOT_FORMAL_EVIDENCE,False
datacite,titles.title:biochar AND (titles.title:yield OR titles.title:emissions),10.6084/m9.figshare.26684250.v1,Additional file 12 of Biochar improves the nutrient cycle in sandy-textured soils and increases crop yield: a systematic review,2024,"Bekchanova, Madina",figshare,JournalArticle,https://springernature.figshare.com/articles/journal_contribution/Additional_file_12_of_Biochar_improves_the_nutrient_cycle_in_sandy-textured_soils_and_increases_crop_yield_a_systematic_review/26684250/1,True,10.6084/m9.figshare.26684250.v1,datacite,titles.title:biochar AND (titles.title:yield OR titles.title:emissions),TITLE_SCREEN_ONLY_NOT_FORMAL_EVIDENCE,False
datacite,titles.title:biochar AND (titles.title:yield OR titles.title:emissions),10.6084/m9.figshare.26684250,Additional file 12 of Biochar improves the nutrient cycle in sandy-textured soils and increases crop yield: a systematic review,2024,"Bekchanova, Madina",figshare,JournalArticle,https://springernature.figshare.com/articles/journal_contribution/Additional_file_12_of_Biochar_improves_the_nutrient_cycle_in_sandy-textured_soils_and_increases_crop_yield_a_systematic_review/26684250,True,10.6084/m9.figshare.26684250,datacite,titles.title:biochar AND (titles.title:yield OR titles.title:emissions),TITLE_SCREEN_ONLY_NOT_FORMAL_EVIDENCE,False
datacite,titles.title:biochar AND (titles.title:yield OR titles.title:emissions),10.6084/m9.figshare.26684253.v1,Additional file 13 of Biochar improves the nutrient cycle in sandy-textured soils and increases crop yield: a systematic review,2024,"Bekchanova, Madina",figshare,JournalArticle,https://springernature.figshare.com/articles/journal_contribution/Additional_file_13_of_Biochar_improves_the_nutrient_cycle_in_sandy-textured_soils_and_increases_crop_yield_a_systematic_review/26684253/1,True,10.6084/m9.figshare.26684253.v1,datacite,titles.title:biochar AND (titles.title:yield OR titles.title:emissions),TITLE_SCREEN_ONLY_NOT_FORMAL_EVIDENCE,False
datacite,titles.title:biochar AND (titles.title:yield OR titles.title:emissions),10.6084/m9.figshare.26684253,Additional file 13 of Biochar improves the nutrient cycle in sandy-textured soils and increases crop yield: a systematic review,2024,"Bekchanova, Madina",figshare,JournalArticle,https://springernature.figshare.com/articles/journal_contribution/Additional_file_13_of_Biochar_improves_the_nutrient_cycle_in_sandy-textured_soils_and_increases_crop_yield_a_systematic_review/26684253,True,10.6084/m9.figshare.26684253,datacite,titles.title:biochar AND (titles.title:yield OR titles.title:emissions),TITLE_SCREEN_ONLY_NOT_FORMAL_EVIDENCE,False
datacite,titles.title:biochar AND (titles.title:yield OR titles.title:emissions),10.6084/m9.figshare.26728492.v1,"Additional file 1 of Effects of biochar types on seed germination, growth, chlorophyll contents, grain yield, sodium, and potassium uptake by wheat (Triticum aestivum L.) under salt stress",2024,"Duan, Sumei",figshare,JournalArticle,https://springernature.figshare.com/articles/journal_contribution/Additional_file_1_of_Effects_of_biochar_types_on_seed_germination_growth_chlorophyll_contents_grain_yield_sodium_and_potassium_uptake_by_wheat_Triticum_aestivum_L_under_salt_stress/26728492/1,True,10.6084/m9.figshare.26728492.v1,datacite,titles.title:biochar AND (titles.title:yield OR titles.title:emissions),TITLE_SCREEN_ONLY_NOT_FORMAL_EVIDENCE,False
datacite,titles.title:biochar AND (titles.title:yield OR titles.title:emissions),10.6084/m9.figshare.26728492,"Additional file 1 of Effects of biochar types on seed germination, growth, chlorophyll contents, grain yield, sodium, and potassium uptake by wheat (Triticum aestivum L.) under salt stress",2024,"Duan, Sumei",figshare,JournalArticle,https://springernature.figshare.com/articles/journal_contribution/Additional_file_1_of_Effects_of_biochar_types_on_seed_germination_growth_chlorophyll_contents_grain_yield_sodium_and_potassium_uptake_by_wheat_Triticum_aestivum_L_under_salt_stress/26728492,True,10.6084/m9.figshare.26728492,datacite,titles.title:biochar AND (titles.title:yield OR titles.title:emissions),TITLE_SCREEN_ONLY_NOT_FORMAL_EVIDENCE,False
datacite,titles.title:biochar AND (titles.title:yield OR titles.title:emissions),10.6084/m9.figshare.26732821.v1,Additional file 1 of Incorporation of compost and biochar enhances yield and medicinal compounds in seeds of water-stressed Trigonella foenum-graecum L. plants cultivated in saline calcareous soils,2024,"Shaaban, Ahmed",figshare,JournalArticle,https://springernature.figshare.com/articles/journal_contribution/Additional_file_1_of_Incorporation_of_compost_and_biochar_enhances_yield_and_medicinal_compounds_in_seeds_of_water-stressed_Trigonella_foenum-graecum_L_plants_cultivated_in_saline_calcareous_soils/26732821/1,True,10.6084/m9.figshare.26732821.v1,datacite,titles.title:biochar AND (titles.title:yield OR titles.title:emissions),TITLE_SCREEN_ONLY_NOT_FORMAL_EVIDENCE,False
datacite,titles.title:biochar AND (titles.title:yield OR titles.title:emissions),10.6084/m9.figshare.26732821,Additional file 1 of Incorporation of compost and biochar enhances yield and medicinal compounds in seeds of water-stressed Trigonella foenum-graecum L. plants cultivated in saline calcareous soils,2024,"Shaaban, Ahmed",figshare,JournalArticle,https://springernature.figshare.com/articles/journal_contribution/Additional_file_1_of_Incorporation_of_compost_and_biochar_enhances_yield_and_medicinal_compounds_in_seeds_of_water-stressed_Trigonella_foenum-graecum_L_plants_cultivated_in_saline_calcareous_soils/26732821,True,10.6084/m9.figshare.26732821,datacite,titles.title:biochar AND (titles.title:yield OR titles.title:emissions),TITLE_SCREEN_ONLY_NOT_FORMAL_EVIDENCE,False
datacite,titles.title:biochar AND (titles.title:yield OR titles.title:emissions),10.6084/m9.figshare.31323169.v1,Datasets on the impacts of straw and biochar amendments on soil properties and N2O emissions in a subtropical forest soil,2026,"Dong, Yanfei",figshare,Dataset,https://figshare.com/articles/dataset/Datasets_on_the_impacts_of_straw_and_biochar_amendments_on_soil_properties_and_N_sub_2_sub_O_emissions_in_a_subtropical_forest_soil/31323169/1,True,10.6084/m9.figshare.31323169.v1,datacite,titles.title:biochar AND (titles.title:yield OR titles.title:emissions),TITLE_SCREEN_ONLY_NOT_FORMAL_EVIDENCE,False
datacite,titles.title:biochar AND (titles.title:yield OR titles.title:emissions),10.6084/m9.figshare.31323169,Datasets on the impacts of straw and biochar amendments on soil properties and N2O emissions in a subtropical forest soil,2026,"Dong, Yanfei",figshare,Dataset,https://figshare.com/articles/dataset/Datasets_on_the_impacts_of_straw_and_biochar_amendments_on_soil_properties_and_N_sub_2_sub_O_emissions_in_a_subtropical_forest_soil/31323169,True,10.6084/m9.figshare.31323169,datacite,titles.title:biochar AND (titles.title:yield OR titles.title:emissions),TITLE_SCREEN_ONLY_NOT_FORMAL_EVIDENCE,False
datacite,titles.title:biochar AND (titles.title:yield OR titles.title:emissions),10.6084/m9.figshare.29380913.v2,Biochar effects on greenhouse gas emissions in agricultural upland systems,2025,"Song, Lihong",figshare,Dataset,https://figshare.com/articles/dataset/Biochar_induced_farmland_GHGs_emission_xlsx/29380913/2,True,10.6084/m9.figshare.29380913.v2,datacite,titles.title:biochar AND (titles.title:yield OR titles.title:emissions),TITLE_SCREEN_ONLY_NOT_FORMAL_EVIDENCE,False
datacite,titles.title:biochar AND (titles.title:yield OR titles.title:emissions),10.6084/m9.figshare.29380913.v3,Biochar effects on greenhouse gas emissions in agricultural upland systems,2026,"Song, Lihong",figshare,Dataset,https://figshare.com/articles/dataset/Biochar_induced_farmland_GHGs_emission_xlsx/29380913/3,True,10.6084/m9.figshare.29380913.v3,datacite,titles.title:biochar AND (titles.title:yield OR titles.title:emissions),TITLE_SCREEN_ONLY_NOT_FORMAL_EVIDENCE,False
datacite,titles.title:biochar AND (titles.title:yield OR titles.title:emissions),10.6084/m9.figshare.29380913,Biochar effects on greenhouse gas emissions in agricultural upland systems,2026,"Song, Lihong",figshare,Dataset,https://figshare.com/articles/dataset/Biochar_induced_farmland_GHGs_emission_xlsx/29380913,True,10.6084/m9.figshare.29380913,datacite,titles.title:biochar AND (titles.title:yield OR titles.title:emissions),TITLE_SCREEN_ONLY_NOT_FORMAL_EVIDENCE,False
datacite,titles.title:biochar AND (titles.title:yield OR titles.title:emissions),10.34734/fzj-2026-01594,Dynamics of greenhouse gas emissions and nitrogen availability asinfluenced by biochar particles during composting,2023,"Busch, Franziska",Forschungzentrum Jülich,Text,https://juser.fz-juelich.de/record/1053896,True,10.34734/fzj-2026-01594,datacite,titles.title:biochar AND (titles.title:yield OR titles.title:emissions),TITLE_SCREEN_ONLY_NOT_FORMAL_EVIDENCE,False
datacite,titles.title:biochar AND (titles.title:yield OR titles.title:emissions),10.6071/m3mx1b,Data for: Biochar co-compost improves nitrogen retention and reduces carbon emissions in a winter wheat cropping system,2023,"Gao, Si",Dryad,Dataset,https://datadryad.org/dataset/doi:10.6071/M3MX1B,True,10.6071/m3mx1b,datacite,titles.title:biochar AND (titles.title:yield OR titles.title:emissions),TITLE_SCREEN_ONLY_NOT_FORMAL_EVIDENCE,False
datacite,titles.title:biochar AND (titles.title:yield OR titles.title:emissions),10.5061/dryad.prr4xgxqx,Dataset for: Exploring the legacy effect of biochar application on soil nitrous oxide emissions,2022,"Guo, Shumin",Dryad,Dataset,https://datadryad.org/dataset/doi:10.5061/dryad.prr4xgxqx,True,10.5061/dryad.prr4xgxqx,datacite,titles.title:biochar AND (titles.title:yield OR titles.title:emissions),TITLE_SCREEN_ONLY_NOT_FORMAL_EVIDENCE,False
datacite,titles.title:biochar AND (titles.title:yield OR titles.title:emissions),10.5061/dryad.rbnzs7hf0,Biochar and nitrogen fertilizer promote rice yield by altering soil enzyme activity and microbial community structure,2022,"Zhang, Aiping",Dryad,Dataset,https://datadryad.org/dataset/doi:10.5061/dryad.rbnzs7hf0,True,10.5061/dryad.rbnzs7hf0,datacite,titles.title:biochar AND (titles.title:yield OR titles.title:emissions),TITLE_SCREEN_ONLY_NOT_FORMAL_EVIDENCE,False
datacite,titles.title:biochar AND (titles.title:yield OR titles.title:emissions),10.5061/dryad.zpc866t8f,"Biochar increases tree biomass in a managed boreal forest, but does not alter N2O, CH4, and CO2 emissions",2021,"Grau-Andrés, Roger",Dryad,Dataset,https://datadryad.org/dataset/doi:10.5061/dryad.zpc866t8f,True,10.5061/dryad.zpc866t8f,datacite,titles.title:biochar AND (titles.title:yield OR titles.title:emissions),TITLE_SCREEN_ONLY_NOT_FORMAL_EVIDENCE,False
datacite,titles.title:biochar AND (titles.title:yield OR titles.title:emissions),10.5061/dryad.8hm07,"Data from: Biochar from ""Kon Tiki"" flame curtain and other kilns: effects of nutrient enrichment and kiln type on crop yield and soil chemistry",2018,"Pandit, Naba Raj",Dryad,Dataset,https://datadryad.org/dataset/doi:10.5061/dryad.8hm07,True,10.5061/dryad.8hm07,datacite,titles.title:biochar AND (titles.title:yield OR titles.title:emissions),TITLE_SCREEN_ONLY_NOT_FORMAL_EVIDENCE,False
datacite,titles.title:biochar AND (titles.title:yield OR titles.title:emissions),10.5061/dryad.58m67,"Data from: Emissions and char quality of flame-curtain ""Kon Tiki"" kilns for farmer-scale charcoal/biochar production",2017,"Cornelissen, Gerard",Dryad,Dataset,https://datadryad.org/dataset/doi:10.5061/dryad.58m67,True,10.5061/dryad.58m67,datacite,titles.title:biochar AND (titles.title:yield OR titles.title:emissions),TITLE_SCREEN_ONLY_NOT_FORMAL_EVIDENCE,False
datacite,titles.title:biochar AND (titles.title:yield OR titles.title:emissions),10.5281/zenodo.10984577,Do no-tillage and biochar management practices decrease soil CO2 emissions?,2026,"ACOSTA, MANUEL",Zenodo,Preprint,https://zenodo.org/doi/10.5281/zenodo.10984577,True,10.5281/zenodo.10984577,datacite,titles.title:biochar AND (titles.title:yield OR titles.title:emissions),TITLE_SCREEN_ONLY_NOT_FORMAL_EVIDENCE,False
datacite,titles.title:biochar AND (titles.title:yield OR titles.title:emissions),10.5281/zenodo.18374743,Do no-tillage and biochar management practices decrease soil CO2 emissions?,2026,"ACOSTA, MANUEL",Zenodo,Preprint,https://zenodo.org/doi/10.5281/zenodo.18374743,True,10.5281/zenodo.18374743,datacite,titles.title:biochar AND (titles.title:yield OR titles.title:emissions),TITLE_SCREEN_ONLY_NOT_FORMAL_EVIDENCE,False
datacite,titles.title:biochar AND (titles.title:yield OR titles.title:emissions),10.5281/zenodo.18347006,Optimization of Biochar and Liquid Organic Fertilizer Application for Improving Growth and Yield of Sweet Corn on Inceptisol,2026,Dirga Sapta Sara,International Journal of Life Science and Agriculture Research,JournalArticle,https://zenodo.org/doi/10.5281/zenodo.18347006,True,10.5281/zenodo.18347006,datacite,titles.title:biochar AND (titles.title:yield OR titles.title:emissions),TITLE_SCREEN_ONLY_NOT_FORMAL_EVIDENCE,False
datacite,titles.title:biochar AND (titles.title:yield OR titles.title:emissions),10.5281/zenodo.18347005,Optimization of Biochar and Liquid Organic Fertilizer Application for Improving Growth and Yield of Sweet Corn on Inceptisol,2026,Dirga Sapta Sara,International Journal of Life Science and Agriculture Research,JournalArticle,https://zenodo.org/doi/10.5281/zenodo.18347005,True,10.5281/zenodo.18347005,datacite,titles.title:biochar AND (titles.title:yield OR titles.title:emissions),TITLE_SCREEN_ONLY_NOT_FORMAL_EVIDENCE,False
datacite,titles.title:biochar AND (titles.title:yield OR titles.title:emissions),10.17632/489mxgtz5b.1,"Effects of Biochar, Vermicompost, and Inorganic N-P Nutrients on Soil Physical Properties, Maize Growth, and Yield in Northwest Ethiopia",2026,"Tadele Belay, Habtamu",Mendeley Data,Dataset,https://data.mendeley.com/datasets/489mxgtz5b/1,True,10.17632/489mxgtz5b.1,datacite,titles.title:biochar AND (titles.title:yield OR titles.title:emissions),TITLE_SCREEN_ONLY_NOT_FORMAL_EVIDENCE,False
datacite,titles.title:biochar AND (titles.title:yield OR titles.title:emissions),10.17632/489mxgtz5b,"Effects of Biochar, Vermicompost, and Inorganic N-P Nutrients on Soil Physical Properties, Maize Growth, and Yield in Northwest Ethiopia",2026,"Tadele Belay, Habtamu",Mendeley Data,Dataset,https://data.mendeley.com/datasets/489mxgtz5b,True,10.17632/489mxgtz5b,datacite,titles.title:biochar AND (titles.title:yield OR titles.title:emissions),TITLE_SCREEN_ONLY_NOT_FORMAL_EVIDENCE,False
datacite,titles.title:biochar AND (titles.title:yield OR titles.title:emissions),10.5281/zenodo.18209229,BIOCHAR APPLICATION IN BIODIVERSE PASTURES: A STUDY ON CHANGING GHG EMISSIONS IN INTERACTIONS WITH SOIL TEMPERATURE AND MOISTURE FOR TWO YEARS,2026,"Khodaparast, Zahra",Zenodo,Text,https://zenodo.org/doi/10.5281/zenodo.18209229,True,10.5281/zenodo.18209229,datacite,titles.title:biochar AND (titles.title:yield OR titles.title:emissions),TITLE_SCREEN_ONLY_NOT_FORMAL_EVIDENCE,False
datacite,titles.title:biochar AND (titles.title:yield OR titles.title:emissions),10.5281/zenodo.18209230,BIOCHAR APPLICATION IN BIODIVERSE PASTURES: A STUDY ON CHANGING GHG EMISSIONS IN INTERACTIONS WITH SOIL TEMPERATURE AND MOISTURE FOR TWO YEARS,2026,"Khodaparast, Zahra",Zenodo,Text,https://zenodo.org/doi/10.5281/zenodo.18209230,True,10.5281/zenodo.18209230,datacite,titles.title:biochar AND (titles.title:yield OR titles.title:emissions),TITLE_SCREEN_ONLY_NOT_FORMAL_EVIDENCE,False
datacite,titles.title:biochar AND (titles.title:yield OR titles.title:emissions),10.5281/zenodo.17662363,Biochar application and pasture GHG emissions: links to soil temperature and moisture at peak growth,2026,"Khodaparast, Zahra",Zenodo,ConferencePaper,https://zenodo.org/doi/10.5281/zenodo.17662363,True,10.5281/zenodo.17662363,datacite,titles.title:biochar AND (titles.title:yield OR titles.title:emissions),TITLE_SCREEN_ONLY_NOT_FORMAL_EVIDENCE,False
datacite,titles.title:biochar AND (titles.title:yield OR titles.title:emissions),10.5281/zenodo.17662362,Biochar application and pasture GHG emissions: links to soil temperature and moisture at peak growth,2026,"Khodaparast, Zahra",Zenodo,ConferencePaper,https://zenodo.org/doi/10.5281/zenodo.17662362,True,10.5281/zenodo.17662362,datacite,titles.title:biochar AND (titles.title:yield OR titles.title:emissions),TITLE_SCREEN_ONLY_NOT_FORMAL_EVIDENCE,False
datacite,titles.title:biochar AND (titles.title:yield OR titles.title:emissions),10.5281/zenodo.18257674,"Biochar amendment, plant diversity and vigor: Assessing yield-diversity trade-offs in a Mediterranean biodiverse pasture",2026,"Jelinčić, Antun",Zenodo,Preprint,https://zenodo.org/doi/10.5281/zenodo.18257674,True,10.5281/zenodo.18257674,datacite,titles.title:biochar AND (titles.title:yield OR titles.title:emissions),TITLE_SCREEN_ONLY_NOT_FORMAL_EVIDENCE,False
datacite,titles.title:biochar AND (titles.title:yield OR titles.title:emissions),10.5281/zenodo.18257673,"Biochar amendment, plant diversity and vigor: Assessing yield-diversity trade-offs in a Mediterranean biodiverse pasture",2026,"Jelinčić, Antun",Zenodo,Preprint,https://zenodo.org/doi/10.5281/zenodo.18257673,True,10.5281/zenodo.18257673,datacite,titles.title:biochar AND (titles.title:yield OR titles.title:emissions),TITLE_SCREEN_ONLY_NOT_FORMAL_EVIDENCE,False
datacite,titles.title:biochar AND (titles.title:yield OR titles.title:emissions),10.5281/zenodo.18148030,Mechanistic insights into biochar-induced CO2 emissions: evidence for basal soil microbial respiration and priming effects in different stages,2026,"ZHANG, YEYE",Zenodo,Text,https://zenodo.org/doi/10.5281/zenodo.18148030,True,10.5281/zenodo.18148030,datacite,titles.title:biochar AND (titles.title:yield OR titles.title:emissions),TITLE_SCREEN_ONLY_NOT_FORMAL_EVIDENCE,False
datacite,titles.title:biochar AND (titles.title:yield OR titles.title:emissions),10.5281/zenodo.18148031,Mechanistic insights into biochar-induced CO2 emissions: evidence for basal soil microbial respiration and priming effects in different stages,2026,"ZHANG, YEYE",Zenodo,Text,https://zenodo.org/doi/10.5281/zenodo.18148031,True,10.5281/zenodo.18148031,datacite,titles.title:biochar AND (titles.title:yield OR titles.title:emissions),TITLE_SCREEN_ONLY_NOT_FORMAL_EVIDENCE,False
datacite,titles.title:biochar AND (titles.title:yield OR titles.title:emissions),10.5281/zenodo.18115075,Effect of Rice Husk Biochar and Inorganic Fertilizer on Growth and Yield of Lettuce (Lactuca sativa L.),2026,"Baffoe-Yeboah, Frank",Zenodo,JournalArticle,https://zenodo.org/doi/10.5281/zenodo.18115075,True,10.5281/zenodo.18115075,datacite,titles.title:biochar AND (titles.title:yield OR titles.title:emissions),TITLE_SCREEN_ONLY_NOT_FORMAL_EVIDENCE,False
datacite,titles.title:biochar AND (titles.title:yield OR titles.title:emissions),10.5281/zenodo.18115076,Effect of Rice Husk Biochar and Inorganic Fertilizer on Growth and Yield of Lettuce (Lactuca sativa L.),2026,"Baffoe-Yeboah, Frank",Zenodo,JournalArticle,https://zenodo.org/doi/10.5281/zenodo.18115076,True,10.5281/zenodo.18115076,datacite,titles.title:biochar AND (titles.title:yield OR titles.title:emissions),TITLE_SCREEN_ONLY_NOT_FORMAL_EVIDENCE,False
datacite,titles.title:biochar AND (titles.title:yield OR titles.title:emissions),10.5281/zenodo.18109250,Combined effect of biochar and castor cake on soil properties and yield of Amaranthus caudatus L.,2025,TJCDA KWASU,Zenodo,Text,https://zenodo.org/doi/10.5281/zenodo.18109250,True,10.5281/zenodo.18109250,datacite,titles.title:biochar AND (titles.title:yield OR titles.title:emissions),TITLE_SCREEN_ONLY_NOT_FORMAL_EVIDENCE,False
datacite,titles.title:biochar AND (titles.title:yield OR titles.title:emissions),10.5281/zenodo.18109249,Combined effect of biochar and castor cake on soil properties and yield of Amaranthus caudatus L.,2025,TJCDA KWASU,Zenodo,Text,https://zenodo.org/doi/10.5281/zenodo.18109249,True,10.5281/zenodo.18109249,datacite,titles.title:biochar AND (titles.title:yield OR titles.title:emissions),TITLE_SCREEN_ONLY_NOT_FORMAL_EVIDENCE,False
datacite,titles.title:biochar AND (titles.title:yield OR titles.title:emissions),10.6084/m9.figshare.30936659.v1,"Supplemental Material for ""Mitigation of Ammonia and Hydrogen Sulfide Emissions From Biochar-Treated Swine Manure After Application to Cropland Soil",2025,"Koziel, Jacek",figshare,Text,https://figshare.com/articles/journal_contribution/Supplemental_Material_for_Mitigation_of_Ammonia_and_Hydrogen_Sulfide_Emissions_From_Biochar-Treated_Swine_Manure_After_Application_to_Cropland_Soil/30936659/1,True,10.6084/m9.figshare.30936659.v1,datacite,titles.title:biochar AND (titles.title:yield OR titles.title:emissions),TITLE_SCREEN_ONLY_NOT_FORMAL_EVIDENCE,False
datacite,titles.title:biochar AND (titles.title:yield OR titles.title:emissions),10.4231/ycwy-4g65,Data of soil greenhouse gas emissions and soybean growth from a biochar-amended precipitation manipulation experiment,2020,"Abbasi, Akane",Purdue University Research Repository,Dataset,https://purr.purdue.edu/publications/3377/1,True,10.4231/ycwy-4g65,datacite,titles.title:biochar AND (titles.title:yield OR titles.title:emissions),TITLE_SCREEN_ONLY_NOT_FORMAL_EVIDENCE,False
datacite,titles.title:biochar AND (titles.title:yield OR titles.title:emissions),10.5281/zenodo.17973470,"Biochar-based fertilizer is cost-effective, reduces nutrient input and improves nutrient-use-efficiency without decreasing yield",2025,"Dissanayake, Lakmini",Zenodo,Dataset,https://zenodo.org/doi/10.5281/zenodo.17973470,True,10.5281/zenodo.17973470,datacite,titles.title:biochar AND (titles.title:yield OR titles.title:emissions),TITLE_SCREEN_ONLY_NOT_FORMAL_EVIDENCE,False
datacite,titles.title:biochar AND (titles.title:yield OR titles.title:emissions),10.5281/zenodo.17973471,"Biochar-based fertilizer is cost-effective, reduces nutrient input and improves nutrient-use-efficiency without decreasing yield",2025,"Dissanayake, Lakmini",Zenodo,Dataset,https://zenodo.org/doi/10.5281/zenodo.17973471,True,10.5281/zenodo.17973471,datacite,titles.title:biochar AND (titles.title:yield OR titles.title:emissions),TITLE_SCREEN_ONLY_NOT_FORMAL_EVIDENCE,False
datacite,titles.title:biochar AND (titles.title:yield OR titles.title:emissions),10.18710/sinrxp,Replication Data for: Biological N2-fixation and grain yield of pigeon pea: The role of biochar and conservation agriculture in low-input systems,2025,"Namatsheve, Talent",DataverseNO,Dataset,https://dataverse.no/citation?persistentId=doi:10.18710/SINRXP,True,10.18710/sinrxp,datacite,titles.title:biochar AND (titles.title:yield OR titles.title:emissions),TITLE_SCREEN_ONLY_NOT_FORMAL_EVIDENCE,False
datacite,titles.title:biochar AND (titles.title:yield OR titles.title:emissions),10.18710/xf1dfv,Meta data for: Grain yield and nitrogen cycling under conservation agriculture and biochar amendment in agroecosystems of sub-Saharan Africa. A meta-analysis,2024,"Namatsheve, Talent",DataverseNO,Dataset,https://dataverse.no/citation?persistentId=doi:10.18710/XF1DFV,True,10.18710/xf1dfv,datacite,titles.title:biochar AND (titles.title:yield OR titles.title:emissions),TITLE_SCREEN_ONLY_NOT_FORMAL_EVIDENCE,False
datacite,titles.title:biochar AND (titles.title:yield OR titles.title:emissions),10.5281/zenodo.17778411,Biochar in Mediterranean agriculture: Effects on soil greenhouse gas emissions,2025,"Simões-Mota, Ana",Zenodo,Text,https://zenodo.org/doi/10.5281/zenodo.17778411,True,10.5281/zenodo.17778411,datacite,titles.title:biochar AND (titles.title:yield OR titles.title:emissions),TITLE_SCREEN_ONLY_NOT_FORMAL_EVIDENCE,False
datacite,titles.title:biochar AND (titles.title:yield OR titles.title:emissions),10.5281/zenodo.17778412,Biochar in Mediterranean agriculture: Effects on soil greenhouse gas emissions,2025,"Simões-Mota, Ana",Zenodo,Text,https://zenodo.org/doi/10.5281/zenodo.17778412,True,10.5281/zenodo.17778412,datacite,titles.title:biochar AND (titles.title:yield OR titles.title:emissions),TITLE_SCREEN_ONLY_NOT_FORMAL_EVIDENCE,False
datacite,titles.title:biochar AND (titles.title:yield OR titles.title:emissions),10.17632/kcdw49w9ch.1,Effects of cotton straw biochar on methane emissions using rumen simulations,2025,"Zhang, Shiqi",Mendeley Data,Dataset,https://data.mendeley.com/datasets/kcdw49w9ch/1,True,10.17632/kcdw49w9ch.1,datacite,titles.title:biochar AND (titles.title:yield OR titles.title:emissions),TITLE_SCREEN_ONLY_NOT_FORMAL_EVIDENCE,False
datacite,titles.title:biochar AND (titles.title:yield OR titles.title:emissions),10.17632/kcdw49w9ch,Effects of cotton straw biochar on methane emissions using rumen simulations,2025,"Zhang, Shiqi",Mendeley Data,Dataset,https://data.mendeley.com/datasets/kcdw49w9ch,True,10.17632/kcdw49w9ch,datacite,titles.title:biochar AND (titles.title:yield OR titles.title:emissions),TITLE_SCREEN_ONLY_NOT_FORMAL_EVIDENCE,False
datacite,titles.title:biochar AND (titles.title:yield OR titles.title:emissions),10.6084/m9.figshare.30068833,"Compost and Biochar Amendments Enhanced the Growth, Yield, Nutrient Uptake, Nitrogen- and Water-use Efficiency of Irrigated Corn",2025,"Khairo, A. M",Taylor & Francis,Dataset,https://tandf.figshare.com/articles/dataset/Compost_and_Biochar_Amendments_Enhanced_the_Growth_Yield_Nutrient_Uptake_Nitrogen-_and_Water-use_Efficiency_of_Irrigated_Corn/30068833,True,10.6084/m9.figshare.30068833,datacite,titles.title:biochar AND (titles.title:yield OR titles.title:emissions),TITLE_SCREEN_ONLY_NOT_FORMAL_EVIDENCE,False
datacite,titles.title:biochar AND (titles.title:yield OR titles.title:emissions),10.6084/m9.figshare.30068833.v1,"Compost and Biochar Amendments Enhanced the Growth, Yield, Nutrient Uptake, Nitrogen- and Water-use Efficiency of Irrigated Corn",2025,"Khairo, A. M",Taylor & Francis,Dataset,https://tandf.figshare.com/articles/dataset/Compost_and_Biochar_Amendments_Enhanced_the_Growth_Yield_Nutrient_Uptake_Nitrogen-_and_Water-use_Efficiency_of_Irrigated_Corn/30068833/1,True,10.6084/m9.figshare.30068833.v1,datacite,titles.title:biochar AND (titles.title:yield OR titles.title:emissions),TITLE_SCREEN_ONLY_NOT_FORMAL_EVIDENCE,False
datacite,titles.title:biochar AND (titles.title:yield OR titles.title:emissions),10.13140/rg.2.2.20659.13604,Growth Responses and Yield of Two Varieties of Corchorus to Biochar and Organic Fertilizers as Soil Amendments,2024,Sunday Nome Peter,Unpublished,Text,https://www.researchgate.net/doi/10.13140/RG.2.2.20659.13604,True,10.13140/rg.2.2.20659.13604,datacite,titles.title:biochar AND (titles.title:yield OR titles.title:emissions),TITLE_SCREEN_ONLY_NOT_FORMAL_EVIDENCE,False
datacite,titles.title:biochar AND (titles.title:yield OR titles.title:emissions),10.13140/rg.2.2.19967.42404,Evaluating the Combined Effect of Biochar and Manure on soil Physicochemical properties and greengram yield in kitui county,2024,Brighton Omondi,Unpublished,Text,https://www.researchgate.net/doi/10.13140/RG.2.2.19967.42404,True,10.13140/rg.2.2.19967.42404,datacite,titles.title:biochar AND (titles.title:yield OR titles.title:emissions),TITLE_SCREEN_ONLY_NOT_FORMAL_EVIDENCE,False
datacite,titles.title:biochar AND (titles.title:yield OR titles.title:emissions),10.13140/rg.2.2.15332.39046,"A Research proposal on EFFECT OF FYM AND BIOCHAR WITH RESIDUAL NUTRIENTS ON SOIL HEALTH AND MUNGBEAN YIELD IN RUPANDEHI, NEPAL",2024,Bishal Dhungana,Unpublished,Text,https://www.researchgate.net/doi/10.13140/RG.2.2.15332.39046,True,10.13140/rg.2.2.15332.39046,datacite,titles.title:biochar AND (titles.title:yield OR titles.title:emissions),TITLE_SCREEN_ONLY_NOT_FORMAL_EVIDENCE,False
datacite,titles.title:biochar AND (titles.title:yield OR titles.title:emissions),10.13140/rg.2.2.34688.85761,"EFFECT OF FYM AND BIOCHAR WITH RESIDUAL NUTRIENTS ON SOIL HEALTH AND MUNGBEAN YIELD IN RUPANDEHI, NEPAL",2024,Bishal Dhungana,Unpublished,Text,https://www.researchgate.net/doi/10.13140/RG.2.2.34688.85761,True,10.13140/rg.2.2.34688.85761,datacite,titles.title:biochar AND (titles.title:yield OR titles.title:emissions),TITLE_SCREEN_ONLY_NOT_FORMAL_EVIDENCE,False
datacite,titles.title:biochar AND (titles.title:yield OR titles.title:emissions),10.13140/rg.2.2.24744.44809,Biochar Based Controlled Release Nitrogen Fertilizer For Corn Yield Improvement,2022,Robiul Islam Rubel,Unpublished,Text,https://www.researchgate.net/doi/10.13140/RG.2.2.24744.44809,True,10.13140/rg.2.2.24744.44809,datacite,titles.title:biochar AND (titles.title:yield OR titles.title:emissions),TITLE_SCREEN_ONLY_NOT_FORMAL_EVIDENCE,False
datacite,titles.title:biochar AND (titles.title:yield OR titles.title:emissions),10.13140/rg.2.2.19101.84967,Biochar particles size influenced the yield and water productivity of two mint (Mentha sp.) varieties under drip irrigation,2021,"Amer, Mariam A",Unpublished,Text,https://www.researchgate.net/doi/10.13140/RG.2.2.19101.84967,True,10.13140/rg.2.2.19101.84967,datacite,titles.title:biochar AND (titles.title:yield OR titles.title:emissions),TITLE_SCREEN_ONLY_NOT_FORMAL_EVIDENCE,False
datacite,titles.title:biochar AND (titles.title:yield OR titles.title:emissions),10.13140/rg.2.2.31259.41768,"Biochar and biochar-compost as soil amendments: Crop performance, soil quality and greenhouse gas emissions in tropical agricultural soils",2016,Getachew Agegnehu,Unpublished,Text,https://www.researchgate.net/doi/10.13140/RG.2.2.31259.41768,True,10.13140/rg.2.2.31259.41768,datacite,titles.title:biochar AND (titles.title:yield OR titles.title:emissions),TITLE_SCREEN_ONLY_NOT_FORMAL_EVIDENCE,False
datacite,titles.title:biochar AND (titles.title:yield OR titles.title:emissions),10.13140/rg.2.2.17837.64488,"Impact of biochar, compost and biochar-compost on crop yield, soil quality and greenhouse gas fluxes in agricultural soils",2016,Getachew Agegnehu,Unpublished,Text,https://www.researchgate.net/doi/10.13140/RG.2.2.17837.64488,True,10.13140/rg.2.2.17837.64488,datacite,titles.title:biochar AND (titles.title:yield OR titles.title:emissions),TITLE_SCREEN_ONLY_NOT_FORMAL_EVIDENCE,False
datacite,titles.title:biochar AND (titles.title:yield OR titles.title:emissions),10.13140/rg.2.2.31273.01126,Biochar Yield Analysis in a Self Sustainable Natural Gas-fired Biochar Reactor as affected by Temperature and Biomass Residence Time,2020,"Odesola Isaac, F.",Unpublished,Text,https://www.researchgate.net/doi/10.13140/RG.2.2.31273.01126,True,10.13140/rg.2.2.31273.01126,datacite,titles.title:biochar AND (titles.title:yield OR titles.title:emissions),TITLE_SCREEN_ONLY_NOT_FORMAL_EVIDENCE,False
datacite,titles.title:biochar AND (titles.title:yield OR titles.title:emissions),10.13140/rg.2.2.10797.54247,"Use of Biochar to Improve Selected Soil Chemical Properties, Carbon Storage and Maize Yield in an Ultisol in Abakaliki Ebonyi State, Nigeria",2016,Chima Njoku,Unpublished,Text,https://www.researchgate.net/doi/10.13140/RG.2.2.10797.54247,True,10.13140/rg.2.2.10797.54247,datacite,titles.title:biochar AND (titles.title:yield OR titles.title:emissions),TITLE_SCREEN_ONLY_NOT_FORMAL_EVIDENCE,False
datacite,titles.title:biochar AND (titles.title:yield OR titles.title:emissions),10.13140/rg.2.2.11033.47205,Effect of Biochar on Selected Soil Physical Properties and Maize Yield in an Ultisol in Abakaliki Southeastern Nigeria,2015,C Njoku,Unpublished,Text,https://www.researchgate.net/doi/10.13140/RG.2.2.11033.47205,True,10.13140/rg.2.2.11033.47205,datacite,titles.title:biochar AND (titles.title:yield OR titles.title:emissions),TITLE_SCREEN_ONLY_NOT_FORMAL_EVIDENCE,False
datacite,titles.title:biochar AND (titles.title:yield OR titles.title:emissions),10.60893/figshare.jrse.c.8061622.v1,Machine learning prediction of biochar yield based on different classification methods,2025,"Liu, Xiaogang",AIP Publishing,Collection,https://aip.figshare.com/collections/_strong_Machine_learning_prediction_of_biochar_yield_based_on_different_classification_methods_strong_/8061622/1,True,10.60893/figshare.jrse.c.8061622.v1,datacite,titles.title:biochar AND (titles.title:yield OR titles.title:emissions),TITLE_SCREEN_ONLY_NOT_FORMAL_EVIDENCE,False
datacite,titles.title:biochar AND (titles.title:yield OR titles.title:emissions),10.60893/figshare.jrse.c.8061622,Machine learning prediction of biochar yield based on different classification methods,2025,"Liu, Xiaogang",AIP Publishing,Collection,https://aip.figshare.com/collections/_strong_Machine_learning_prediction_of_biochar_yield_based_on_different_classification_methods_strong_/8061622,True,10.60893/figshare.jrse.c.8061622,datacite,titles.title:biochar AND (titles.title:yield OR titles.title:emissions),TITLE_SCREEN_ONLY_NOT_FORMAL_EVIDENCE,False
datacite,titles.title:biochar AND (titles.title:yield OR titles.title:emissions),10.13140/rg.2.2.27160.24329,Feedstock analysis and biochar yield as a first step to produce a peat-based additive to reduce greenhouse gas emissions in manure management,2019,"Getz, Josephine",Unpublished,Text,https://www.researchgate.net/doi/10.13140/RG.2.2.27160.24329,True,10.13140/rg.2.2.27160.24329,datacite,titles.title:biochar AND (titles.title:yield OR titles.title:emissions),TITLE_SCREEN_ONLY_NOT_FORMAL_EVIDENCE,False
datacite,titles.title:biochar AND (titles.title:yield OR titles.title:emissions),10.13140/rg.2.2.20712.98566,The use of peat based biochar as an additive to manure management systems to reduce greenhouse gas emissions,2018,"Getz, Josephine",Unpublished,Text,https://www.researchgate.net/doi/10.13140/RG.2.2.20712.98566,True,10.13140/rg.2.2.20712.98566,datacite,titles.title:biochar AND (titles.title:yield OR titles.title:emissions),TITLE_SCREEN_ONLY_NOT_FORMAL_EVIDENCE,False
datacite,titles.title:biochar AND (titles.title:yield OR titles.title:emissions),10.13140/rg.2.2.22622.69449,The use of peat-based biochar as an additive to manure management systems to reduce greenhouse gas emissions,2018,"Getz, Josephine",Unpublished,Text,https://www.researchgate.net/doi/10.13140/RG.2.2.22622.69449,True,10.13140/rg.2.2.22622.69449,datacite,titles.title:biochar AND (titles.title:yield OR titles.title:emissions),TITLE_SCREEN_ONLY_NOT_FORMAL_EVIDENCE,False
datacite,titles.title:biochar AND (titles.title:yield OR titles.title:emissions),10.13140/rg.2.2.11018.16323,The effect of various doses of mineral fertilisers and biochar on yield of Jerusalem artichoke Helianthus tuberosus L. on sandy soil,2018,"Kliszcz, Angelika",Unpublished,Text,https://www.researchgate.net/doi/10.13140/RG.2.2.11018.16323,True,10.13140/rg.2.2.11018.16323,datacite,titles.title:biochar AND (titles.title:yield OR titles.title:emissions),TITLE_SCREEN_ONLY_NOT_FORMAL_EVIDENCE,False
datacite,titles.title:biochar AND (titles.title:yield OR titles.title:emissions),10.5281/zenodo.10984578,Do no-tillage and biochar management practices decrease soil CO2 emissions? – A case study from a sugar beet (Beta vulgaris) plantation.,2024,"ACOSTA, MANUEL",Zenodo,Preprint,https://zenodo.org/doi/10.5281/zenodo.10984578,True,10.5281/zenodo.10984578,datacite,titles.title:biochar AND (titles.title:yield OR titles.title:emissions),TITLE_SCREEN_ONLY_NOT_FORMAL_EVIDENCE,False
datacite,titles.title:biochar AND (titles.title:yield OR titles.title:emissions),10.5281/zenodo.11065117,Do no-tillage and biochar management practices decrease soil CO2 emissions? – A case study from a sugar beet (Beta vulgaris) plantation.,2024,"ACOSTA, MANUEL",Zenodo,Preprint,https://zenodo.org/doi/10.5281/zenodo.11065117,True,10.5281/zenodo.11065117,datacite,titles.title:biochar AND (titles.title:yield OR titles.title:emissions),TITLE_SCREEN_ONLY_NOT_FORMAL_EVIDENCE,False
datacite,titles.title:biochar AND (titles.title:yield OR titles.title:emissions),10.13140/rg.2.2.19267.25121,The use of peat-based biochar as an additive to manure management systems to reduce greenhouse gas emissions,2018,"Getz, Josephine",Unpublished,Text,https://www.researchgate.net/doi/10.13140/RG.2.2.19267.25121,True,10.13140/rg.2.2.19267.25121,datacite,titles.title:biochar AND (titles.title:yield OR titles.title:emissions),TITLE_SCREEN_ONLY_NOT_FORMAL_EVIDENCE,False
datacite,titles.title:biochar AND (titles.title:yield OR titles.title:emissions),10.13140/rg.2.2.27402.88005,Influence of the molar H/C.org ratio of biochar on the N2O-emissions during composting,2016,Wurzer Christian,Unpublished,Text,https://www.researchgate.net/doi/10.13140/RG.2.2.27402.88005,True,10.13140/rg.2.2.27402.88005,datacite,titles.title:biochar AND (titles.title:yield OR titles.title:emissions),TITLE_SCREEN_ONLY_NOT_FORMAL_EVIDENCE,False
datacite,titles.title:biochar AND (titles.title:yield OR titles.title:emissions),10.13140/rg.2.2.24477.82408,"Effects of Biochar and Compost Application on Soil Properties, Growth and Yield of Maize Grown in Acidic Rainforest and Coastal Savannah Soils in Ghana",2017,"Mensah, Albert Kobina",Unpublished,Text,https://www.researchgate.net/doi/10.13140/RG.2.2.24477.82408,True,10.13140/rg.2.2.24477.82408,datacite,titles.title:biochar AND (titles.title:yield OR titles.title:emissions),TITLE_SCREEN_ONLY_NOT_FORMAL_EVIDENCE,False
datacite,titles.title:biochar AND (titles.title:yield OR titles.title:emissions),10.5281/zenodo.17366353,Do no-tillage and biochar management practices decrease soil CO2 emissions? – A case study of rotational cropping soil.,2025,"ACOSTA, MANUEL",Zenodo,Preprint,https://zenodo.org/doi/10.5281/zenodo.17366353,True,10.5281/zenodo.17366353,datacite,titles.title:biochar AND (titles.title:yield OR titles.title:emissions),TITLE_SCREEN_ONLY_NOT_FORMAL_EVIDENCE,False
datacite,titles.title:biochar AND (titles.title:yield OR titles.title:emissions),10.13140/rg.2.1.1609.0489,Biochar Properties and Impact on Soil CO2 and N2O Emissions,2015,"Fidel, Rivka",Unpublished,Other,https://www.researchgate.net/doi/10.13140/RG.2.1.1609.0489,True,10.13140/rg.2.1.1609.0489,datacite,titles.title:biochar AND (titles.title:yield OR titles.title:emissions),TITLE_SCREEN_ONLY_NOT_FORMAL_EVIDENCE,False
datacite,titles.title:biochar AND (titles.title:yield OR titles.title:emissions),10.13140/rg.2.1.1655.9443,Biochar effects on soil nitrous oxide emissions,2014,"Alho, Carlos",Unpublished,Other,https://www.researchgate.net/doi/10.13140/RG.2.1.1655.9443,True,10.13140/rg.2.1.1655.9443,datacite,titles.title:biochar AND (titles.title:yield OR titles.title:emissions),TITLE_SCREEN_ONLY_NOT_FORMAL_EVIDENCE,False
datacite,titles.title:biochar AND (titles.title:yield OR titles.title:emissions),10.13140/rg.2.1.1041.9921,Influence of Biochar Organic and Inorganic Carbon on Soil Greenhouse Gas Emissions,2014,"Fidel, Rivka",Unpublished,Text,https://www.researchgate.net/doi/10.13140/RG.2.1.1041.9921,True,10.13140/rg.2.1.1041.9921,datacite,titles.title:biochar AND (titles.title:yield OR titles.title:emissions),TITLE_SCREEN_ONLY_NOT_FORMAL_EVIDENCE,False
datacite,titles.title:biochar AND (titles.title:yield OR titles.title:emissions),10.5281/zenodo.17287554,Balancing quality and yield of biofuel and biochar in the pyrolysis of industrial macroalgae sludge: future perspectives with a circular economy approach in the EU FLEXBY project,2025,"CIURCINA, ELEONORA",Zenodo,ConferenceProceeding,https://zenodo.org/doi/10.5281/zenodo.17287554,True,10.5281/zenodo.17287554,datacite,titles.title:biochar AND (titles.title:yield OR titles.title:emissions),TITLE_SCREEN_ONLY_NOT_FORMAL_EVIDENCE,False
datacite,titles.title:biochar AND (titles.title:yield OR titles.title:emissions),10.5281/zenodo.17287553,Balancing quality and yield of biofuel and biochar in the pyrolysis of industrial macroalgae sludge: future perspectives with a circular economy approach in the EU FLEXBY project,2025,"CIURCINA, ELEONORA",Zenodo,ConferenceProceeding,https://zenodo.org/doi/10.5281/zenodo.17287553,True,10.5281/zenodo.17287553,datacite,titles.title:biochar AND (titles.title:yield OR titles.title:emissions),TITLE_SCREEN_ONLY_NOT_FORMAL_EVIDENCE,False
datacite,titles.title:biochar AND (titles.title:yield OR titles.title:emissions),10.5281/zenodo.17287396,Balancing quality and yield of biofuel and biochar in the pyrolysis of industrial macroalgae sludge: future perspectives with a circular economy approach in the EU FLEXBY project,2025,"CIURCINA, ELEONORA",Zenodo,Text,https://zenodo.org/doi/10.5281/zenodo.17287396,True,10.5281/zenodo.17287396,datacite,titles.title:biochar AND (titles.title:yield OR titles.title:emissions),TITLE_SCREEN_ONLY_NOT_FORMAL_EVIDENCE,False
datacite,titles.title:biochar AND (titles.title:yield OR titles.title:emissions),10.5281/zenodo.17287397,Balancing quality and yield of biofuel and biochar in the pyrolysis of industrial macroalgae sludge: future perspectives with a circular economy approach in the EU FLEXBY project,2025,"CIURCINA, ELEONORA",Zenodo,Text,https://zenodo.org/doi/10.5281/zenodo.17287397,True,10.5281/zenodo.17287397,datacite,titles.title:biochar AND (titles.title:yield OR titles.title:emissions),TITLE_SCREEN_ONLY_NOT_FORMAL_EVIDENCE,False
datacite,titles.title:biochar AND (titles.title:yield OR titles.title:emissions),10.13140/2.1.3149.5366,Improved Nitrate Retention and Reduced N2O Emissions with Aged Biochar.,2014,"Kammann, Claudia",Unpublished,Text,https://www.researchgate.net/doi/10.13140/2.1.3149.5366,True,10.13140/2.1.3149.5366,datacite,titles.title:biochar AND (titles.title:yield OR titles.title:emissions),TITLE_SCREEN_ONLY_NOT_FORMAL_EVIDENCE,False
datacite,titles.title:biochar AND (titles.title:yield OR titles.title:emissions),10.5281/zenodo.17219135,Growth and yield response of cassava TME 419 to biochar and inorganic fertilizer applications,2025,"OTUN, Abiodun Abass","Faculty of Agriculture, Nnamdi Azikiwe University, Awka, Nigeria",JournalArticle,https://zenodo.org/doi/10.5281/zenodo.17219135,True,10.5281/zenodo.17219135,datacite,titles.title:biochar AND (titles.title:yield OR titles.title:emissions),TITLE_SCREEN_ONLY_NOT_FORMAL_EVIDENCE,False
datacite,titles.title:biochar AND (titles.title:yield OR titles.title:emissions),10.5281/zenodo.17219136,Growth and yield response of cassava TME 419 to biochar and inorganic fertilizer applications,2025,"OTUN, Abiodun Abass","Faculty of Agriculture, Nnamdi Azikiwe University, Awka, Nigeria",JournalArticle,https://zenodo.org/doi/10.5281/zenodo.17219136,True,10.5281/zenodo.17219136,datacite,titles.title:biochar AND (titles.title:yield OR titles.title:emissions),TITLE_SCREEN_ONLY_NOT_FORMAL_EVIDENCE,False
datacite,titles.title:biochar AND (titles.title:yield OR titles.title:emissions),10.22004/ag.econ.371468,"INTERACTION EFFECT OF NPK FERTILIZER AND RICE HUSK BIOCHAR ON GROWTH AND YIELD OF PADDY RICE IN AHERO, KENYA",2025,"Mendy, Anthony AC",Unknown,JournalArticle,https://ageconsearch.umn.edu/record/371468,True,10.22004/ag.econ.371468,datacite,titles.title:biochar AND (titles.title:yield OR titles.title:emissions),TITLE_SCREEN_ONLY_NOT_FORMAL_EVIDENCE,False
datacite,titles.title:biochar AND (titles.title:yield OR titles.title:emissions),10.6084/m9.figshare.c.8053072,Comparative effectiveness of zeolite and rice husk biochar in mitigating NH₃ and N₂O emissions as linked to the nitrogen use efficiency of pig slurry during the vegetative growth of Brassica napus,2025,"Lee, Bok-Rye",figshare,Collection,https://springernature.figshare.com/collections/Comparative_effectiveness_of_zeolite_and_rice_husk_biochar_in_mitigating_NH_and_N_O_emissions_as_linked_to_the_nitrogen_use_efficiency_of_pig_slurry_during_the_vegetative_growth_of_Brassica_napus/8053072,True,10.6084/m9.figshare.c.8053072,datacite,titles.title:biochar AND (titles.title:yield OR titles.title:emissions),TITLE_SCREEN_ONLY_NOT_FORMAL_EVIDENCE,False
datacite,titles.title:biochar AND (titles.title:yield OR titles.title:emissions),10.6084/m9.figshare.c.8053072.v1,Comparative effectiveness of zeolite and rice husk biochar in mitigating NH₃ and N₂O emissions as linked to the nitrogen use efficiency of pig slurry during the vegetative growth of Brassica napus,2025,"Lee, Bok-Rye",figshare,Collection,https://springernature.figshare.com/collections/Comparative_effectiveness_of_zeolite_and_rice_husk_biochar_in_mitigating_NH_and_N_O_emissions_as_linked_to_the_nitrogen_use_efficiency_of_pig_slurry_during_the_vegetative_growth_of_Brassica_napus/8053072/1,True,10.6084/m9.figshare.c.8053072.v1,datacite,titles.title:biochar AND (titles.title:yield OR titles.title:emissions),TITLE_SCREEN_ONLY_NOT_FORMAL_EVIDENCE,False
datacite,titles.title:biochar AND (titles.title:yield OR titles.title:emissions),10.6084/m9.figshare.30205186,Additional file 1 of Comparative effectiveness of zeolite and rice husk biochar in mitigating NH₃ and N₂O emissions as linked to the nitrogen use efficiency of pig slurry during the vegetative growth of Brassica napus,2025,"Lee, Bok-Rye",figshare,Image,https://springernature.figshare.com/articles/figure/Additional_file_1_of_Comparative_effectiveness_of_zeolite_and_rice_husk_biochar_in_mitigating_NH_and_N_O_emissions_as_linked_to_the_nitrogen_use_efficiency_of_pig_slurry_during_the_vegetative_growth_of_Brassica_napus/30205186,True,10.6084/m9.figshare.30205186,datacite,titles.title:biochar AND (titles.title:yield OR titles.title:emissions),TITLE_SCREEN_ONLY_NOT_FORMAL_EVIDENCE,False
datacite,titles.title:biochar AND (titles.title:yield OR titles.title:emissions),10.6084/m9.figshare.30205186.v1,Additional file 1 of Comparative effectiveness of zeolite and rice husk biochar in mitigating NH₃ and N₂O emissions as linked to the nitrogen use efficiency of pig slurry during the vegetative growth of Brassica napus,2025,"Lee, Bok-Rye",figshare,Image,https://springernature.figshare.com/articles/figure/Additional_file_1_of_Comparative_effectiveness_of_zeolite_and_rice_husk_biochar_in_mitigating_NH_and_N_O_emissions_as_linked_to_the_nitrogen_use_efficiency_of_pig_slurry_during_the_vegetative_growth_of_Brassica_napus/30205186/1,True,10.6084/m9.figshare.30205186.v1,datacite,titles.title:biochar AND (titles.title:yield OR titles.title:emissions),TITLE_SCREEN_ONLY_NOT_FORMAL_EVIDENCE,False
datacite,titles.title:biochar AND (titles.title:yield OR titles.title:emissions),10.5281/zenodo.17066633,EFFECT OF PYROLYSIS DURATION ON BIOCHAR YIELD FROM WHEAT STRAW,2025,"Turdiyev, Botir",Zenodo,Text,https://zenodo.org/doi/10.5281/zenodo.17066633,True,10.5281/zenodo.17066633,datacite,titles.title:biochar AND (titles.title:yield OR titles.title:emissions),TITLE_SCREEN_ONLY_NOT_FORMAL_EVIDENCE,False
datacite,titles.title:biochar AND (titles.title:yield OR titles.title:emissions),10.5281/zenodo.17066634,EFFECT OF PYROLYSIS DURATION ON BIOCHAR YIELD FROM WHEAT STRAW,2025,"Turdiyev, Botir",Zenodo,Text,https://zenodo.org/doi/10.5281/zenodo.17066634,True,10.5281/zenodo.17066634,datacite,titles.title:biochar AND (titles.title:yield OR titles.title:emissions),TITLE_SCREEN_ONLY_NOT_FORMAL_EVIDENCE,False
datacite,titles.title:biochar AND (titles.title:yield OR titles.title:emissions),10.5281/zenodo.17062016,Bioremediation of TPS3R Compost with Various Levels of Earthworms Supplemented with Biochar on the Growth and Yield of Land Water Spinach (Ipomea Reptans Poir),2025,Rakka Gecol Andika Satya,INTERNATIONAL JOURNAL OF MULTIDISCIPLINARY RESEARCH AND ANALYSIS,JournalArticle,https://zenodo.org/doi/10.5281/zenodo.17062016,True,10.5281/zenodo.17062016,datacite,titles.title:biochar AND (titles.title:yield OR titles.title:emissions),TITLE_SCREEN_ONLY_NOT_FORMAL_EVIDENCE,False
datacite,titles.title:biochar AND (titles.title:yield OR titles.title:emissions),10.5281/zenodo.17062017,Bioremediation of TPS3R Compost with Various Levels of Earthworms Supplemented with Biochar on the Growth and Yield of Land Water Spinach (Ipomea Reptans Poir),2025,Rakka Gecol Andika Satya,INTERNATIONAL JOURNAL OF MULTIDISCIPLINARY RESEARCH AND ANALYSIS,JournalArticle,https://zenodo.org/doi/10.5281/zenodo.17062017,True,10.5281/zenodo.17062017,datacite,titles.title:biochar AND (titles.title:yield OR titles.title:emissions),TITLE_SCREEN_ONLY_NOT_FORMAL_EVIDENCE,False
datacite,titles.title:biochar AND (titles.title:yield OR titles.title:emissions),10.13025/18437,Impact of biochar addition to soil on greenhouse gas emissions following pig manure application,2013,"Troy, Shane M.",University of Galway,Other,https://researchrepository.universityofgalway.ie/handle/10379/3562,True,10.13025/18437,datacite,titles.title:biochar AND (titles.title:yield OR titles.title:emissions),TITLE_SCREEN_ONLY_NOT_FORMAL_EVIDENCE,False
datacite,titles.title:biochar AND (titles.title:yield OR titles.title:emissions),10.5281/zenodo.16926720,"Effect of Biochar Type on Planting Media Contaminated with Heavy Metals Pb, Cd, and Cu on Growth and Yield of Rice (Oryza sativa L.) as well as Bioaccumulation Factor and Translocation Factor",2025,"Damanik, Oktavia Deni Ella",Zenodo,JournalArticle,https://zenodo.org/doi/10.5281/zenodo.16926720,True,10.5281/zenodo.16926720,datacite,titles.title:biochar AND (titles.title:yield OR titles.title:emissions),TITLE_SCREEN_ONLY_NOT_FORMAL_EVIDENCE,False
datacite,titles.title:biochar AND (titles.title:yield OR titles.title:emissions),10.5281/zenodo.16926719,"Effect of Biochar Type on Planting Media Contaminated with Heavy Metals Pb, Cd, and Cu on Growth and Yield of Rice (Oryza sativa L.) as well as Bioaccumulation Factor and Translocation Factor",2025,"Damanik, Oktavia Deni Ella",Zenodo,JournalArticle,https://zenodo.org/doi/10.5281/zenodo.16926719,True,10.5281/zenodo.16926719,datacite,titles.title:biochar AND (titles.title:yield OR titles.title:emissions),TITLE_SCREEN_ONLY_NOT_FORMAL_EVIDENCE,False
datacite,titles.title:biochar AND (titles.title:yield OR titles.title:emissions),10.5281/zenodo.15878680,"Granulated biochar-based NPK fertilizer and its impact on nutrient leaching, plant growth and soil-borne N2O emissions",2023,"Grafmüller, Jannis",Zenodo,Text,https://zenodo.org/doi/10.5281/zenodo.15878680,True,10.5281/zenodo.15878680,datacite,titles.title:biochar AND (titles.title:yield OR titles.title:emissions),TITLE_SCREEN_ONLY_NOT_FORMAL_EVIDENCE,False
datacite,titles.title:biochar AND (titles.title:yield OR titles.title:emissions),10.5281/zenodo.15878679,"Granulated biochar-based NPK fertilizer and its impact on nutrient leaching, plant growth and soil-borne N2O emissions",2023,"Grafmüller, Jannis",Zenodo,Text,https://zenodo.org/doi/10.5281/zenodo.15878679,True,10.5281/zenodo.15878679,datacite,titles.title:biochar AND (titles.title:yield OR titles.title:emissions),TITLE_SCREEN_ONLY_NOT_FORMAL_EVIDENCE,False
datacite,titles.title:biochar AND (titles.title:yield OR titles.title:emissions),10.57647/ijrowa.2021.1933189.1274,"Influence of sawdust biochar application on the growth, morphological characters and yield of four varieties of sesame ( Sesamum indicum L.)",2022,"Eifediyi, Ehiokhilen Kevin",International Journal of Recycling of Organic Waste in Agriculture,JournalArticle,https://oiccpress.com/ijrowa/article/view/2927,True,10.57647/ijrowa.2021.1933189.1274,datacite,titles.title:biochar AND (titles.title:yield OR titles.title:emissions),TITLE_SCREEN_ONLY_NOT_FORMAL_EVIDENCE,False
datacite,titles.title:biochar AND (titles.title:yield OR titles.title:emissions),10.5281/zenodo.15850278,"Dataset of ""Effects of biochar, hydrochar and nitrogen fertilization on greenhouse gas fluxes, soil organic carbon pools, and biomass yield of a boreal legume grassland""",2025,"Bhattarai, Hem Raj",Zenodo,Dataset,https://zenodo.org/doi/10.5281/zenodo.15850278,True,10.5281/zenodo.15850278,datacite,titles.title:biochar AND (titles.title:yield OR titles.title:emissions),TITLE_SCREEN_ONLY_NOT_FORMAL_EVIDENCE,False
datacite,titles.title:biochar AND (titles.title:yield OR titles.title:emissions),10.5281/zenodo.15850279,"Dataset of ""Effects of biochar, hydrochar and nitrogen fertilization on greenhouse gas fluxes, soil organic carbon pools, and biomass yield of a boreal legume grassland""",2025,"Bhattarai, Hem Raj",Zenodo,Dataset,https://zenodo.org/doi/10.5281/zenodo.15850279,True,10.5281/zenodo.15850279,datacite,titles.title:biochar AND (titles.title:yield OR titles.title:emissions),TITLE_SCREEN_ONLY_NOT_FORMAL_EVIDENCE,False
datacite,titles.title:biochar AND (titles.title:yield OR titles.title:emissions),10.5281/zenodo.15734771,"Effect of Biochar, NPK, and Poultry Manure on Yield Productivity of Maize under Rainfed Conditions",2025,"Appiah, Emmanuel",Zenodo,JournalArticle,https://zenodo.org/doi/10.5281/zenodo.15734771,True,10.5281/zenodo.15734771,datacite,titles.title:biochar AND (titles.title:yield OR titles.title:emissions),TITLE_SCREEN_ONLY_NOT_FORMAL_EVIDENCE,False
datacite,titles.title:biochar AND (titles.title:yield OR titles.title:emissions),10.5281/zenodo.15734772,"Effect of Biochar, NPK, and Poultry Manure on Yield Productivity of Maize under Rainfed Conditions",2025,"Appiah, Emmanuel",Zenodo,JournalArticle,https://zenodo.org/doi/10.5281/zenodo.15734772,True,10.5281/zenodo.15734772,datacite,titles.title:biochar AND (titles.title:yield OR titles.title:emissions),TITLE_SCREEN_ONLY_NOT_FORMAL_EVIDENCE,False
datacite,titles.title:biochar AND (titles.title:yield OR titles.title:emissions),10.5281/zenodo.15706906,"Biochar for Enhancing Yield, Nutrient Uptake, and Soil Fertility in Okra",2025,"Vikram, Krishna",Journal of Sustainable Technology in Agriculture,JournalArticle,https://zenodo.org/doi/10.5281/zenodo.15706906,True,10.5281/zenodo.15706906,datacite,titles.title:biochar AND (titles.title:yield OR titles.title:emissions),TITLE_SCREEN_ONLY_NOT_FORMAL_EVIDENCE,False
datacite,titles.title:biochar AND (titles.title:yield OR titles.title:emissions),10.5281/zenodo.15706907,"Biochar for Enhancing Yield, Nutrient Uptake, and Soil Fertility in Okra",2025,"Vikram, Krishna",Journal of Sustainable Technology in Agriculture,JournalArticle,https://zenodo.org/doi/10.5281/zenodo.15706907,True,10.5281/zenodo.15706907,datacite,titles.title:biochar AND (titles.title:yield OR titles.title:emissions),TITLE_SCREEN_ONLY_NOT_FORMAL_EVIDENCE,False
datacite,titles.title:biochar AND (titles.title:yield OR titles.title:emissions),10.17632/ffhvr8prdn.1,Synergistic mitigation of greenhouse gas emissions in maize field by green manure’s substitution of nitrogen and sesbania biochar: regulation of soil C and N cycling substrates and microbes,2025,"Liu, Rui",Mendeley Data,Dataset,https://data.mendeley.com/datasets/ffhvr8prdn/1,True,10.17632/ffhvr8prdn.1,datacite,titles.title:biochar AND (titles.title:yield OR titles.title:emissions),TITLE_SCREEN_ONLY_NOT_FORMAL_EVIDENCE,False
datacite,titles.title:biochar AND (titles.title:yield OR titles.title:emissions),10.17632/ffhvr8prdn,Synergistic mitigation of greenhouse gas emissions in maize field by green manure’s substitution of nitrogen and sesbania biochar: regulation of soil C and N cycling substrates and microbes,2025,"Liu, Rui",Mendeley Data,Dataset,https://data.mendeley.com/datasets/ffhvr8prdn,True,10.17632/ffhvr8prdn,datacite,titles.title:biochar AND (titles.title:yield OR titles.title:emissions),TITLE_SCREEN_ONLY_NOT_FORMAL_EVIDENCE,False
datacite,titles.title:biochar AND (titles.title:yield OR titles.title:emissions),10.5281/zenodo.15598794,Mitigating Greenhouse Gas Emissions from Cattle Manure: The Role of Biochar,2024,"Tsiampartas, Antonios",Zenodo,ConferencePaper,https://zenodo.org/doi/10.5281/zenodo.15598794,True,10.5281/zenodo.15598794,datacite,titles.title:biochar AND (titles.title:yield OR titles.title:emissions),TITLE_SCREEN_ONLY_NOT_FORMAL_EVIDENCE,False
datacite,titles.title:biochar AND (titles.title:yield OR titles.title:emissions),10.5281/zenodo.15598793,Mitigating Greenhouse Gas Emissions from Cattle Manure: The Role of Biochar,2024,"Tsiampartas, Antonios",Zenodo,ConferencePaper,https://zenodo.org/doi/10.5281/zenodo.15598793,True,10.5281/zenodo.15598793,datacite,titles.title:biochar AND (titles.title:yield OR titles.title:emissions),TITLE_SCREEN_ONLY_NOT_FORMAL_EVIDENCE,False
datacite,titles.title:biochar AND (titles.title:yield OR titles.title:emissions),10.5281/zenodo.15599750,Biochar based Seed Biopriming for Enhancing Yield Quality Attributes of Spinach,2025,Valentina Wahengbam,Zenodo,JournalArticle,https://zenodo.org/doi/10.5281/zenodo.15599750,True,10.5281/zenodo.15599750,datacite,titles.title:biochar AND (titles.title:yield OR titles.title:emissions),TITLE_SCREEN_ONLY_NOT_FORMAL_EVIDENCE,False
datacite,titles.title:biochar AND (titles.title:yield OR titles.title:emissions),10.5281/zenodo.15599749,Biochar based Seed Biopriming for Enhancing Yield Quality Attributes of Spinach,2025,Valentina Wahengbam,Zenodo,JournalArticle,https://zenodo.org/doi/10.5281/zenodo.15599749,True,10.5281/zenodo.15599749,datacite,titles.title:biochar AND (titles.title:yield OR titles.title:emissions),TITLE_SCREEN_ONLY_NOT_FORMAL_EVIDENCE,False
datacite,titles.title:biochar AND (titles.title:yield OR titles.title:emissions),10.5281/zenodo.15295812,The Effect of Biochar and Nitrogen Doses on Yield and Mineral Concentrations in Peanut,2025,"KÜÇÜKYUMUK, Zeliha",Zenodo,JournalArticle,https://zenodo.org/doi/10.5281/zenodo.15295812,True,10.5281/zenodo.15295812,datacite,titles.title:biochar AND (titles.title:yield OR titles.title:emissions),TITLE_SCREEN_ONLY_NOT_FORMAL_EVIDENCE,False
datacite,titles.title:biochar AND (titles.title:yield OR titles.title:emissions),10.5281/zenodo.15295811,The Effect of Biochar and Nitrogen Doses on Yield and Mineral Concentrations in Peanut,2025,"KÜÇÜKYUMUK, Zeliha",Zenodo,JournalArticle,https://zenodo.org/doi/10.5281/zenodo.15295811,True,10.5281/zenodo.15295811,datacite,titles.title:biochar AND (titles.title:yield OR titles.title:emissions),TITLE_SCREEN_ONLY_NOT_FORMAL_EVIDENCE,False
datacite,titles.title:biochar AND (titles.title:yield OR titles.title:emissions),10.5281/zenodo.15549413,Data from: Co-application of basalt and biochar enhances carbon dioxide removal and mitigates greenhouse gas emissions in rice paddies,2025,"Gong, Xueliu",Zenodo,Dataset,https://zenodo.org/doi/10.5281/zenodo.15549413,True,10.5281/zenodo.15549413,datacite,titles.title:biochar AND (titles.title:yield OR titles.title:emissions),TITLE_SCREEN_ONLY_NOT_FORMAL_EVIDENCE,False
datacite,titles.title:biochar AND (titles.title:yield OR titles.title:emissions),10.5281/zenodo.15549412,Data from: Co-application of basalt and biochar enhances carbon dioxide removal and mitigates greenhouse gas emissions in rice paddies,2025,"Gong, Xueliu",Zenodo,Dataset,https://zenodo.org/doi/10.5281/zenodo.15549412,True,10.5281/zenodo.15549412,datacite,titles.title:biochar AND (titles.title:yield OR titles.title:emissions),TITLE_SCREEN_ONLY_NOT_FORMAL_EVIDENCE,False
datacite,titles.title:biochar AND (titles.title:yield OR titles.title:emissions),10.17632/sz223dcb95,Basic information on biomass and biochar yield,2023,"jiang, zihao",Mendeley Data,Dataset,https://data.mendeley.com/datasets/sz223dcb95,True,10.17632/sz223dcb95,datacite,titles.title:biochar AND (titles.title:yield OR titles.title:emissions),TITLE_SCREEN_ONLY_NOT_FORMAL_EVIDENCE,False
datacite,titles.title:biochar AND (titles.title:yield OR titles.title:emissions),10.6084/m9.figshare.28955522.v1,Data for opposing effects of maize straw and its biochar on soil N2O emissions by mediating microbial nitrification and denitrification in a subtropical Moso bamboo forest,2025,"XIAO, MOULIANG",figshare,Dataset,https://figshare.com/articles/dataset/_b_Data_for_opposing_effects_b_b_of_maize_straw_and_its_biochar_on_soil_N_b_sub_strong_2_strong_sub_b_O_emissions_b_b_b_b_by_mediating_microbial_nitrification_and_denitrification_in_a_subtropical_Moso_bamboo_forest_b_/28955522/1,True,10.6084/m9.figshare.28955522.v1,datacite,titles.title:biochar AND (titles.title:yield OR titles.title:emissions),TITLE_SCREEN_ONLY_NOT_FORMAL_EVIDENCE,False
datacite,titles.title:biochar AND (titles.title:yield OR titles.title:emissions),10.6084/m9.figshare.12368930.v1,Biochar increases soil organic carbon and reduces global warming potential while improving crop yield by a global meta-analysis,2020,Andong Cai,figshare,Dataset,https://figshare.com/articles/Biochar_increases_soil_organic_carbon_and_reduces_global_warming_potential_while_improving_crop_yield_by_a_global_meta-analysis/12368930/1,True,10.6084/m9.figshare.12368930.v1,datacite,titles.title:biochar AND (titles.title:yield OR titles.title:emissions),TITLE_SCREEN_ONLY_NOT_FORMAL_EVIDENCE,False
datacite,titles.title:biochar AND (titles.title:yield OR titles.title:emissions),10.5281/zenodo.15466325,"Growth, yield and fibre quality of kenaf (Hibiscus cannabinus L.) varieties as influenced by biochar",2025,"MUHAMMAD, Fawaz",Moroccan Journal of Agricultural Sciences,JournalArticle,https://zenodo.org/doi/10.5281/zenodo.15466325,True,10.5281/zenodo.15466325,datacite,titles.title:biochar AND (titles.title:yield OR titles.title:emissions),TITLE_SCREEN_ONLY_NOT_FORMAL_EVIDENCE,False
datacite,titles.title:biochar AND (titles.title:yield OR titles.title:emissions),10.5281/zenodo.15466326,"Growth, yield and fibre quality of kenaf (Hibiscus cannabinus L.) varieties as influenced by biochar",2025,"MUHAMMAD, Fawaz",Moroccan Journal of Agricultural Sciences,JournalArticle,https://zenodo.org/doi/10.5281/zenodo.15466326,True,10.5281/zenodo.15466326,datacite,titles.title:biochar AND (titles.title:yield OR titles.title:emissions),TITLE_SCREEN_ONLY_NOT_FORMAL_EVIDENCE,False
datacite,titles.title:biochar AND (titles.title:yield OR titles.title:emissions),10.14456/apst.2025.22,Effects of corn cob biochar on physiological responses and yield of chili peppers,2025,Sukhumaporn Saeng-Ngam,"Khon Kaen University, Thailand",Text,http://doi.nrct.go.th/?page=resolve_doi&resolve_doi=10.14456/apst.2025.22,True,10.14456/apst.2025.22,datacite,titles.title:biochar AND (titles.title:yield OR titles.title:emissions),TITLE_SCREEN_ONLY_NOT_FORMAL_EVIDENCE,False
datacite,titles.title:biochar AND (titles.title:yield OR titles.title:emissions),10.7939/r3-kgds-wq27,Effects of Woodchip Biochar on Soil Greenhouse Gas Emissions,2023,"Guinto, Madison",University of Alberta Library,Other,https://ualberta.scholaris.ca/handle/123456789/33863,True,10.7939/r3-kgds-wq27,datacite,titles.title:biochar AND (titles.title:yield OR titles.title:emissions),TITLE_SCREEN_ONLY_NOT_FORMAL_EVIDENCE,False
datacite,titles.title:biochar AND (titles.title:yield OR titles.title:emissions),10.6084/m9.figshare.28955522,Data for opposing effects of maize straw and its biochar on soil N2O emissions by mediating microbial nitrification and denitrification in a subtropical Moso bamboo forest,2025,"XIAO, MOULIANG",figshare,Dataset,https://figshare.com/articles/dataset/_b_Data_for_opposing_effects_b_b_of_maize_straw_and_its_biochar_on_soil_N_b_sub_strong_2_strong_sub_b_O_emissions_b_b_b_b_by_mediating_microbial_nitrification_and_denitrification_in_a_subtropical_Moso_bamboo_forest_b_/28955522,True,10.6084/m9.figshare.28955522,datacite,titles.title:biochar AND (titles.title:yield OR titles.title:emissions),TITLE_SCREEN_ONLY_NOT_FORMAL_EVIDENCE,False
datacite,titles.title:biochar AND (titles.title:yield OR titles.title:emissions),10.5281/zenodo.11356034,"Synergistic effect of salicylic acid and biochar on biochemical properties, yield and nutrient uptake of triticale under water stress",2024,"Khajepour Tadvani, Hesameddin",Zenodo,Dataset,https://zenodo.org/doi/10.5281/zenodo.11356034,True,10.5281/zenodo.11356034,datacite,titles.title:biochar AND (titles.title:yield OR titles.title:emissions),TITLE_SCREEN_ONLY_NOT_FORMAL_EVIDENCE,False
datacite,titles.title:biochar AND (titles.title:yield OR titles.title:emissions),10.6084/m9.figshare.12771359.v1,Biochar PM Emissions,2020,Sujith Ravi,figshare,Dataset,https://figshare.com/articles/dataset/Biochar_PM_Emissions/12771359/1,True,10.6084/m9.figshare.12771359.v1,datacite,titles.title:biochar AND (titles.title:yield OR titles.title:emissions),TITLE_SCREEN_ONLY_NOT_FORMAL_EVIDENCE,False
datacite,titles.title:biochar AND (titles.title:yield OR titles.title:emissions),10.6084/m9.figshare.22303429.v1,"Effects of polyethylene microplastics and fresh/aged biochar on soil CO2 and N2O emissions regulated by soil aggregation, dissolved organic matter structure and the formation of necromass-derived soil organic carbon",2023,"Chen, Yalan",figshare,Dataset,https://figshare.com/articles/dataset/Effects_of_polyethylene_microplastics_and_fresh_aged_biochar_on_soil_CO2_and_N2O_emissions_regulated_by_soil_aggregation_dissolved_organic_matter_structure_and_the_formation_of_necromass-derived_soil_organic_carbon/22303429/1,True,10.6084/m9.figshare.22303429.v1,datacite,titles.title:biochar AND (titles.title:yield OR titles.title:emissions),TITLE_SCREEN_ONLY_NOT_FORMAL_EVIDENCE,False
datacite,titles.title:biochar AND (titles.title:yield OR titles.title:emissions),10.5281/zenodo.15234482,"The Effect of Biochar-Silica and N, P, K Fertilization on Soil pH, Silica Content, Phosphorus Uptake, and Rice Yield in Inceptisols",2025,Emma Trinurani Sofyan,International Journal of Life Science and Agriculture Research,JournalArticle,https://zenodo.org/doi/10.5281/zenodo.15234482,True,10.5281/zenodo.15234482,datacite,titles.title:biochar AND (titles.title:yield OR titles.title:emissions),TITLE_SCREEN_ONLY_NOT_FORMAL_EVIDENCE,False
datacite,titles.title:biochar AND (titles.title:yield OR titles.title:emissions),10.5281/zenodo.15234481,"The Effect of Biochar-Silica and N, P, K Fertilization on Soil pH, Silica Content, Phosphorus Uptake, and Rice Yield in Inceptisols",2025,Emma Trinurani Sofyan,International Journal of Life Science and Agriculture Research,JournalArticle,https://zenodo.org/doi/10.5281/zenodo.15234481,True,10.5281/zenodo.15234481,datacite,titles.title:biochar AND (titles.title:yield OR titles.title:emissions),TITLE_SCREEN_ONLY_NOT_FORMAL_EVIDENCE,False
datacite,titles.title:biochar AND (titles.title:yield OR titles.title:emissions),10.6084/m9.figshare.26684259.v1,Additional file 15 of Biochar improves the nutrient cycle in sandy-textured soils and increases crop yield: a systematic review,2024,"Bekchanova, Madina",figshare,Dataset,https://springernature.figshare.com/articles/dataset/Additional_file_15_of_Biochar_improves_the_nutrient_cycle_in_sandy-textured_soils_and_increases_crop_yield_a_systematic_review/26684259/1,True,10.6084/m9.figshare.26684259.v1,datacite,titles.title:biochar AND (titles.title:yield OR titles.title:emissions),TITLE_SCREEN_ONLY_NOT_FORMAL_EVIDENCE,False
datacite,titles.title:biochar AND (titles.title:yield OR titles.title:emissions),10.6084/m9.figshare.26684232.v1,Additional file 6 of Biochar improves the nutrient cycle in sandy-textured soils and increases crop yield: a systematic review,2024,"Bekchanova, Madina",figshare,Dataset,https://springernature.figshare.com/articles/dataset/Additional_file_6_of_Biochar_improves_the_nutrient_cycle_in_sandy-textured_soils_and_increases_crop_yield_a_systematic_review/26684232/1,True,10.6084/m9.figshare.26684232.v1,datacite,titles.title:biochar AND (titles.title:yield OR titles.title:emissions),TITLE_SCREEN_ONLY_NOT_FORMAL_EVIDENCE,False
datacite,titles.title:biochar AND (titles.title:yield OR titles.title:emissions),10.6084/m9.figshare.26684217.v1,Additional file 1 of Biochar improves the nutrient cycle in sandy-textured soils and increases crop yield: a systematic review,2024,"Bekchanova, Madina",figshare,Dataset,https://springernature.figshare.com/articles/dataset/Additional_file_1_of_Biochar_improves_the_nutrient_cycle_in_sandy-textured_soils_and_increases_crop_yield_a_systematic_review/26684217/1,True,10.6084/m9.figshare.26684217.v1,datacite,titles.title:biochar AND (titles.title:yield OR titles.title:emissions),TITLE_SCREEN_ONLY_NOT_FORMAL_EVIDENCE,False
datacite,titles.title:biochar AND (titles.title:yield OR titles.title:emissions),10.6084/m9.figshare.26684241.v1,Additional file 9 of Biochar improves the nutrient cycle in sandy-textured soils and increases crop yield: a systematic review,2024,"Bekchanova, Madina",figshare,Dataset,https://springernature.figshare.com/articles/dataset/Additional_file_9_of_Biochar_improves_the_nutrient_cycle_in_sandy-textured_soils_and_increases_crop_yield_a_systematic_review/26684241/1,True,10.6084/m9.figshare.26684241.v1,datacite,titles.title:biochar AND (titles.title:yield OR titles.title:emissions),TITLE_SCREEN_ONLY_NOT_FORMAL_EVIDENCE,False
datacite,titles.title:biochar AND (titles.title:yield OR titles.title:emissions),10.6084/m9.figshare.26264825.v1,Additional datasets for the effects of nitrogen deposition and biochar application on soil nitrous oxide emissions in a subtropical forest,2024,"Zhou, Jiashu",figshare,Dataset,https://figshare.com/articles/dataset/Additional_datasets_for_the_effects_of_nitrogen_deposition_and_biochar_application_on_soil_nitrous_oxide_emissions_in_a_subtropical_forest/26264825/1,True,10.6084/m9.figshare.26264825.v1,datacite,titles.title:biochar AND (titles.title:yield OR titles.title:emissions),TITLE_SCREEN_ONLY_NOT_FORMAL_EVIDENCE,False
datacite,titles.title:biochar AND (titles.title:yield OR titles.title:emissions),10.6084/m9.figshare.26684256.v1,Additional file 14 of Biochar improves the nutrient cycle in sandy-textured soils and increases crop yield: a systematic review,2024,"Bekchanova, Madina",figshare,Dataset,https://springernature.figshare.com/articles/dataset/Additional_file_14_of_Biochar_improves_the_nutrient_cycle_in_sandy-textured_soils_and_increases_crop_yield_a_systematic_review/26684256/1,True,10.6084/m9.figshare.26684256.v1,datacite,titles.title:biochar AND (titles.title:yield OR titles.title:emissions),TITLE_SCREEN_ONLY_NOT_FORMAL_EVIDENCE,False
datacite,titles.title:biochar AND (titles.title:yield OR titles.title:emissions),10.71667/sarj.2025.1193017,The effect of selenium and biochar on some quantitative and qualitative yield traits of savory (Satureja hortensis L.) under cadmium stress conditions,2025,"Tabatabaie, Sajedeh-Saddat",Islamic Azad University Press,JournalArticle,https://sanad.iau.ir/Journal/sarj/Article/1193017,True,10.71667/sarj.2025.1193017,datacite,titles.title:biochar AND (titles.title:yield OR titles.title:emissions),TITLE_SCREEN_ONLY_NOT_FORMAL_EVIDENCE,False
datacite,titles.title:biochar AND (titles.title:yield OR titles.title:emissions),10.24412/1029-2551-2025-1-003,"АГРОЭКОЛОГИЧЕСКАЯ ОЦЕНКА ВЛИЯНИЯ БИОУГЛЯ В СОЧЕТАНИИ С МИНЕРАЛЬНЫМИ УДОБРЕНИЯМИ НА РОСТ, РАЗВИТИЕ И УРОЖАЙНОСТЬ СОИ AGROECOLOGICAL ASSESSMENT OF BIOCHAR EFFECT COMBINED WITH MINERAL FERTILIZERS ON GROWTH, DEVELOPMENT AND YIELD OF SOYBEAN",2025,Н Т. Кхой,Агрохимический вестник,Text,https://cyberleninka.ru/article/n/agroekologicheskaya-otsenka-vliyaniya-biouglya-v-sochetanii-s-mineralnymi-udobreniyami-na-rost-razvitie-i-urozhaynost-soi,True,10.24412/1029-2551-2025-1-003,datacite,titles.title:biochar AND (titles.title:yield OR titles.title:emissions),TITLE_SCREEN_ONLY_NOT_FORMAL_EVIDENCE,False
datacite,titles.title:biochar AND (titles.title:yield OR titles.title:emissions),10.3929/ethz-b-000620443,Emissions of nitrous oxide and methane after field application of liquid organic fertilizers and biochar,2023,"Efosa, Norah",ETH Zurich,Text,http://hdl.handle.net/20.500.11850/620443,True,10.3929/ethz-b-000620443,datacite,titles.title:biochar AND (titles.title:yield OR titles.title:emissions),TITLE_SCREEN_ONLY_NOT_FORMAL_EVIDENCE,False
datacite,titles.title:biochar AND (titles.title:yield OR titles.title:emissions),10.3929/ethz-b-000584368,Biochar-Compost Additions Have Strong Short-Term Effects on Carbon and Nitrogen Emissions from an Agricultural Soil,2022,"Maier, Regine",ETH Zurich,Text,http://hdl.handle.net/20.500.11850/584368,True,10.3929/ethz-b-000584368,datacite,titles.title:biochar AND (titles.title:yield OR titles.title:emissions),TITLE_SCREEN_ONLY_NOT_FORMAL_EVIDENCE,False
datacite,titles.title:biochar AND (titles.title:yield OR titles.title:emissions),10.3929/ethz-b-000114612,Carbon Abatement and Emissions Associated with the Gasification of Walnut Shells for Bioenergy and Biochar Production,2016,"Pereira, Engil I.P.",ETH Zurich,Text,http://hdl.handle.net/20.500.11850/114612,True,10.3929/ethz-b-000114612,datacite,titles.title:biochar AND (titles.title:yield OR titles.title:emissions),TITLE_SCREEN_ONLY_NOT_FORMAL_EVIDENCE,False
datacite,titles.title:biochar AND (titles.title:yield OR titles.title:emissions),10.3929/ethz-b-000120003,"N use efficiencies and N2O emissions in two contrasting, biochar amended soils under winter wheat-cover crop-sorghum rotation",2016,"Hüppi, Roman",ETH Zurich,Text,http://hdl.handle.net/20.500.11850/120003,True,10.3929/ethz-b-000120003,datacite,titles.title:biochar AND (titles.title:yield OR titles.title:emissions),TITLE_SCREEN_ONLY_NOT_FORMAL_EVIDENCE,False
datacite,titles.title:biochar AND (titles.title:yield OR titles.title:emissions),10.3929/ethz-b-000099882,Biochar alters nitrogen transformations but has minimal effects on nitrous oxide emissions in an organically managed lettuce mesocosm,2015,"Pujol Pereira, Engil Isadora",ETH Zurich,Text,http://hdl.handle.net/20.500.11850/99882,True,10.3929/ethz-b-000099882,datacite,titles.title:biochar AND (titles.title:yield OR titles.title:emissions),TITLE_SCREEN_ONLY_NOT_FORMAL_EVIDENCE,False
datacite,titles.title:biochar AND (titles.title:yield OR titles.title:emissions),10.3929/ethz-b-000108589,Effect of biochar and liming on soil nitrous oxide emissions from a temperate maize cropping system,2015,"Hüppi, Roman",ETH Zurich,Text,http://hdl.handle.net/20.500.11850/108589,True,10.3929/ethz-b-000108589,datacite,titles.title:biochar AND (titles.title:yield OR titles.title:emissions),TITLE_SCREEN_ONLY_NOT_FORMAL_EVIDENCE,False
datacite,titles.title:biochar AND (titles.title:yield OR titles.title:emissions),10.17632/my2rkbsj9d,Biochar Supplementation of Recycled Manure Solids: Impact on their characteristics and GHG Emissions during storage,2025,"Pires, Ana",Mendeley Data,Dataset,https://data.mendeley.com/datasets/my2rkbsj9d,True,10.17632/my2rkbsj9d,datacite,titles.title:biochar AND (titles.title:yield OR titles.title:emissions),TITLE_SCREEN_ONLY_NOT_FORMAL_EVIDENCE,False
datacite,titles.title:biochar AND (titles.title:yield OR titles.title:emissions),10.17632/my2rkbsj9d.1,Biochar Supplementation of Recycled Manure Solids: Impact on their characteristics and GHG Emissions during storage,2025,"Pires, Ana",Mendeley Data,Dataset,https://data.mendeley.com/datasets/my2rkbsj9d/1,True,10.17632/my2rkbsj9d.1,datacite,titles.title:biochar AND (titles.title:yield OR titles.title:emissions),TITLE_SCREEN_ONLY_NOT_FORMAL_EVIDENCE,False
datacite,titles.title:biochar AND (titles.title:yield OR titles.title:emissions),10.17632/s667dnkpxp.1,Impacts of biochar and controlled release urea co-application on soil greenhouse gas emissions role of microbial structure and functional genes-Results Data,2025,"Xiang, Xiyu",Mendeley Data,Dataset,https://data.mendeley.com/datasets/s667dnkpxp/1,True,10.17632/s667dnkpxp.1,datacite,titles.title:biochar AND (titles.title:yield OR titles.title:emissions),TITLE_SCREEN_ONLY_NOT_FORMAL_EVIDENCE,False
datacite,titles.title:biochar AND (titles.title:yield OR titles.title:emissions),10.17632/s667dnkpxp,Impacts of biochar and controlled release urea co-application on soil greenhouse gas emissions role of microbial structure and functional genes-Results Data,2025,"Xiang, Xiyu",Mendeley Data,Dataset,https://data.mendeley.com/datasets/s667dnkpxp,True,10.17632/s667dnkpxp,datacite,titles.title:biochar AND (titles.title:yield OR titles.title:emissions),TITLE_SCREEN_ONLY_NOT_FORMAL_EVIDENCE,False
datacite,titles.title:biochar AND (titles.title:yield OR titles.title:emissions),10.18154/rwth-2024-07638,"Biochar effects on soil nitrogen retention, leaching and yield of perennial citron daylily under three irrigation regimes",2024,"Sun, Xiaolei",RWTH Aachen University,Text,https://publications.rwth-aachen.de/record/991028,True,10.18154/rwth-2024-07638,datacite,titles.title:biochar AND (titles.title:yield OR titles.title:emissions),TITLE_SCREEN_ONLY_NOT_FORMAL_EVIDENCE,False
datacite,titles.title:biochar AND (titles.title:yield OR titles.title:emissions),10.48336/d2sv-5q59,"Dairy manure and biochar application enhance soil health, forage yield and nutritional quality of silage corn cultivated in podzolic soils in boreal climate",2025,"Abid, Hafiz Usama",Memorial University of Newfoundland,Text,https://research.library.mun.ca/16577/,True,10.48336/d2sv-5q59,datacite,titles.title:biochar AND (titles.title:yield OR titles.title:emissions),TITLE_SCREEN_ONLY_NOT_FORMAL_EVIDENCE,False
datacite,titles.title:biochar AND (titles.title:yield OR titles.title:emissions),10.5281/zenodo.14673064,Effect of Biochar and Moisture Regimes on the Physiology and Yield of Maize,2025,Summera Jahan,Zenodo,JournalArticle,https://zenodo.org/doi/10.5281/zenodo.14673064,True,10.5281/zenodo.14673064,datacite,titles.title:biochar AND (titles.title:yield OR titles.title:emissions),TITLE_SCREEN_ONLY_NOT_FORMAL_EVIDENCE,False
datacite,titles.title:biochar AND (titles.title:yield OR titles.title:emissions),10.5281/zenodo.14673063,Effect of Biochar and Moisture Regimes on the Physiology and Yield of Maize,2025,Summera Jahan,Zenodo,JournalArticle,https://zenodo.org/doi/10.5281/zenodo.14673063,True,10.5281/zenodo.14673063,datacite,titles.title:biochar AND (titles.title:yield OR titles.title:emissions),TITLE_SCREEN_ONLY_NOT_FORMAL_EVIDENCE,False
datacite,titles.title:biochar AND (titles.title:yield OR titles.title:emissions),10.5281/zenodo.14649373,"Combination of biochar-based fertilisers and reactive barriers improved soil carbon storage, soil moisture retention, and crop yield in short term",2025,"Omidvar, Negar",Zenodo,Dataset,https://zenodo.org/doi/10.5281/zenodo.14649373,True,10.5281/zenodo.14649373,datacite,titles.title:biochar AND (titles.title:yield OR titles.title:emissions),TITLE_SCREEN_ONLY_NOT_FORMAL_EVIDENCE,False
datacite,titles.title:biochar AND (titles.title:yield OR titles.title:emissions),10.5281/zenodo.14649372,"Combination of biochar-based fertilisers and reactive barriers improved soil carbon storage, soil moisture retention, and crop yield in short term",2025,"Omidvar, Negar",Zenodo,Dataset,https://zenodo.org/doi/10.5281/zenodo.14649372,True,10.5281/zenodo.14649372,datacite,titles.title:biochar AND (titles.title:yield OR titles.title:emissions),TITLE_SCREEN_ONLY_NOT_FORMAL_EVIDENCE,False
datacite,titles.title:biochar AND (titles.title:yield OR titles.title:emissions),10.5073/jfk.2019.01.01,"Impacts of PGPR, compost and biochar of Azolla on dry matter yield, nutrient uptake, physiological parameters and essential oil of Rosmarinus officinalis L. Einfluss von PGPR, Compost und Biochar von Azolla-Algen auf Ertrag, Nährstoffaufnahme, physiologische Parameter und Gehalt an essentiellen Ölen von Rosmarin (Rosmarinus officinalis L.)",2019,"Kasmaei, Leila Sadegh",Journal of Cultivated Plants,Text,https://ojs.openagrar.de/index.php/Kulturpflanzenjournal/article/view/13351,True,10.5073/jfk.2019.01.01,datacite,titles.title:biochar AND (titles.title:yield OR titles.title:emissions),TITLE_SCREEN_ONLY_NOT_FORMAL_EVIDENCE,False
datacite,titles.title:biochar AND (titles.title:yield OR titles.title:emissions),10.18154/rwth-2025-00051,A global geospatial analysis to evaluate the impact of biochar on maize yield,2025,"Kern, Johannes",RWTH Aachen University,Text,https://publications.rwth-aachen.de/record/999961,True,10.18154/rwth-2025-00051,datacite,titles.title:biochar AND (titles.title:yield OR titles.title:emissions),TITLE_SCREEN_ONLY_NOT_FORMAL_EVIDENCE,False
datacite,titles.title:biochar AND (titles.title:yield OR titles.title:emissions),10.6084/m9.figshare.c.3661802,Effect of biochar derived from faecal matter on yield and nutrient content of lettuce (Lactuca sativa) in two contrasting soils,2017,Desta Woldetsadik,Figshare,Collection,https://figshare.com/collections/Effect_of_biochar_derived_from_faecal_matter_on_yield_and_nutrient_content_of_lettuce_Lactuca_sativa_in_two_contrasting_soils/3661802,True,10.6084/m9.figshare.c.3661802,datacite,titles.title:biochar AND (titles.title:yield OR titles.title:emissions),TITLE_SCREEN_ONLY_NOT_FORMAL_EVIDENCE,False
datacite,titles.title:biochar AND (titles.title:yield OR titles.title:emissions),10.6084/m9.figshare.c.3661802.v1,Effect of biochar derived from faecal matter on yield and nutrient content of lettuce (Lactuca sativa) in two contrasting soils,2017,Desta Woldetsadik,Figshare,Collection,https://figshare.com/collections/Effect_of_biochar_derived_from_faecal_matter_on_yield_and_nutrient_content_of_lettuce_Lactuca_sativa_in_two_contrasting_soils/3661802/1,True,10.6084/m9.figshare.c.3661802.v1,datacite,titles.title:biochar AND (titles.title:yield OR titles.title:emissions),TITLE_SCREEN_ONLY_NOT_FORMAL_EVIDENCE,False
datacite,titles.title:biochar AND (titles.title:yield OR titles.title:emissions),10.6084/m9.figshare.c.3661802_d1,MOESM2 of Effect of biochar derived from faecal matter on yield and nutrient content of lettuce (Lactuca sativa) in two contrasting soils,2017,Desta Woldetsadik,Figshare,Text,https://springernature.figshare.com/articles/journal_contribution/MOESM2_of_Effect_of_biochar_derived_from_faecal_matter_on_yield_and_nutrient_content_of_lettuce_Lactuca_sativa_in_two_contrasting_soils/4534820,True,10.6084/m9.figshare.c.3661802_d1,datacite,titles.title:biochar AND (titles.title:yield OR titles.title:emissions),TITLE_SCREEN_ONLY_NOT_FORMAL_EVIDENCE,False
datacite,titles.title:biochar AND (titles.title:yield OR titles.title:emissions),10.6084/m9.figshare.c.3661802_d1.v1,MOESM2 of Effect of biochar derived from faecal matter on yield and nutrient content of lettuce (Lactuca sativa) in two contrasting soils,2017,Desta Woldetsadik,Figshare,Text,https://springernature.figshare.com/articles/journal_contribution/MOESM2_of_Effect_of_biochar_derived_from_faecal_matter_on_yield_and_nutrient_content_of_lettuce_Lactuca_sativa_in_two_contrasting_soils/4534820/1,True,10.6084/m9.figshare.c.3661802_d1.v1,datacite,titles.title:biochar AND (titles.title:yield OR titles.title:emissions),TITLE_SCREEN_ONLY_NOT_FORMAL_EVIDENCE,False
datacite,titles.title:biochar AND (titles.title:yield OR titles.title:emissions),10.6084/m9.figshare.c.3661802_d2,MOESM1 of Effect of biochar derived from faecal matter on yield and nutrient content of lettuce (Lactuca sativa) in two contrasting soils,2017,Desta Woldetsadik,Figshare,Text,https://springernature.figshare.com/articles/journal_contribution/MOESM1_of_Effect_of_biochar_derived_from_faecal_matter_on_yield_and_nutrient_content_of_lettuce_Lactuca_sativa_in_two_contrasting_soils/4534847,True,10.6084/m9.figshare.c.3661802_d2,datacite,titles.title:biochar AND (titles.title:yield OR titles.title:emissions),TITLE_SCREEN_ONLY_NOT_FORMAL_EVIDENCE,False
datacite,titles.title:biochar AND (titles.title:yield OR titles.title:emissions),10.6084/m9.figshare.c.3661802_d2.v1,MOESM1 of Effect of biochar derived from faecal matter on yield and nutrient content of lettuce (Lactuca sativa) in two contrasting soils,2017,Desta Woldetsadik,Figshare,Text,https://springernature.figshare.com/articles/journal_contribution/MOESM1_of_Effect_of_biochar_derived_from_faecal_matter_on_yield_and_nutrient_content_of_lettuce_Lactuca_sativa_in_two_contrasting_soils/4534847/1,True,10.6084/m9.figshare.c.3661802_d2.v1,datacite,titles.title:biochar AND (titles.title:yield OR titles.title:emissions),TITLE_SCREEN_ONLY_NOT_FORMAL_EVIDENCE,False
datacite,titles.title:biochar AND (titles.title:yield OR titles.title:emissions),10.34734/fzj-2024-06767,"Corrigendum to biochar effects on soil nitrogen retention, leaching and yield of perennial citron daylily under three irrigation regimes Agricultural Water Management, Volume 296, 2024, 108788",2024,"Sun, Xiaolei",Forschungzentrum Jülich,Text,https://juser.fz-juelich.de/record/1033929,True,10.34734/fzj-2024-06767,datacite,titles.title:biochar AND (titles.title:yield OR titles.title:emissions),TITLE_SCREEN_ONLY_NOT_FORMAL_EVIDENCE,False
datacite,titles.title:biochar AND (titles.title:yield OR titles.title:emissions),10.48550/arxiv.2412.07881,Predicting NOx emissions in Biochar Production Plants using Machine Learning,2024,"Köppel, Marius",arXiv,Preprint,https://arxiv.org/abs/2412.07881,True,10.48550/arxiv.2412.07881,datacite,titles.title:biochar AND (titles.title:yield OR titles.title:emissions),TITLE_SCREEN_ONLY_NOT_FORMAL_EVIDENCE,False
datacite,titles.title:biochar AND (titles.title:yield OR titles.title:emissions),10.34734/fzj-2024-05818,Biochar captures ammonium and nitrate in easily extractable and strongly retained form without stimulating greenhouse gas emissions during composting,2024,"Busch, Franziska",Forschungzentrum Jülich,Text,https://juser.fz-juelich.de/record/1031791,True,10.34734/fzj-2024-05818,datacite,titles.title:biochar AND (titles.title:yield OR titles.title:emissions),TITLE_SCREEN_ONLY_NOT_FORMAL_EVIDENCE,False
datacite,titles.title:biochar AND (titles.title:yield OR titles.title:emissions),10.6084/m9.figshare.26795911.v1,Biochar Impact on Greenhouse Gas and Yield,2024,"Aurangzeib, Muhammad",figshare,Dataset,https://figshare.com/articles/dataset/Biochar_Impact_on_Greenhouse_Gas_and_Yield/26795911/1,True,10.6084/m9.figshare.26795911.v1,datacite,titles.title:biochar AND (titles.title:yield OR titles.title:emissions),TITLE_SCREEN_ONLY_NOT_FORMAL_EVIDENCE,False
datacite,titles.title:biochar AND (titles.title:yield OR titles.title:emissions),10.6084/m9.figshare.26795911.v2,Biochar Impact on Greenhouse Gas and Yield,2024,"Aurangzeib, Muhammad",figshare,Dataset,https://figshare.com/articles/dataset/Biochar_Impact_on_Greenhouse_Gas_and_Yield/26795911/2,True,10.6084/m9.figshare.26795911.v2,datacite,titles.title:biochar AND (titles.title:yield OR titles.title:emissions),TITLE_SCREEN_ONLY_NOT_FORMAL_EVIDENCE,False
datacite,titles.title:biochar AND (titles.title:yield OR titles.title:emissions),10.6084/m9.figshare.26795911,Biochar Impact on Greenhouse Gas and Yield,2024,"Aurangzeib, Muhammad",figshare,Dataset,https://figshare.com/articles/dataset/Biochar_Impact_on_Greenhouse_Gas_and_Yield/26795911,True,10.6084/m9.figshare.26795911,datacite,titles.title:biochar AND (titles.title:yield OR titles.title:emissions),TITLE_SCREEN_ONLY_NOT_FORMAL_EVIDENCE,False
datacite,titles.title:biochar AND (titles.title:yield OR titles.title:emissions),10.57647/ijrowa.2022.1951012.1409,Rice husk biochar and inorganic fertilizer amendment combination improved the yield of upland rice in typical soils of Southern Guinea Savannah of Nigeria,2023,"Isimikalu, Theophilus Olufemi",International Journal of Recycling of Organic Waste in Agriculture,JournalArticle,https://oiccpress.com/ijrowa/article/view/2986,True,10.57647/ijrowa.2022.1951012.1409,datacite,titles.title:biochar AND (titles.title:yield OR titles.title:emissions),TITLE_SCREEN_ONLY_NOT_FORMAL_EVIDENCE,False
datacite,titles.title:biochar AND (titles.title:yield OR titles.title:emissions),10.3929/ethz-a-010803156,The impact of biochar on nitrous oxide emissions and nitrogen cycling in temperate cropland soils,2016,"Hüppi, Roman",ETH Zurich,Text,http://hdl.handle.net/20.500.11850/124453,True,10.3929/ethz-a-010803156,datacite,titles.title:biochar AND (titles.title:yield OR titles.title:emissions),TITLE_SCREEN_ONLY_NOT_FORMAL_EVIDENCE,False
datacite,titles.title:biochar AND (titles.title:yield OR titles.title:emissions),10.20372/6sv3-mf49,"Application of Biochar with Phosphorus Fertilizer Induced Positive Effects on Soil Properties of Acidic Soil and Yield of Faba Bean (Vicia Faba L.) Varieties in Welmera District, Oromia, Central Ethiopia",2022,Arsi University,Arsi University,JournalArticle,https://journals.arsiun.edu.et/index.php/AJSI/article/view/101/71,True,10.20372/6sv3-mf49,datacite,titles.title:biochar AND (titles.title:yield OR titles.title:emissions),TITLE_SCREEN_ONLY_NOT_FORMAL_EVIDENCE,False
datacite,titles.title:biochar AND (titles.title:yield OR titles.title:emissions),10.22001/wvc.76006,The impact of biochar on okra yield under organic and conventional nutrient management,2024,"YA, Wang",World Vegetable Center,Other,https://worldveg.tind.io/record/76006,True,10.22001/wvc.76006,datacite,titles.title:biochar AND (titles.title:yield OR titles.title:emissions),TITLE_SCREEN_ONLY_NOT_FORMAL_EVIDENCE,False
datacite,titles.title:biochar AND (titles.title:yield OR titles.title:emissions),10.25384/sage.21286955.v1,sj-docx-1-wmr-10.1177_0734242X221122586 – Supplemental material for Impact of different structures of biochar on decreasing methane emissions from sewage sludge composting,2022,"Zhou, Qian",SAGE Journals,Text,https://sage.figshare.com/articles/journal_contribution/sj-docx-1-wmr-10_1177_0734242X221122586_Supplemental_material_for_Impact_of_different_structures_of_biochar_on_decreasing_methane_emissions_from_sewage_sludge_composting/21286955/1,True,10.25384/sage.21286955.v1,datacite,titles.title:biochar AND (titles.title:yield OR titles.title:emissions),TITLE_SCREEN_ONLY_NOT_FORMAL_EVIDENCE,False
datacite,titles.title:biochar AND (titles.title:yield OR titles.title:emissions),10.25384/sage.c.6235400.v1,Impact of different structures of biochar on decreasing methane emissions from sewage sludge composting,2022,"Zhou, Qian",SAGE Journals,Collection,https://sage.figshare.com/collections/Impact_of_different_structures_of_biochar_on_decreasing_methane_emissions_from_sewage_sludge_composting/6235400/1,True,10.25384/sage.c.6235400.v1,datacite,titles.title:biochar AND (titles.title:yield OR titles.title:emissions),TITLE_SCREEN_ONLY_NOT_FORMAL_EVIDENCE,False
datacite,titles.title:biochar AND (titles.title:yield OR titles.title:emissions),10.25384/sage.c.6235400,Impact of different structures of biochar on decreasing methane emissions from sewage sludge composting,2022,"Zhou, Qian",SAGE Journals,Collection,https://sage.figshare.com/collections/Impact_of_different_structures_of_biochar_on_decreasing_methane_emissions_from_sewage_sludge_composting/6235400,True,10.25384/sage.c.6235400,datacite,titles.title:biochar AND (titles.title:yield OR titles.title:emissions),TITLE_SCREEN_ONLY_NOT_FORMAL_EVIDENCE,False
datacite,titles.title:biochar AND (titles.title:yield OR titles.title:emissions),10.6084/m9.figshare.c.7283186.v1,Incorporation of compost and biochar enhances yield and medicinal compounds in seeds of water-stressed Trigonella foenum-graecum L. plants cultivated in saline calcareous soils,2024,"Shaaban, Ahmed",figshare,Collection,https://springernature.figshare.com/collections/Incorporation_of_compost_and_biochar_enhances_yield_and_medicinal_compounds_in_seeds_of_water-stressed_Trigonella_foenum-graecum_L_plants_cultivated_in_saline_calcareous_soils/7283186/1,True,10.6084/m9.figshare.c.7283186.v1,datacite,titles.title:biochar AND (titles.title:yield OR titles.title:emissions),TITLE_SCREEN_ONLY_NOT_FORMAL_EVIDENCE,False
datacite,titles.title:biochar AND (titles.title:yield OR titles.title:emissions),10.6084/m9.figshare.c.7283186,Incorporation of compost and biochar enhances yield and medicinal compounds in seeds of water-stressed Trigonella foenum-graecum L. plants cultivated in saline calcareous soils,2024,"Shaaban, Ahmed",figshare,Collection,https://springernature.figshare.com/collections/Incorporation_of_compost_and_biochar_enhances_yield_and_medicinal_compounds_in_seeds_of_water-stressed_Trigonella_foenum-graecum_L_plants_cultivated_in_saline_calcareous_soils/7283186,True,10.6084/m9.figshare.c.7283186,datacite,titles.title:biochar AND (titles.title:yield OR titles.title:emissions),TITLE_SCREEN_ONLY_NOT_FORMAL_EVIDENCE,False
datacite,titles.title:biochar AND (titles.title:yield OR titles.title:emissions),10.6084/m9.figshare.c.7264728,"Effects of biochar types on seed germination, growth, chlorophyll contents, grain yield, sodium, and potassium uptake by wheat (Triticum aestivum L.) under salt stress",2024,"Duan, Sumei",figshare,Collection,https://springernature.figshare.com/collections/Effects_of_biochar_types_on_seed_germination_growth_chlorophyll_contents_grain_yield_sodium_and_potassium_uptake_by_wheat_Triticum_aestivum_L_under_salt_stress/7264728,True,10.6084/m9.figshare.c.7264728,datacite,titles.title:biochar AND (titles.title:yield OR titles.title:emissions),TITLE_SCREEN_ONLY_NOT_FORMAL_EVIDENCE,False
datacite,titles.title:biochar AND (titles.title:yield OR titles.title:emissions),10.6084/m9.figshare.c.7264728.v1,"Effects of biochar types on seed germination, growth, chlorophyll contents, grain yield, sodium, and potassium uptake by wheat (Triticum aestivum L.) under salt stress",2024,"Duan, Sumei",figshare,Collection,https://springernature.figshare.com/collections/Effects_of_biochar_types_on_seed_germination_growth_chlorophyll_contents_grain_yield_sodium_and_potassium_uptake_by_wheat_Triticum_aestivum_L_under_salt_stress/7264728/1,True,10.6084/m9.figshare.c.7264728.v1,datacite,titles.title:biochar AND (titles.title:yield OR titles.title:emissions),TITLE_SCREEN_ONLY_NOT_FORMAL_EVIDENCE,False
datacite,titles.title:biochar AND (titles.title:yield OR titles.title:emissions),10.6084/m9.figshare.c.7088103.v1,Biochar improves the nutrient cycle in sandy-textured soils and increases crop yield: a systematic review,2024,"Bekchanova, Madina",figshare,Collection,https://springernature.figshare.com/collections/Biochar_improves_the_nutrient_cycle_in_sandy-textured_soils_and_increases_crop_yield_a_systematic_review/7088103/1,True,10.6084/m9.figshare.c.7088103.v1,datacite,titles.title:biochar AND (titles.title:yield OR titles.title:emissions),TITLE_SCREEN_ONLY_NOT_FORMAL_EVIDENCE,False
datacite,titles.title:biochar AND (titles.title:yield OR titles.title:emissions),10.6084/m9.figshare.c.7088103,Biochar improves the nutrient cycle in sandy-textured soils and increases crop yield: a systematic review,2024,"Bekchanova, Madina",figshare,Collection,https://springernature.figshare.com/collections/Biochar_improves_the_nutrient_cycle_in_sandy-textured_soils_and_increases_crop_yield_a_systematic_review/7088103,True,10.6084/m9.figshare.c.7088103,datacite,titles.title:biochar AND (titles.title:yield OR titles.title:emissions),TITLE_SCREEN_ONLY_NOT_FORMAL_EVIDENCE,False
datacite,titles.title:biochar AND (titles.title:yield OR titles.title:emissions),10.6084/m9.figshare.26684259,Additional file 15 of Biochar improves the nutrient cycle in sandy-textured soils and increases crop yield: a systematic review,2024,"Bekchanova, Madina",figshare,Dataset,https://springernature.figshare.com/articles/dataset/Additional_file_15_of_Biochar_improves_the_nutrient_cycle_in_sandy-textured_soils_and_increases_crop_yield_a_systematic_review/26684259,True,10.6084/m9.figshare.26684259,datacite,titles.title:biochar AND (titles.title:yield OR titles.title:emissions),TITLE_SCREEN_ONLY_NOT_FORMAL_EVIDENCE,False
datacite,titles.title:biochar AND (titles.title:yield OR titles.title:emissions),10.6084/m9.figshare.26684256,Additional file 14 of Biochar improves the nutrient cycle in sandy-textured soils and increases crop yield: a systematic review,2024,"Bekchanova, Madina",figshare,Dataset,https://springernature.figshare.com/articles/dataset/Additional_file_14_of_Biochar_improves_the_nutrient_cycle_in_sandy-textured_soils_and_increases_crop_yield_a_systematic_review/26684256,True,10.6084/m9.figshare.26684256,datacite,titles.title:biochar AND (titles.title:yield OR titles.title:emissions),TITLE_SCREEN_ONLY_NOT_FORMAL_EVIDENCE,False
datacite,titles.title:biochar AND (titles.title:yield OR titles.title:emissions),10.6084/m9.figshare.26684241,Additional file 9 of Biochar improves the nutrient cycle in sandy-textured soils and increases crop yield: a systematic review,2024,"Bekchanova, Madina",figshare,Dataset,https://springernature.figshare.com/articles/dataset/Additional_file_9_of_Biochar_improves_the_nutrient_cycle_in_sandy-textured_soils_and_increases_crop_yield_a_systematic_review/26684241,True,10.6084/m9.figshare.26684241,datacite,titles.title:biochar AND (titles.title:yield OR titles.title:emissions),TITLE_SCREEN_ONLY_NOT_FORMAL_EVIDENCE,False
datacite,titles.title:biochar AND (titles.title:yield OR titles.title:emissions),10.6084/m9.figshare.26684226,Additional file 4 of Biochar improves the nutrient cycle in sandy-textured soils and increases crop yield: a systematic review,2024,"Bekchanova, Madina",figshare,Dataset,https://springernature.figshare.com/articles/dataset/Additional_file_4_of_Biochar_improves_the_nutrient_cycle_in_sandy-textured_soils_and_increases_crop_yield_a_systematic_review/26684226,True,10.6084/m9.figshare.26684226,datacite,titles.title:biochar AND (titles.title:yield OR titles.title:emissions),TITLE_SCREEN_ONLY_NOT_FORMAL_EVIDENCE,False
datacite,titles.title:biochar AND (titles.title:yield OR titles.title:emissions),10.6084/m9.figshare.26684226.v1,Additional file 4 of Biochar improves the nutrient cycle in sandy-textured soils and increases crop yield: a systematic review,2024,"Bekchanova, Madina",figshare,Dataset,https://springernature.figshare.com/articles/dataset/Additional_file_4_of_Biochar_improves_the_nutrient_cycle_in_sandy-textured_soils_and_increases_crop_yield_a_systematic_review/26684226/1,True,10.6084/m9.figshare.26684226.v1,datacite,titles.title:biochar AND (titles.title:yield OR titles.title:emissions),TITLE_SCREEN_ONLY_NOT_FORMAL_EVIDENCE,False
datacite,titles.title:biochar AND (titles.title:yield OR titles.title:emissions),10.6084/m9.figshare.26684232,Additional file 6 of Biochar improves the nutrient cycle in sandy-textured soils and increases crop yield: a systematic review,2024,"Bekchanova, Madina",figshare,Dataset,https://springernature.figshare.com/articles/dataset/Additional_file_6_of_Biochar_improves_the_nutrient_cycle_in_sandy-textured_soils_and_increases_crop_yield_a_systematic_review/26684232,True,10.6084/m9.figshare.26684232,datacite,titles.title:biochar AND (titles.title:yield OR titles.title:emissions),TITLE_SCREEN_ONLY_NOT_FORMAL_EVIDENCE,False
datacite,titles.title:biochar AND (titles.title:yield OR titles.title:emissions),10.6084/m9.figshare.26684223,Additional file 3 of Biochar improves the nutrient cycle in sandy-textured soils and increases crop yield: a systematic review,2024,"Bekchanova, Madina",figshare,Dataset,https://springernature.figshare.com/articles/dataset/Additional_file_3_of_Biochar_improves_the_nutrient_cycle_in_sandy-textured_soils_and_increases_crop_yield_a_systematic_review/26684223,True,10.6084/m9.figshare.26684223,datacite,titles.title:biochar AND (titles.title:yield OR titles.title:emissions),TITLE_SCREEN_ONLY_NOT_FORMAL_EVIDENCE,False
datacite,titles.title:biochar AND (titles.title:yield OR titles.title:emissions),10.6084/m9.figshare.26684217,Additional file 1 of Biochar improves the nutrient cycle in sandy-textured soils and increases crop yield: a systematic review,2024,"Bekchanova, Madina",figshare,Dataset,https://springernature.figshare.com/articles/dataset/Additional_file_1_of_Biochar_improves_the_nutrient_cycle_in_sandy-textured_soils_and_increases_crop_yield_a_systematic_review/26684217,True,10.6084/m9.figshare.26684217,datacite,titles.title:biochar AND (titles.title:yield OR titles.title:emissions),TITLE_SCREEN_ONLY_NOT_FORMAL_EVIDENCE,False
datacite,titles.title:biochar AND (titles.title:yield OR titles.title:emissions),10.6084/m9.figshare.26684223.v1,Additional file 3 of Biochar improves the nutrient cycle in sandy-textured soils and increases crop yield: a systematic review,2024,"Bekchanova, Madina",figshare,Dataset,https://springernature.figshare.com/articles/dataset/Additional_file_3_of_Biochar_improves_the_nutrient_cycle_in_sandy-textured_soils_and_increases_crop_yield_a_systematic_review/26684223/1,True,10.6084/m9.figshare.26684223.v1,datacite,titles.title:biochar AND (titles.title:yield OR titles.title:emissions),TITLE_SCREEN_ONLY_NOT_FORMAL_EVIDENCE,False
datacite,titles.title:biochar AND (titles.title:yield OR titles.title:emissions),10.60692/7xnwf-2sk56,"Biochar and manure influences tomato fruit yield, heavy metal accumulation and concentration of soil nutrients under wastewater irrigation in arid climatic conditions يؤثر الفحم الحيوي والسماد على غلة ثمار الطماطم وتراكم المعادن الثقيلة وتركيز مغذيات التربة تحت ري مياه الصرف الصحي في الظروف المناخية الجافة Le biochar et le fumier influencent le rendement en fruits de tomate, l'accumulation de métaux lourds et la concentration des nutriments du sol sous irrigation par les eaux usées dans des conditions climatiques arides El biocarbón y el estiércol influyen en el rendimiento del fruto del tomate, la acumulación de metales pesados y la concentración de nutrientes del suelo bajo el riego de aguas residuales en condiciones climáticas áridas",2019,Hameeda,OpenAlex,Text,https://gresis.osc.int//doi/10.60692/7xnwf-2sk56,True,10.60692/7xnwf-2sk56,datacite,titles.title:biochar AND (titles.title:yield OR titles.title:emissions),TITLE_SCREEN_ONLY_NOT_FORMAL_EVIDENCE,False
datacite,titles.title:biochar AND (titles.title:yield OR titles.title:emissions),10.60692/6ase2-16b93,"Biochar and manure influences tomato fruit yield, heavy metal accumulation and concentration of soil nutrients under wastewater irrigation in arid climatic conditions يؤثر الفحم الحيوي والسماد على غلة ثمار الطماطم وتراكم المعادن الثقيلة وتركيز مغذيات التربة تحت ري مياه الصرف الصحي في الظروف المناخية الجافة Le biochar et le fumier influencent le rendement en fruits de tomate, l'accumulation de métaux lourds et la concentration des nutriments du sol sous irrigation par les eaux usées dans des conditions climatiques arides El biocarbón y el estiércol influyen en el rendimiento del fruto del tomate, la acumulación de metales pesados y la concentración de nutrientes del suelo bajo el riego de aguas residuales en condiciones climáticas áridas",2019,Hameeda,OpenAlex,Text,https://gresis.osc.int//doi/10.60692/6ase2-16b93,True,10.60692/6ase2-16b93,datacite,titles.title:biochar AND (titles.title:yield OR titles.title:emissions),TITLE_SCREEN_ONLY_NOT_FORMAL_EVIDENCE,False
datacite,titles.title:biochar AND (titles.title:yield OR titles.title:emissions),10.60692/1edmh-ez539,Investigating the Effects of Banana-Derived Biochar and Straw Residues on Growth and Yield of Maize (Zea Mays L.) Crop التحقيق في آثار بقايا الفحم الحيوي والقش المشتقة من الموز على نمو وإنتاجية محصول الذرة (Zea Mays L.) Étude des effets du biochar et des résidus de paille dérivés de la banane sur la croissance et le rendement des cultures de maïs (Zea Mays L.) Investigación de los efectos del biochar derivado del banano y los residuos de paja en el crecimiento y el rendimiento del cultivo de maíz (Zea Mays L.),2024,Barakat Ahmed,OpenAlex,Text,https://gresis.osc.int//doi/10.60692/1edmh-ez539,True,10.60692/1edmh-ez539,datacite,titles.title:biochar AND (titles.title:yield OR titles.title:emissions),TITLE_SCREEN_ONLY_NOT_FORMAL_EVIDENCE,False
datacite,titles.title:biochar AND (titles.title:yield OR titles.title:emissions),10.60692/px2sc-b0c31,Investigating the Effects of Banana-Derived Biochar and Straw Residues on Growth and Yield of Maize (Zea Mays L.) Crop التحقيق في آثار بقايا الفحم الحيوي والقش المشتقة من الموز على نمو وإنتاجية محصول الذرة (Zea Mays L.) Étude des effets du biochar et des résidus de paille dérivés de la banane sur la croissance et le rendement des cultures de maïs (Zea Mays L.) Investigación de los efectos del biochar derivado del banano y los residuos de paja en el crecimiento y el rendimiento del cultivo de maíz (Zea Mays L.),2024,Barakat Ahmed,OpenAlex,Text,https://gresis.osc.int//doi/10.60692/px2sc-b0c31,True,10.60692/px2sc-b0c31,datacite,titles.title:biochar AND (titles.title:yield OR titles.title:emissions),TITLE_SCREEN_ONLY_NOT_FORMAL_EVIDENCE,False
datacite,titles.title:biochar AND (titles.title:yield OR titles.title:emissions),10.60692/pdgx6-vm707,"Optimizing biochar addition for vermicomposting: a comprehensive evaluation of earthworms' activity, N2O emissions and compost quality تحسين إضافة الفحم الحيوي للتسميد الدودي: تقييم شامل لنشاط ديدان الأرض وانبعاثات أكسيد النيتروز وجودة السماد Optimisation de l'ajout de biochar pour le vermicompostage : une évaluation complète de l'activité des vers de terre, des émissions de N2O et de la qualité du compost Optimización de la adición de biochar para el vermicompostaje: una evaluación integral de la actividad de las lombrices de tierra, las emisiones de N2O y la calidad del compost",2023,Yupeng Wu,OpenAlex,Text,https://gresis.osc.int//doi/10.60692/pdgx6-vm707,True,10.60692/pdgx6-vm707,datacite,titles.title:biochar AND (titles.title:yield OR titles.title:emissions),TITLE_SCREEN_ONLY_NOT_FORMAL_EVIDENCE,False
datacite,titles.title:biochar AND (titles.title:yield OR titles.title:emissions),10.60692/2w8sh-sf954,"Optimizing biochar addition for vermicomposting: a comprehensive evaluation of earthworms' activity, N2O emissions and compost quality تحسين إضافة الفحم الحيوي للتسميد الدودي: تقييم شامل لنشاط ديدان الأرض وانبعاثات أكسيد النيتروز وجودة السماد Optimisation de l'ajout de biochar pour le vermicompostage : une évaluation complète de l'activité des vers de terre, des émissions de N2O et de la qualité du compost Optimización de la adición de biochar para el vermicompostaje: una evaluación integral de la actividad de las lombrices de tierra, las emisiones de N2O y la calidad del compost",2023,Yupeng Wu,OpenAlex,Text,https://gresis.osc.int//doi/10.60692/2w8sh-sf954,True,10.60692/2w8sh-sf954,datacite,titles.title:biochar AND (titles.title:yield OR titles.title:emissions),TITLE_SCREEN_ONLY_NOT_FORMAL_EVIDENCE,False
datacite,titles.title:biochar AND (titles.title:yield OR titles.title:emissions),10.60692/g9jwh-tbn67,Biochar Amendment in Combination with Endophytic Bacteria Stimulates Photosynthetic Activity and Antioxidant Enzymes to Improve Soybean Yield Under Drought Stress يحفز تعديل الفحم الحيوي بالاشتراك مع البكتيريا الداخلية نشاط التمثيل الضوئي والإنزيمات المضادة للأكسدة لتحسين محصول فول الصويا تحت ضغط الجفاف L'amendement Biochar en combinaison avec des bactéries endophytes stimule l'activité photosynthétique et les enzymes antioxydantes pour améliorer le rendement du soja sous stress de sécheresse La enmienda del biochar en combinación con bacterias endofíticas estimula la actividad fotosintética y las enzimas antioxidantes para mejorar el rendimiento de la soja bajo estrés por sequía,2022,Fahim Nawaz,OpenAlex,Text,https://gresis.osc.int//doi/10.60692/g9jwh-tbn67,True,10.60692/g9jwh-tbn67,datacite,titles.title:biochar AND (titles.title:yield OR titles.title:emissions),TITLE_SCREEN_ONLY_NOT_FORMAL_EVIDENCE,False
datacite,titles.title:biochar AND (titles.title:yield OR titles.title:emissions),10.60692/t3fb2-7cd80,Biochar Amendment in Combination with Endophytic Bacteria Stimulates Photosynthetic Activity and Antioxidant Enzymes to Improve Soybean Yield Under Drought Stress يحفز تعديل الفحم الحيوي بالاشتراك مع البكتيريا الداخلية نشاط التمثيل الضوئي والإنزيمات المضادة للأكسدة لتحسين محصول فول الصويا تحت ضغط الجفاف L'amendement Biochar en combinaison avec des bactéries endophytes stimule l'activité photosynthétique et les enzymes antioxydantes pour améliorer le rendement du soja sous stress de sécheresse La enmienda del biochar en combinación con bacterias endofíticas estimula la actividad fotosintética y las enzimas antioxidantes para mejorar el rendimiento de la soja bajo estrés por sequía,2022,Fahim Nawaz,OpenAlex,Text,https://gresis.osc.int//doi/10.60692/t3fb2-7cd80,True,10.60692/t3fb2-7cd80,datacite,titles.title:biochar AND (titles.title:yield OR titles.title:emissions),TITLE_SCREEN_ONLY_NOT_FORMAL_EVIDENCE,False
datacite,titles.title:biochar AND (titles.title:yield OR titles.title:emissions),10.60692/b89sf-8t171,"Effects of biochar types on seed germination, growth, chlorophyll contents, grain yield, sodium, and potassium uptake by wheat (Triticum aestivum L.) under salt stress آثار أنواع الفحم الحيوي على إنبات البذور والنمو ومحتويات الكلوروفيل ومحصول الحبوب والصوديوم وامتصاص البوتاسيوم بواسطة القمح (Triticum aestivum L.) تحت ضغط الملح Effets des types de biochar sur la germination des graines, la croissance, la teneur en chlorophylle, le rendement en céréales, l'absorption de sodium et de potassium par le blé (Triticum aestivum L.) sous stress salin Efectos de los tipos de biochar en la germinación, el crecimiento, el contenido de clorofila, el rendimiento de grano, la absorción de sodio y potasio por el trigo (Triticum aestivum L.) bajo estrés salino",2024,Shao-Zhong Duan,OpenAlex,Text,https://gresis.osc.int//doi/10.60692/b89sf-8t171,True,10.60692/b89sf-8t171,datacite,titles.title:biochar AND (titles.title:yield OR titles.title:emissions),TITLE_SCREEN_ONLY_NOT_FORMAL_EVIDENCE,False
datacite,titles.title:biochar AND (titles.title:yield OR titles.title:emissions),10.60692/w6fjy-j7y76,"Effects of biochar types on seed germination, growth, chlorophyll contents, grain yield, sodium, and potassium uptake by wheat (Triticum aestivum L.) under salt stress آثار أنواع الفحم الحيوي على إنبات البذور والنمو ومحتويات الكلوروفيل ومحصول الحبوب والصوديوم وامتصاص البوتاسيوم بواسطة القمح (Triticum aestivum L.) تحت ضغط الملح Effets des types de biochar sur la germination des graines, la croissance, la teneur en chlorophylle, le rendement en céréales, l'absorption de sodium et de potassium par le blé (Triticum aestivum L.) sous stress salin Efectos de los tipos de biochar en la germinación, el crecimiento, el contenido de clorofila, el rendimiento de grano, la absorción de sodio y potasio por el trigo (Triticum aestivum L.) bajo estrés salino",2024,Shao-Zhong Duan,OpenAlex,Text,https://gresis.osc.int//doi/10.60692/w6fjy-j7y76,True,10.60692/w6fjy-j7y76,datacite,titles.title:biochar AND (titles.title:yield OR titles.title:emissions),TITLE_SCREEN_ONLY_NOT_FORMAL_EVIDENCE,False
datacite,titles.title:biochar AND (titles.title:yield OR titles.title:emissions),10.60692/84wa9-0db32,Field-based investigation of aged biochar coupled with summer legumes effect on wheat yield in Pakistan التحقيق الميداني في الفحم الحيوي القديم إلى جانب تأثير البقوليات الصيفية على محصول القمح في باكستان Étude sur le terrain du biochar vieilli associée à l'effet des légumineuses d'été sur le rendement du blé au Pakistan Investigación de campo del biochar envejecido junto con el efecto de las legumbres de verano sobre el rendimiento del trigo en Pakistán,2020,Hafeez Ur Rahim,OpenAlex,Text,https://gresis.osc.int//doi/10.60692/84wa9-0db32,True,10.60692/84wa9-0db32,datacite,titles.title:biochar AND (titles.title:yield OR titles.title:emissions),TITLE_SCREEN_ONLY_NOT_FORMAL_EVIDENCE,False
datacite,titles.title:biochar AND (titles.title:yield OR titles.title:emissions),10.60692/gfmy2-m6b24,Field-based investigation of aged biochar coupled with summer legumes effect on wheat yield in Pakistan التحقيق الميداني في الفحم الحيوي القديم إلى جانب تأثير البقوليات الصيفية على محصول القمح في باكستان Étude sur le terrain du biochar vieilli associée à l'effet des légumineuses d'été sur le rendement du blé au Pakistan Investigación de campo del biochar envejecido junto con el efecto de las legumbres de verano sobre el rendimiento del trigo en Pakistán,2020,Hafeez Ur Rahim,OpenAlex,Text,https://gresis.osc.int//doi/10.60692/gfmy2-m6b24,True,10.60692/gfmy2-m6b24,datacite,titles.title:biochar AND (titles.title:yield OR titles.title:emissions),TITLE_SCREEN_ONLY_NOT_FORMAL_EVIDENCE,False
datacite,titles.title:biochar AND (titles.title:yield OR titles.title:emissions),10.60692/461z6-kz726,"The effect of biochar on soil organic matter, total N in soil and plant, nodules, grain yield and biomass of mung bea تأثير الفحم الحيوي على المواد العضوية في التربة، وإجمالي النيتروجين في التربة والنبات، والعقيدات، ومحصول الحبوب والكتلة الحيوية لمونغ بي L'effet du biochar sur la matière organique du sol, l'azote total dans le sol et les plantes, les nodules, le rendement céréalier et la biomasse du haricot mungo El efecto del biochar en la materia orgánica del suelo, el N total en el suelo y la planta, los nódulos, el rendimiento de grano y la biomasa de la mung bea",2020,Shadman Khan,OpenAlex,Text,https://gresis.osc.int//doi/10.60692/461z6-kz726,True,10.60692/461z6-kz726,datacite,titles.title:biochar AND (titles.title:yield OR titles.title:emissions),TITLE_SCREEN_ONLY_NOT_FORMAL_EVIDENCE,False
datacite,titles.title:biochar AND (titles.title:yield OR titles.title:emissions),10.60692/cyad7-q6c83,"The effect of biochar on soil organic matter, total N in soil and plant, nodules, grain yield and biomass of mung bea تأثير الفحم الحيوي على المواد العضوية في التربة، وإجمالي النيتروجين في التربة والنبات، والعقيدات، ومحصول الحبوب والكتلة الحيوية لمونغ بي L'effet du biochar sur la matière organique du sol, l'azote total dans le sol et les plantes, les nodules, le rendement céréalier et la biomasse du haricot mungo El efecto del biochar en la materia orgánica del suelo, el N total en el suelo y la planta, los nódulos, el rendimiento de grano y la biomasa de la mung bea",2020,Shadman Khan,OpenAlex,Text,https://gresis.osc.int//doi/10.60692/cyad7-q6c83,True,10.60692/cyad7-q6c83,datacite,titles.title:biochar AND (titles.title:yield OR titles.title:emissions),TITLE_SCREEN_ONLY_NOT_FORMAL_EVIDENCE,False
datacite,titles.title:biochar AND (titles.title:yield OR titles.title:emissions),10.60692/b9vpv-6v334,Impact of biochar on mungbean yield and yield components تأثير الفحم الحيوي على محصول الفول المنغولي ومكونات المحصول Impact du biochar sur le rendement et les composants du rendement du mungbean Impacto del biochar en el rendimiento del mungbean y los componentes del rendimiento,2016,Abdul Rab,OpenAlex,Text,https://gresis.osc.int//doi/10.60692/b9vpv-6v334,True,10.60692/b9vpv-6v334,datacite,titles.title:biochar AND (titles.title:yield OR titles.title:emissions),TITLE_SCREEN_ONLY_NOT_FORMAL_EVIDENCE,False
datacite,titles.title:biochar AND (titles.title:yield OR titles.title:emissions),10.60692/4zeqm-9wh19,Impact of biochar on mungbean yield and yield components تأثير الفحم الحيوي على محصول الفول المنغولي ومكونات المحصول Impact du biochar sur le rendement et les composants du rendement du mungbean Impacto del biochar en el rendimiento del mungbean y los componentes del rendimiento,2016,Abdul Rab,OpenAlex,Text,https://gresis.osc.int//doi/10.60692/4zeqm-9wh19,True,10.60692/4zeqm-9wh19,datacite,titles.title:biochar AND (titles.title:yield OR titles.title:emissions),TITLE_SCREEN_ONLY_NOT_FORMAL_EVIDENCE,False
datacite,titles.title:biochar AND (titles.title:yield OR titles.title:emissions),10.60692/em1f6-cw507,"Biochar as sustainable input for nodulation, yield and quality of mung bean الفحم الحيوي كمدخل مستدام لتعقيد وإنتاجية وجودة حبوب مونج Biochar comme intrant durable pour la nodulation, le rendement et la qualité du haricot mungo Biochar como insumo sostenible para la nodulación, el rendimiento y la calidad del frijol mungo",2024,Fazal Jalal,OpenAlex,Text,https://gresis.osc.int//doi/10.60692/em1f6-cw507,True,10.60692/em1f6-cw507,datacite,titles.title:biochar AND (titles.title:yield OR titles.title:emissions),TITLE_SCREEN_ONLY_NOT_FORMAL_EVIDENCE,False
datacite,titles.title:biochar AND (titles.title:yield OR titles.title:emissions),10.60692/jgar4-g6s74,"Biochar as sustainable input for nodulation, yield and quality of mung bean الفحم الحيوي كمدخل مستدام لتعقيد وإنتاجية وجودة حبوب مونج Biochar comme intrant durable pour la nodulation, le rendement et la qualité du haricot mungo Biochar como insumo sostenible para la nodulación, el rendimiento y la calidad del frijol mungo",2024,Fazal Jalal,OpenAlex,Text,https://gresis.osc.int//doi/10.60692/jgar4-g6s74,True,10.60692/jgar4-g6s74,datacite,titles.title:biochar AND (titles.title:yield OR titles.title:emissions),TITLE_SCREEN_ONLY_NOT_FORMAL_EVIDENCE,False
datacite,titles.title:biochar AND (titles.title:yield OR titles.title:emissions),10.60692/74ebk-b3y43,Optimizing chili production in drought stress: combining Zn-quantum dot biochar and proline for improved growth and yield تحسين إنتاج الفلفل الحار في إجهاد الجفاف: الجمع بين Zn - quantum dot biochar والبرولين لتحسين النمو والإنتاجية Optimiser la production de piment en période de sécheresse : combiner le biochar Zn-quantum dot et la proline pour améliorer la croissance et le rendement Optimización de la producción de chile en situaciones de estrés por sequía: combinación de biochar de puntos cuánticos de Zn y prolina para mejorar el crecimiento y el rendimiento,2024,Misbah Hareem,OpenAlex,Text,https://gresis.osc.int//doi/10.60692/74ebk-b3y43,True,10.60692/74ebk-b3y43,datacite,titles.title:biochar AND (titles.title:yield OR titles.title:emissions),TITLE_SCREEN_ONLY_NOT_FORMAL_EVIDENCE,False
datacite,titles.title:biochar AND (titles.title:yield OR titles.title:emissions),10.60692/p7vhz-0tk78,Optimizing chili production in drought stress: combining Zn-quantum dot biochar and proline for improved growth and yield تحسين إنتاج الفلفل الحار في إجهاد الجفاف: الجمع بين Zn - quantum dot biochar والبرولين لتحسين النمو والإنتاجية Optimiser la production de piment en période de sécheresse : combiner le biochar Zn-quantum dot et la proline pour améliorer la croissance et le rendement Optimización de la producción de chile en situaciones de estrés por sequía: combinación de biochar de puntos cuánticos de Zn y prolina para mejorar el crecimiento y el rendimiento,2024,Misbah Hareem,OpenAlex,Text,https://gresis.osc.int//doi/10.60692/p7vhz-0tk78,True,10.60692/p7vhz-0tk78,datacite,titles.title:biochar AND (titles.title:yield OR titles.title:emissions),TITLE_SCREEN_ONLY_NOT_FORMAL_EVIDENCE,False
datacite,titles.title:biochar AND (titles.title:yield OR titles.title:emissions),10.60692/qr9fa-j8j14,"Biochar Optimizes Wheat Quality, Yield, and Nitrogen Acquisition in Low Fertile Calcareous Soil Treated With Organic and Mineral Nitrogen Fertilizers يعمل الفحم الحيوي على تحسين جودة القمح والمحصول واكتساب النيتروجين في التربة الكلسية منخفضة الخصوبة المعالجة بالأسمدة النيتروجينية العضوية والمعدنية Biochar optimise la qualité du blé, le rendement et l'acquisition d'azote dans un sol calcaire faiblement fertile traité avec des engrais azotés organiques et minéraux El biocarbón optimiza la calidad, el rendimiento y la adquisición de nitrógeno del trigo en suelos calcáreos poco fértiles tratados con fertilizantes orgánicos y minerales con nitrógeno",2022,Mushtaq Khan,OpenAlex,Text,https://gresis.osc.int//doi/10.60692/qr9fa-j8j14,True,10.60692/qr9fa-j8j14,datacite,titles.title:biochar AND (titles.title:yield OR titles.title:emissions),TITLE_SCREEN_ONLY_NOT_FORMAL_EVIDENCE,False
datacite,titles.title:biochar AND (titles.title:yield OR titles.title:emissions),10.60692/wvk37-cqv83,"Biochar Optimizes Wheat Quality, Yield, and Nitrogen Acquisition in Low Fertile Calcareous Soil Treated With Organic and Mineral Nitrogen Fertilizers يعمل الفحم الحيوي على تحسين جودة القمح والمحصول واكتساب النيتروجين في التربة الكلسية منخفضة الخصوبة المعالجة بالأسمدة النيتروجينية العضوية والمعدنية Biochar optimise la qualité du blé, le rendement et l'acquisition d'azote dans un sol calcaire faiblement fertile traité avec des engrais azotés organiques et minéraux El biocarbón optimiza la calidad, el rendimiento y la adquisición de nitrógeno del trigo en suelos calcáreos poco fértiles tratados con fertilizantes orgánicos y minerales con nitrógeno",2022,Mushtaq Khan,OpenAlex,Text,https://gresis.osc.int//doi/10.60692/wvk37-cqv83,True,10.60692/wvk37-cqv83,datacite,titles.title:biochar AND (titles.title:yield OR titles.title:emissions),TITLE_SCREEN_ONLY_NOT_FORMAL_EVIDENCE,False
datacite,titles.title:biochar AND (titles.title:yield OR titles.title:emissions),10.60692/cf91d-cf728,"Influence of variable biochar concentration on yield-scaled nitrous oxide emissions, Wheat yield and nitrogen use efficiency تأثير تركيز الفحم الحيوي المتغير على انبعاثات أكسيد النيتروز المحسوبة بالمحصول، ومحصول القمح وكفاءة استخدام النيتروجين Influence de la concentration variable de biochar sur les émissions d'oxyde nitreux à l'échelle du rendement, le rendement du blé et l'efficacité de l'utilisation de l'azote Influencia de la concentración variable de biocarbón en las emisiones de óxido nitroso a escala de rendimiento, el rendimiento de trigo y la eficiencia del uso de nitrógeno",2021,Khadim Dawar,OpenAlex,Text,https://gresis.osc.int//doi/10.60692/cf91d-cf728,True,10.60692/cf91d-cf728,datacite,titles.title:biochar AND (titles.title:yield OR titles.title:emissions),TITLE_SCREEN_ONLY_NOT_FORMAL_EVIDENCE,False
datacite,titles.title:biochar AND (titles.title:yield OR titles.title:emissions),10.60692/ev80z-rh491,"Influence of variable biochar concentration on yield-scaled nitrous oxide emissions, Wheat yield and nitrogen use efficiency تأثير تركيز الفحم الحيوي المتغير على انبعاثات أكسيد النيتروز المحسوبة بالمحصول، ومحصول القمح وكفاءة استخدام النيتروجين Influence de la concentration variable de biochar sur les émissions d'oxyde nitreux à l'échelle du rendement, le rendement du blé et l'efficacité de l'utilisation de l'azote Influencia de la concentración variable de biocarbón en las emisiones de óxido nitroso a escala de rendimiento, el rendimiento de trigo y la eficiencia del uso de nitrógeno",2021,Khadim Dawar,OpenAlex,Text,https://gresis.osc.int//doi/10.60692/ev80z-rh491,True,10.60692/ev80z-rh491,datacite,titles.title:biochar AND (titles.title:yield OR titles.title:emissions),TITLE_SCREEN_ONLY_NOT_FORMAL_EVIDENCE,False
datacite,titles.title:biochar AND (titles.title:yield OR titles.title:emissions),10.60692/9hb33-42471,"Investigating biochar as a net-negative emissions strategy in Colombia: Potentials, costs, and barriers التحقيق في الفحم الحيوي كاستراتيجية انبعاثات سلبية صافية في كولومبيا: الإمكانيات والتكاليف والحواجز Étudier le biocharbon en tant que stratégie d'émissions nettes négatives en Colombie : potentiels, coûts et obstacles Investigar el biocarbón como estrategia de emisiones netas negativas en Colombia: Potenciales, costos y barreras",2023,Eileen Torres-Morales,OpenAlex,Text,https://gresis.osc.int//doi/10.60692/9hb33-42471,True,10.60692/9hb33-42471,datacite,titles.title:biochar AND (titles.title:yield OR titles.title:emissions),TITLE_SCREEN_ONLY_NOT_FORMAL_EVIDENCE,False
datacite,titles.title:biochar AND (titles.title:yield OR titles.title:emissions),10.60692/dze2r-kjh56,"Investigating biochar as a net-negative emissions strategy in Colombia: Potentials, costs, and barriers التحقيق في الفحم الحيوي كاستراتيجية انبعاثات سلبية صافية في كولومبيا: الإمكانيات والتكاليف والحواجز Étudier le biocharbon en tant que stratégie d'émissions nettes négatives en Colombie : potentiels, coûts et obstacles Investigar el biocarbón como estrategia de emisiones netas negativas en Colombia: Potenciales, costos y barreras",2023,Eileen Torres-Morales,OpenAlex,Text,https://gresis.osc.int//doi/10.60692/dze2r-kjh56,True,10.60692/dze2r-kjh56,datacite,titles.title:biochar AND (titles.title:yield OR titles.title:emissions),TITLE_SCREEN_ONLY_NOT_FORMAL_EVIDENCE,False
datacite,titles.title:biochar AND (titles.title:yield OR titles.title:emissions),10.18452/29119,Land-neutral negative emissions through biochar-based fertilization—assessing global potentials under varied management and pyrolysis conditions,2024,"Werner, Constanze",Humboldt-Universität zu Berlin,Text,https://edoc.hu-berlin.de/handle/18452/29740,True,10.18452/29119,datacite,titles.title:biochar AND (titles.title:yield OR titles.title:emissions),TITLE_SCREEN_ONLY_NOT_FORMAL_EVIDENCE,False
datacite,titles.title:biochar AND (titles.title:yield OR titles.title:emissions),10.18452/29118,Potential of Land-Neutral Negative Emissions Through Biochar Sequestration,2022,"Werner, Constanze",Humboldt-Universität zu Berlin,Text,https://edoc.hu-berlin.de/handle/18452/29739,True,10.18452/29118,datacite,titles.title:biochar AND (titles.title:yield OR titles.title:emissions),TITLE_SCREEN_ONLY_NOT_FORMAL_EVIDENCE,False
datacite,titles.title:biochar AND (titles.title:yield OR titles.title:emissions),10.60692/q3y3r-daa50,Rice husk and melaleuca biochar additions reduce soil CH4 and N2O emissions and increase soil organic matter and nutrient availability تقلل إضافات الفحم الحيوي من قشر الأرز والميلوكا من انبعاثات الميثان وأكسيد النيتروز وتزيد من توافر المواد العضوية والمغذيات في التربة Les ajouts de coques de riz et de biocharbon de melaleuca réduisent les émissions de CH4 et de N2O dans le sol et augmentent la matière organique du sol et la disponibilité des nutriments Las adiciones de biochar de cáscara de arroz y melaleuca reducen las emisiones de CH4 y N2O del suelo y aumentan la materia orgánica del suelo y la disponibilidad de nutrientes,2021,Nam Tran Sy,OpenAlex,Text,https://gresis.osc.int//doi/10.60692/q3y3r-daa50,True,10.60692/q3y3r-daa50,datacite,titles.title:biochar AND (titles.title:yield OR titles.title:emissions),TITLE_SCREEN_ONLY_NOT_FORMAL_EVIDENCE,False
datacite,titles.title:biochar AND (titles.title:yield OR titles.title:emissions),10.60692/c4kky-jtd16,Rice husk and melaleuca biochar additions reduce soil CH4 and N2O emissions and increase soil organic matter and nutrient availability تقلل إضافات الفحم الحيوي من قشر الأرز والميلوكا من انبعاثات الميثان وأكسيد النيتروز وتزيد من توافر المواد العضوية والمغذيات في التربة Les ajouts de coques de riz et de biocharbon de melaleuca réduisent les émissions de CH4 et de N2O dans le sol et augmentent la matière organique du sol et la disponibilité des nutriments Las adiciones de biochar de cáscara de arroz y melaleuca reducen las emisiones de CH4 y N2O del suelo y aumentan la materia orgánica del suelo y la disponibilidad de nutrientes,2021,Nam Tran Sy,OpenAlex,Text,https://gresis.osc.int//doi/10.60692/c4kky-jtd16,True,10.60692/c4kky-jtd16,datacite,titles.title:biochar AND (titles.title:yield OR titles.title:emissions),TITLE_SCREEN_ONLY_NOT_FORMAL_EVIDENCE,False
datacite,titles.title:biochar AND (titles.title:yield OR titles.title:emissions),10.60692/bp0bt-2dd12,Rice husk and melaleuca biochar additions reduce soil CH4 and N2O emissions and increase soil physicochemical properties تقلل قشور الأرز وإضافات الفحم الحيوي الميلاليوكا من انبعاثات الميثان وأكسيد النيتروز في التربة وتزيد من الخصائص الفيزيائية الكيميائية للتربة Les ajouts de coques de riz et de biocharbon de melaleuca réduisent les émissions de CH4 et de N2O du sol et augmentent les propriétés physico-chimiques du sol Las adiciones de biochar de cáscara de arroz y melaleuca reducen las emisiones de CH4 y N2O del suelo y aumentan las propiedades fisicoquímicas del suelo,2022,Trần Sỹ Nam,OpenAlex,Text,https://gresis.osc.int//doi/10.60692/bp0bt-2dd12,True,10.60692/bp0bt-2dd12,datacite,titles.title:biochar AND (titles.title:yield OR titles.title:emissions),TITLE_SCREEN_ONLY_NOT_FORMAL_EVIDENCE,False
datacite,titles.title:biochar AND (titles.title:yield OR titles.title:emissions),10.60692/37y4w-8b615,Rice husk and melaleuca biochar additions reduce soil CH4 and N2O emissions and increase soil physicochemical properties تقلل قشور الأرز وإضافات الفحم الحيوي الميلاليوكا من انبعاثات الميثان وأكسيد النيتروز في التربة وتزيد من الخصائص الفيزيائية الكيميائية للتربة Les ajouts de coques de riz et de biocharbon de melaleuca réduisent les émissions de CH4 et de N2O du sol et augmentent les propriétés physico-chimiques du sol Las adiciones de biochar de cáscara de arroz y melaleuca reducen las emisiones de CH4 y N2O del suelo y aumentan las propiedades fisicoquímicas del suelo,2022,Trần Sỹ Nam,OpenAlex,Text,https://gresis.osc.int//doi/10.60692/37y4w-8b615,True,10.60692/37y4w-8b615,datacite,titles.title:biochar AND (titles.title:yield OR titles.title:emissions),TITLE_SCREEN_ONLY_NOT_FORMAL_EVIDENCE,False
datacite,titles.title:biochar AND (titles.title:yield OR titles.title:emissions),10.60692/2v08d-t3b15,"Effects of Biochar, Lime, and Compost Applications on Soil Physicochemical Properties and Yield of Pomelo (Citrus grandis Osbeck) in Alluvial Soil of the Mekong Delta آثار تطبيقات الفحم الحيوي والجير والسماد على الخواص الفيزيائية الكيميائية للتربة وإنتاجية بوميلو (الحمضيات الكبرى أوسبيك) في التربة الغرينية لدلتا نهر الميكونغ Effets des applications de biochar, de chaux et de compost sur les propriétés physicochimiques du sol et le rendement du pomelo (Citrus grandis Osbeck) dans le sol alluvial du delta du Mékong Efectos de las aplicaciones de biochar, cal y compost en las propiedades fisicoquímicas del suelo y el rendimiento del pomelo (Citrus grandis Osbeck) en el suelo aluvial del delta del Mekong",2022,Le Van Dang,OpenAlex,Text,https://gresis.osc.int//doi/10.60692/2v08d-t3b15,True,10.60692/2v08d-t3b15,datacite,titles.title:biochar AND (titles.title:yield OR titles.title:emissions),TITLE_SCREEN_ONLY_NOT_FORMAL_EVIDENCE,False
datacite,titles.title:biochar AND (titles.title:yield OR titles.title:emissions),10.60692/6kpd7-s5369,"Effects of Biochar, Lime, and Compost Applications on Soil Physicochemical Properties and Yield of Pomelo (Citrus grandis Osbeck) in Alluvial Soil of the Mekong Delta آثار تطبيقات الفحم الحيوي والجير والسماد على الخواص الفيزيائية الكيميائية للتربة وإنتاجية بوميلو (الحمضيات الكبرى أوسبيك) في التربة الغرينية لدلتا نهر الميكونغ Effets des applications de biochar, de chaux et de compost sur les propriétés physicochimiques du sol et le rendement du pomelo (Citrus grandis Osbeck) dans le sol alluvial du delta du Mékong Efectos de las aplicaciones de biochar, cal y compost en las propiedades fisicoquímicas del suelo y el rendimiento del pomelo (Citrus grandis Osbeck) en el suelo aluvial del delta del Mekong",2022,Le Van Dang,OpenAlex,Text,https://gresis.osc.int//doi/10.60692/6kpd7-s5369,True,10.60692/6kpd7-s5369,datacite,titles.title:biochar AND (titles.title:yield OR titles.title:emissions),TITLE_SCREEN_ONLY_NOT_FORMAL_EVIDENCE,False
datacite,titles.title:biochar AND (titles.title:yield OR titles.title:emissions),10.6084/m9.figshare.26264825,Additional datasets for the effects of nitrogen deposition and biochar application on soil nitrous oxide emissions in a subtropical forest,2024,"Zhou, Jiashu",figshare,Dataset,https://figshare.com/articles/dataset/Additional_datasets_for_the_effects_of_nitrogen_deposition_and_biochar_application_on_soil_nitrous_oxide_emissions_in_a_subtropical_forest/26264825,True,10.6084/m9.figshare.26264825,datacite,titles.title:biochar AND (titles.title:yield OR titles.title:emissions),TITLE_SCREEN_ONLY_NOT_FORMAL_EVIDENCE,False
datacite,titles.title:biochar AND (titles.title:yield OR titles.title:emissions),10.60692/f6212-95q34,Mitigating methane emissions and global warming potential while increasing rice yield using biochar derived from leftover rice straw in a tropical paddy soil التخفيف من انبعاثات الميثان وإمكانات الاحترار العالمي مع زيادة غلة الأرز باستخدام الفحم الحيوي المشتق من بقايا قش الأرز في تربة الأرز الاستوائية Atténuer les émissions de méthane et le potentiel de réchauffement climatique tout en augmentant le rendement du riz en utilisant du biochar dérivé de restes de paille de riz dans un sol de riz tropical Mitigar las emisiones de metano y el potencial de calentamiento global al tiempo que se aumenta el rendimiento del arroz utilizando biochar derivado de la paja de arroz sobrante en un suelo de arroz tropical,2024,Saowalak Somboon,OpenAlex,Text,https://gresis.osc.int//doi/10.60692/f6212-95q34,True,10.60692/f6212-95q34,datacite,titles.title:biochar AND (titles.title:yield OR titles.title:emissions),TITLE_SCREEN_ONLY_NOT_FORMAL_EVIDENCE,False
datacite,titles.title:biochar AND (titles.title:yield OR titles.title:emissions),10.60692/yx7s8-91v98,Mitigating methane emissions and global warming potential while increasing rice yield using biochar derived from leftover rice straw in a tropical paddy soil التخفيف من انبعاثات الميثان وإمكانات الاحترار العالمي مع زيادة غلة الأرز باستخدام الفحم الحيوي المشتق من بقايا قش الأرز في تربة الأرز الاستوائية Atténuer les émissions de méthane et le potentiel de réchauffement climatique tout en augmentant le rendement du riz en utilisant du biochar dérivé de restes de paille de riz dans un sol de riz tropical Mitigar las emisiones de metano y el potencial de calentamiento global al tiempo que se aumenta el rendimiento del arroz utilizando biochar derivado de la paja de arroz sobrante en un suelo de arroz tropical,2024,Saowalak Somboon,OpenAlex,Text,https://gresis.osc.int//doi/10.60692/yx7s8-91v98,True,10.60692/yx7s8-91v98,datacite,titles.title:biochar AND (titles.title:yield OR titles.title:emissions),TITLE_SCREEN_ONLY_NOT_FORMAL_EVIDENCE,False
datacite,titles.title:biochar AND (titles.title:yield OR titles.title:emissions),10.60692/ms0bm-rkd10,Machine learning models for the prediction of total yield and specific surface area of biochar derived from agricultural biomass by pyrolysis نماذج التعلم الآلي للتنبؤ بإجمالي المحصول ومساحة السطح المحددة للفحم الحيوي المستمدة من الكتلة الحيوية الزراعية عن طريق التحلل الحراري Modèles d'apprentissage automatique pour la prédiction du rendement total et de la surface spécifique du biochar dérivé de la biomasse agricole par pyrolyse Modelos de aprendizaje automático para la predicción del rendimiento total y la superficie específica de biochar derivado de biomasa agrícola por pirólisis,2023,Abdul Hai,OpenAlex,Text,https://gresis.osc.int//doi/10.60692/ms0bm-rkd10,True,10.60692/ms0bm-rkd10,datacite,titles.title:biochar AND (titles.title:yield OR titles.title:emissions),TITLE_SCREEN_ONLY_NOT_FORMAL_EVIDENCE,False
datacite,titles.title:biochar AND (titles.title:yield OR titles.title:emissions),10.60692/2f386-2gk64,Machine learning models for the prediction of total yield and specific surface area of biochar derived from agricultural biomass by pyrolysis نماذج التعلم الآلي للتنبؤ بإجمالي المحصول ومساحة السطح المحددة للفحم الحيوي المستمدة من الكتلة الحيوية الزراعية عن طريق التحلل الحراري Modèles d'apprentissage automatique pour la prédiction du rendement total et de la surface spécifique du biochar dérivé de la biomasse agricole par pyrolyse Modelos de aprendizaje automático para la predicción del rendimiento total y la superficie específica de biochar derivado de biomasa agrícola por pirólisis,2023,Abdul Hai,OpenAlex,Text,https://gresis.osc.int//doi/10.60692/2f386-2gk64,True,10.60692/2f386-2gk64,datacite,titles.title:biochar AND (titles.title:yield OR titles.title:emissions),TITLE_SCREEN_ONLY_NOT_FORMAL_EVIDENCE,False
datacite,titles.title:biochar AND (titles.title:yield OR titles.title:emissions),10.60692/2mj6j-e5v13,Coapplication of Chicken Litter Biochar and Urea Only to Improve Nutrients Use Efficiency and Yield ofOryza sativaL. Cultivation on a Tropical Acid Soil استخدام الفحم الحيوي واليوريا مع فضلات الدجاج فقط لتحسين كفاءة استخدام المغذيات وإنتاجية الأوريزاساتيفال. الزراعة على تربة حمضية استوائية Coapplication de la litière de poulet Biochar et de l'urée uniquement pour améliorer l'efficacité de l'utilisation des nutriments et le rendement d'Oryza sativaL. Culture sur un sol acide tropical Aplicación conjunta de biochar de basura de pollo y urea solo para mejorar la eficiencia del uso de nutrientes y el rendimiento del cultivo deOryza sativaL. en un suelo ácido tropical,2015,Ali Maru,OpenAlex,Text,https://gresis.osc.int//doi/10.60692/2mj6j-e5v13,True,10.60692/2mj6j-e5v13,datacite,titles.title:biochar AND (titles.title:yield OR titles.title:emissions),TITLE_SCREEN_ONLY_NOT_FORMAL_EVIDENCE,False
datacite,titles.title:biochar AND (titles.title:yield OR titles.title:emissions),10.60692/fky4g-mxy69,Coapplication of Chicken Litter Biochar and Urea Only to Improve Nutrients Use Efficiency and Yield ofOryza sativaL. Cultivation on a Tropical Acid Soil استخدام الفحم الحيوي واليوريا مع فضلات الدجاج فقط لتحسين كفاءة استخدام المغذيات وإنتاجية الأوريزاساتيفال. الزراعة على تربة حمضية استوائية Coapplication de la litière de poulet Biochar et de l'urée uniquement pour améliorer l'efficacité de l'utilisation des nutriments et le rendement d'Oryza sativaL. Culture sur un sol acide tropical Aplicación conjunta de biochar de basura de pollo y urea solo para mejorar la eficiencia del uso de nutrientes y el rendimiento del cultivo deOryza sativaL. en un suelo ácido tropical,2015,Ali Maru,OpenAlex,Text,https://gresis.osc.int//doi/10.60692/fky4g-mxy69,True,10.60692/fky4g-mxy69,datacite,titles.title:biochar AND (titles.title:yield OR titles.title:emissions),TITLE_SCREEN_ONLY_NOT_FORMAL_EVIDENCE,False
datacite,titles.title:biochar AND (titles.title:yield OR titles.title:emissions),10.60692/33c64-ccj34,Flame curtain kilns produce biochar from dry biomass with minimal methane emissions تنتج أفران ستائر اللهب الفحم الحيوي من الكتلة الحيوية الجافة مع الحد الأدنى من انبعاثات الميثان Les fours à rideaux de flamme produisent du biochar à partir de biomasse sèche avec des émissions de méthane minimales Los hornos de cortina de llama producen biocarbón a partir de biomasa seca con emisiones mínimas de metano,2023,Gerard Cornelissen,OpenAlex,Text,https://gresis.osc.int//doi/10.60692/33c64-ccj34,True,10.60692/33c64-ccj34,datacite,titles.title:biochar AND (titles.title:yield OR titles.title:emissions),TITLE_SCREEN_ONLY_NOT_FORMAL_EVIDENCE,False
datacite,titles.title:biochar AND (titles.title:yield OR titles.title:emissions),10.60692/nqg3d-cqy60,Flame curtain kilns produce biochar from dry biomass with minimal methane emissions تنتج أفران ستائر اللهب الفحم الحيوي من الكتلة الحيوية الجافة مع الحد الأدنى من انبعاثات الميثان Les fours à rideaux de flamme produisent du biochar à partir de biomasse sèche avec des émissions de méthane minimales Los hornos de cortina de llama producen biocarbón a partir de biomasa seca con emisiones mínimas de metano,2023,Gerard Cornelissen,OpenAlex,Text,https://gresis.osc.int//doi/10.60692/nqg3d-cqy60,True,10.60692/nqg3d-cqy60,datacite,titles.title:biochar AND (titles.title:yield OR titles.title:emissions),TITLE_SCREEN_ONLY_NOT_FORMAL_EVIDENCE,False
datacite,titles.title:biochar AND (titles.title:yield OR titles.title:emissions),10.60692/byc7a-xsw10,Efficacy of vermicompost and biochar on the growth and yield of green cabbage فعالية السماد الدودي والفحم الحيوي على نمو وإنتاجية الملفوف الأخضر Efficacité du vermicompost et du biochar sur la croissance et le rendement du chou vert Eficacia del vermicompost y el biochar en el crecimiento y rendimiento de la col verde,2021,Nabila S. Hassan,OpenAlex,Text,https://gresis.osc.int//doi/10.60692/byc7a-xsw10,True,10.60692/byc7a-xsw10,datacite,titles.title:biochar AND (titles.title:yield OR titles.title:emissions),TITLE_SCREEN_ONLY_NOT_FORMAL_EVIDENCE,False
datacite,titles.title:biochar AND (titles.title:yield OR titles.title:emissions),10.60692/nhb6z-t7x37,Efficacy of vermicompost and biochar on the growth and yield of green cabbage فعالية السماد الدودي والفحم الحيوي على نمو وإنتاجية الملفوف الأخضر Efficacité du vermicompost et du biochar sur la croissance et le rendement du chou vert Eficacia del vermicompost y el biochar en el crecimiento y rendimiento de la col verde,2021,Nabila S. Hassan,OpenAlex,Text,https://gresis.osc.int//doi/10.60692/nhb6z-t7x37,True,10.60692/nhb6z-t7x37,datacite,titles.title:biochar AND (titles.title:yield OR titles.title:emissions),TITLE_SCREEN_ONLY_NOT_FORMAL_EVIDENCE,False
datacite,titles.title:biochar AND (titles.title:yield OR titles.title:emissions),10.60692/bvp41-3jq81,Parametric study of corn cob biochar (CCBc) yield via microwave pyrolysis دراسة بارامترية لمحصول الفحم الحيوي لكوز الذرة (CCBc) عبر التحلل الحراري بالموجات الدقيقة Étude paramétrique du rendement en biocharbon d'épi de maïs (CCBc) par pyrolyse aux micro-ondes Estudio paramétrico del rendimiento de biocarbón de mazorca de maíz (CCBc) mediante pirólisis de microondas,2019,Kristine Iannah Lawas,OpenAlex,Text,https://gresis.osc.int//doi/10.60692/bvp41-3jq81,True,10.60692/bvp41-3jq81,datacite,titles.title:biochar AND (titles.title:yield OR titles.title:emissions),TITLE_SCREEN_ONLY_NOT_FORMAL_EVIDENCE,False
datacite,titles.title:biochar AND (titles.title:yield OR titles.title:emissions),10.60692/7amhb-2pt46,Parametric study of corn cob biochar (CCBc) yield via microwave pyrolysis دراسة بارامترية لمحصول الفحم الحيوي لكوز الذرة (CCBc) عبر التحلل الحراري بالموجات الدقيقة Étude paramétrique du rendement en biocharbon d'épi de maïs (CCBc) par pyrolyse aux micro-ondes Estudio paramétrico del rendimiento de biocarbón de mazorca de maíz (CCBc) mediante pirólisis de microondas,2019,Kristine Iannah Lawas,OpenAlex,Text,https://gresis.osc.int//doi/10.60692/7amhb-2pt46,True,10.60692/7amhb-2pt46,datacite,titles.title:biochar AND (titles.title:yield OR titles.title:emissions),TITLE_SCREEN_ONLY_NOT_FORMAL_EVIDENCE,False
datacite,titles.title:biochar AND (titles.title:yield OR titles.title:emissions),10.60692/en0w1-38w88,"Yield performance of Boro rice through integrated application of vermicompost, biochar and urea أداء إنتاجية أرز بورو من خلال التطبيق المتكامل للسماد الدودي والفحم الحيوي واليوريا Rendement du riz Boro grâce à l'application intégrée de vermicompost, de biochar et d'urée Rendimiento del arroz Boro a través de la aplicación integrada de vermicompost, biochar y urea",2020,A. A. Alvi,OpenAlex,Text,https://gresis.osc.int//doi/10.60692/en0w1-38w88,True,10.60692/en0w1-38w88,datacite,titles.title:biochar AND (titles.title:yield OR titles.title:emissions),TITLE_SCREEN_ONLY_NOT_FORMAL_EVIDENCE,False
datacite,titles.title:biochar AND (titles.title:yield OR titles.title:emissions),10.60692/xf1d2-65d93,"Yield performance of Boro rice through integrated application of vermicompost, biochar and urea أداء إنتاجية أرز بورو من خلال التطبيق المتكامل للسماد الدودي والفحم الحيوي واليوريا Rendement du riz Boro grâce à l'application intégrée de vermicompost, de biochar et d'urée Rendimiento del arroz Boro a través de la aplicación integrada de vermicompost, biochar y urea",2020,A. A. Alvi,OpenAlex,Text,https://gresis.osc.int//doi/10.60692/xf1d2-65d93,True,10.60692/xf1d2-65d93,datacite,titles.title:biochar AND (titles.title:yield OR titles.title:emissions),TITLE_SCREEN_ONLY_NOT_FORMAL_EVIDENCE,False
datacite,titles.title:biochar AND (titles.title:yield OR titles.title:emissions),10.60692/9vf1t-7w129,Co-application of biochar and compost with decreased N fertilizer reduced annual ammonia emissions in wetland rice التطبيق المشترك للفحم الحيوي والسماد مع انخفاض الأسمدة N يقلل من انبعاثات الأمونيا السنوية في أرز الأراضي الرطبة La co-application de biochar et de compost avec une diminution des engrais azotés a réduit les émissions annuelles d'ammoniac dans le riz des zones humides La aplicación conjunta de biocarbón y compost con una disminución del fertilizante de N redujo las emisiones anuales de amoníaco en el arroz de humedales,2023,Jannatul Ferdous,OpenAlex,Text,https://gresis.osc.int//doi/10.60692/9vf1t-7w129,True,10.60692/9vf1t-7w129,datacite,titles.title:biochar AND (titles.title:yield OR titles.title:emissions),TITLE_SCREEN_ONLY_NOT_FORMAL_EVIDENCE,False
datacite,titles.title:biochar AND (titles.title:yield OR titles.title:emissions),10.60692/vb16w-apn37,Co-application of biochar and compost with decreased N fertilizer reduced annual ammonia emissions in wetland rice التطبيق المشترك للفحم الحيوي والسماد مع انخفاض الأسمدة N يقلل من انبعاثات الأمونيا السنوية في أرز الأراضي الرطبة La co-application de biochar et de compost avec une diminution des engrais azotés a réduit les émissions annuelles d'ammoniac dans le riz des zones humides La aplicación conjunta de biocarbón y compost con una disminución del fertilizante de N redujo las emisiones anuales de amoníaco en el arroz de humedales,2023,Jannatul Ferdous,OpenAlex,Text,https://gresis.osc.int//doi/10.60692/vb16w-apn37,True,10.60692/vb16w-apn37,datacite,titles.title:biochar AND (titles.title:yield OR titles.title:emissions),TITLE_SCREEN_ONLY_NOT_FORMAL_EVIDENCE,False
datacite,titles.title:biochar AND (titles.title:yield OR titles.title:emissions),10.60692/f9z5x-74331,Maize grain yield responses to realistic biochar application rates on smallholder farms in Kenya استجابات محصول حبوب الذرة لمعدلات استخدام الفحم الحيوي الواقعية في مزارع أصحاب الحيازات الصغيرة في كينيا Réponses du rendement en grains de maïs à des taux d'application de biochar réalistes dans les petites exploitations agricoles au Kenya Respuestas de rendimiento de grano de maíz a tasas realistas de aplicación de biocarbón en pequeñas explotaciones agrícolas en Kenia,2022,Thomas Kätterer,OpenAlex,Text,https://gresis.osc.int//doi/10.60692/f9z5x-74331,True,10.60692/f9z5x-74331,datacite,titles.title:biochar AND (titles.title:yield OR titles.title:emissions),TITLE_SCREEN_ONLY_NOT_FORMAL_EVIDENCE,False
datacite,titles.title:biochar AND (titles.title:yield OR titles.title:emissions),10.60692/35m1v-tgp07,Maize grain yield responses to realistic biochar application rates on smallholder farms in Kenya استجابات محصول حبوب الذرة لمعدلات استخدام الفحم الحيوي الواقعية في مزارع أصحاب الحيازات الصغيرة في كينيا Réponses du rendement en grains de maïs à des taux d'application de biochar réalistes dans les petites exploitations agricoles au Kenya Respuestas de rendimiento de grano de maíz a tasas realistas de aplicación de biocarbón en pequeñas explotaciones agrícolas en Kenia,2022,Thomas Kätterer,OpenAlex,Text,https://gresis.osc.int//doi/10.60692/35m1v-tgp07,True,10.60692/35m1v-tgp07,datacite,titles.title:biochar AND (titles.title:yield OR titles.title:emissions),TITLE_SCREEN_ONLY_NOT_FORMAL_EVIDENCE,False
datacite,titles.title:biochar AND (titles.title:yield OR titles.title:emissions),10.60692/bejvy-djm12,"Combined Effect of Prickly Pear Waste Biochar and Azolla on Soil Fertility, Growth, and Yield of Roselle (Hibiscus sabdariffa L.) Plants التأثير المشترك للفحم الحيوي لنفايات الكمثرى الشائكة والأزولا على خصوبة التربة ونموها وإنتاجية نباتات الكركديه (الكركديه sabdariffa L.) Effet combiné du biochar des déchets de figues de Barbarie et de l'azolla sur la fertilité du sol, la croissance et le rendement des plantes Roselle (Hibiscus sabdariffa L.) Efecto combinado del biochar de desecho de tuna y Azolla en la fertilidad del suelo, el crecimiento y el rendimiento de las plantas de Roselle (Hibiscus sabdariffa L.)",2022,Hassan M. Al-Sayed,OpenAlex,Text,https://gresis.osc.int//doi/10.60692/bejvy-djm12,True,10.60692/bejvy-djm12,datacite,titles.title:biochar AND (titles.title:yield OR titles.title:emissions),TITLE_SCREEN_ONLY_NOT_FORMAL_EVIDENCE,False
datacite,titles.title:biochar AND (titles.title:yield OR titles.title:emissions),10.60692/jevpp-b4713,"Combined Effect of Prickly Pear Waste Biochar and Azolla on Soil Fertility, Growth, and Yield of Roselle (Hibiscus sabdariffa L.) Plants التأثير المشترك للفحم الحيوي لنفايات الكمثرى الشائكة والأزولا على خصوبة التربة ونموها وإنتاجية نباتات الكركديه (الكركديه sabdariffa L.) Effet combiné du biochar des déchets de figues de Barbarie et de l'azolla sur la fertilité du sol, la croissance et le rendement des plantes Roselle (Hibiscus sabdariffa L.) Efecto combinado del biochar de desecho de tuna y Azolla en la fertilidad del suelo, el crecimiento y el rendimiento de las plantas de Roselle (Hibiscus sabdariffa L.)",2022,Hassan M. Al-Sayed,OpenAlex,Text,https://gresis.osc.int//doi/10.60692/jevpp-b4713,True,10.60692/jevpp-b4713,datacite,titles.title:biochar AND (titles.title:yield OR titles.title:emissions),TITLE_SCREEN_ONLY_NOT_FORMAL_EVIDENCE,False
datacite,titles.title:biochar AND (titles.title:yield OR titles.title:emissions),10.60692/hpqw5-v3610,"Biochar Amendment Alleviates the Combined Effects of Salinity and Drought Stress on Water Productivity, Yield and Quality Traits of Sugar Beet (Beta vulgaris L.) يخفف تعديل الفحم الحيوي من الآثار المجتمعة للملوحة وإجهاد الجفاف على إنتاجية المياه وإنتاجيتها وسمات جودة بنجر السكر (بيتا فولغاريس إل.) L'amendement Biochar atténue les effets combinés de la salinité et du stress de la sécheresse sur la productivité de l'eau, le rendement et les caractéristiques de qualité de la betterave à sucre (Beta vulgaris L.) La enmienda al biocarbón alivia los efectos combinados de la salinidad y el estrés por sequía en la productividad del agua, el rendimiento y los rasgos de calidad de la remolacha azucarera (Beta vulgaris L.)",2024,Nasr M. Abdou,OpenAlex,Text,https://gresis.osc.int//doi/10.60692/hpqw5-v3610,True,10.60692/hpqw5-v3610,datacite,titles.title:biochar AND (titles.title:yield OR titles.title:emissions),TITLE_SCREEN_ONLY_NOT_FORMAL_EVIDENCE,False
datacite,titles.title:biochar AND (titles.title:yield OR titles.title:emissions),10.60692/5s337-7py32,"Biochar Amendment Alleviates the Combined Effects of Salinity and Drought Stress on Water Productivity, Yield and Quality Traits of Sugar Beet (Beta vulgaris L.) يخفف تعديل الفحم الحيوي من الآثار المجتمعة للملوحة وإجهاد الجفاف على إنتاجية المياه وإنتاجيتها وسمات جودة بنجر السكر (بيتا فولغاريس إل.) L'amendement Biochar atténue les effets combinés de la salinité et du stress de la sécheresse sur la productivité de l'eau, le rendement et les caractéristiques de qualité de la betterave à sucre (Beta vulgaris L.) La enmienda al biocarbón alivia los efectos combinados de la salinidad y el estrés por sequía en la productividad del agua, el rendimiento y los rasgos de calidad de la remolacha azucarera (Beta vulgaris L.)",2024,Nasr M. Abdou,OpenAlex,Text,https://gresis.osc.int//doi/10.60692/5s337-7py32,True,10.60692/5s337-7py32,datacite,titles.title:biochar AND (titles.title:yield OR titles.title:emissions),TITLE_SCREEN_ONLY_NOT_FORMAL_EVIDENCE,False
datacite,titles.title:biochar AND (titles.title:yield OR titles.title:emissions),10.60692/6bwhe-h7b52,Biochar from cookstoves reduces greenhouse gas emissions from smallholder farms in Africa الفحم الحيوي من مواقد الطهي يقلل من انبعاثات غازات الدفيئة من مزارع أصحاب الحيازات الصغيرة في أفريقيا Le biochar des cuisinières réduit les émissions de gaz à effet de serre des petites exploitations agricoles en Afrique El biochar de las estufas reduce las emisiones de gases de efecto invernadero de las pequeñas explotaciones agrícolas en África,2020,Cecilia Sundberg,OpenAlex,Text,https://gresis.osc.int//doi/10.60692/6bwhe-h7b52,True,10.60692/6bwhe-h7b52,datacite,titles.title:biochar AND (titles.title:yield OR titles.title:emissions),TITLE_SCREEN_ONLY_NOT_FORMAL_EVIDENCE,False
datacite,titles.title:biochar AND (titles.title:yield OR titles.title:emissions),10.60692/d5kaq-esc93,Biochar from cookstoves reduces greenhouse gas emissions from smallholder farms in Africa الفحم الحيوي من مواقد الطهي يقلل من انبعاثات غازات الدفيئة من مزارع أصحاب الحيازات الصغيرة في أفريقيا Le biochar des cuisinières réduit les émissions de gaz à effet de serre des petites exploitations agricoles en Afrique El biochar de las estufas reduce las emisiones de gases de efecto invernadero de las pequeñas explotaciones agrícolas en África,2020,Cecilia Sundberg,OpenAlex,Text,https://gresis.osc.int//doi/10.60692/d5kaq-esc93,True,10.60692/d5kaq-esc93,datacite,titles.title:biochar AND (titles.title:yield OR titles.title:emissions),TITLE_SCREEN_ONLY_NOT_FORMAL_EVIDENCE,False
datacite,titles.title:biochar AND (titles.title:yield OR titles.title:emissions),10.60692/brdm3-mjg30,Combined application of poultry litter biochar and NPK fertilizer improves cabbage yield and soil chemical properties يؤدي الاستخدام المشترك للفحم الحيوي لفضلات الدواجن وأسمدة NPK إلى تحسين إنتاجية الملفوف والخصائص الكيميائية للتربة L'application combinée de biochar de litière de volaille et d'engrais NPK améliore le rendement en choux et les propriétés chimiques du sol La aplicación combinada de biochar de arena de aves de corral y fertilizante NPK mejora el rendimiento del repollo y las propiedades químicas del suelo,2021,Patrick Ofori,OpenAlex,Text,https://gresis.osc.int//doi/10.60692/brdm3-mjg30,True,10.60692/brdm3-mjg30,datacite,titles.title:biochar AND (titles.title:yield OR titles.title:emissions),TITLE_SCREEN_ONLY_NOT_FORMAL_EVIDENCE,False
datacite,titles.title:biochar AND (titles.title:yield OR titles.title:emissions),10.60692/mevcy-6gv95,Combined application of poultry litter biochar and NPK fertilizer improves cabbage yield and soil chemical properties يؤدي الاستخدام المشترك للفحم الحيوي لفضلات الدواجن وأسمدة NPK إلى تحسين إنتاجية الملفوف والخصائص الكيميائية للتربة L'application combinée de biochar de litière de volaille et d'engrais NPK améliore le rendement en choux et les propriétés chimiques du sol La aplicación combinada de biochar de arena de aves de corral y fertilizante NPK mejora el rendimiento del repollo y las propiedades químicas del suelo,2021,Patrick Ofori,OpenAlex,Text,https://gresis.osc.int//doi/10.60692/mevcy-6gv95,True,10.60692/mevcy-6gv95,datacite,titles.title:biochar AND (titles.title:yield OR titles.title:emissions),TITLE_SCREEN_ONLY_NOT_FORMAL_EVIDENCE,False
datacite,titles.title:biochar AND (titles.title:yield OR titles.title:emissions),10.60692/v2zn0-92w29,"Method of biochar application affects growth, yield and nutrient uptake of cowpea تؤثر طريقة استخدام الفحم الحيوي على نمو اللوبيا وإنتاجيتها وامتصاصها للمغذيات La méthode d'application du biochar affecte la croissance, le rendement et l'absorption des nutriments du niébé El método de aplicación del biochar afecta el crecimiento, el rendimiento y la absorción de nutrientes del caupí",2020,Edward Yeboah,OpenAlex,Text,https://gresis.osc.int//doi/10.60692/v2zn0-92w29,True,10.60692/v2zn0-92w29,datacite,titles.title:biochar AND (titles.title:yield OR titles.title:emissions),TITLE_SCREEN_ONLY_NOT_FORMAL_EVIDENCE,False
datacite,titles.title:biochar AND (titles.title:yield OR titles.title:emissions),10.60692/wcq1c-z3d06,"Method of biochar application affects growth, yield and nutrient uptake of cowpea تؤثر طريقة استخدام الفحم الحيوي على نمو اللوبيا وإنتاجيتها وامتصاصها للمغذيات La méthode d'application du biochar affecte la croissance, le rendement et l'absorption des nutriments du niébé El método de aplicación del biochar afecta el crecimiento, el rendimiento y la absorción de nutrientes del caupí",2020,Edward Yeboah,OpenAlex,Text,https://gresis.osc.int//doi/10.60692/wcq1c-z3d06,True,10.60692/wcq1c-z3d06,datacite,titles.title:biochar AND (titles.title:yield OR titles.title:emissions),TITLE_SCREEN_ONLY_NOT_FORMAL_EVIDENCE,False
datacite,titles.title:biochar AND (titles.title:yield OR titles.title:emissions),10.60692/jtnzy-cv687,"Biochar and/or Compost Applications Improve Soil Properties, Growth, and Yield of Maize Grown in Acidic Rainforest and Coastal Savannah Soils in Ghana تعمل تطبيقات الفحم الحيوي و/أو السماد على تحسين خصائص التربة ونمو ومحصول الذرة المزروعة في الغابات المطيرة الحمضية وتربة السافانا الساحلية في غانا Les applications de biochar et/ou de compost améliorent les propriétés du sol, la croissance et le rendement du maïs cultivé dans les sols des forêts tropicales acides et des savanes côtières au Ghana Las aplicaciones de biocarbón y/o compost mejoran las propiedades del suelo, el crecimiento y el rendimiento del maíz cultivado en la selva ácida y los suelos de sabana costera en Ghana",2018,Albert Kobina Mensah,OpenAlex,Text,https://gresis.osc.int//doi/10.60692/jtnzy-cv687,True,10.60692/jtnzy-cv687,datacite,titles.title:biochar AND (titles.title:yield OR titles.title:emissions),TITLE_SCREEN_ONLY_NOT_FORMAL_EVIDENCE,False
datacite,titles.title:biochar AND (titles.title:yield OR titles.title:emissions),10.60692/chr1v-v3e56,"Biochar and/or Compost Applications Improve Soil Properties, Growth, and Yield of Maize Grown in Acidic Rainforest and Coastal Savannah Soils in Ghana تعمل تطبيقات الفحم الحيوي و/أو السماد على تحسين خصائص التربة ونمو ومحصول الذرة المزروعة في الغابات المطيرة الحمضية وتربة السافانا الساحلية في غانا Les applications de biochar et/ou de compost améliorent les propriétés du sol, la croissance et le rendement du maïs cultivé dans les sols des forêts tropicales acides et des savanes côtières au Ghana Las aplicaciones de biocarbón y/o compost mejoran las propiedades del suelo, el crecimiento y el rendimiento del maíz cultivado en la selva ácida y los suelos de sabana costera en Ghana",2018,Albert Kobina Mensah,OpenAlex,Text,https://gresis.osc.int//doi/10.60692/chr1v-v3e56,True,10.60692/chr1v-v3e56,datacite,titles.title:biochar AND (titles.title:yield OR titles.title:emissions),TITLE_SCREEN_ONLY_NOT_FORMAL_EVIDENCE,False
datacite,titles.title:biochar AND (titles.title:yield OR titles.title:emissions),10.60692/2cfs1-nmk81,"Organic Radish Yield, Economics and Soil Properties as Affected by Biochar in Subtropical Inceptisol محصول الفجل العضوي والاقتصاد وخصائص التربة حسب تأثرها بالفحم الحيوي في إنسبتيسول شبه استوائي Rendement, économie et propriétés du sol du radis biologique affectés par le biochar dans l'inceptisol subtropical Rendimiento de rábano orgánico, economía y propiedades del suelo afectadas por el biocarbón en el inceptisol subtropical",2022,Jasiya Nazir,OpenAlex,Text,https://gresis.osc.int//doi/10.60692/2cfs1-nmk81,True,10.60692/2cfs1-nmk81,datacite,titles.title:biochar AND (titles.title:yield OR titles.title:emissions),TITLE_SCREEN_ONLY_NOT_FORMAL_EVIDENCE,False
datacite,titles.title:biochar AND (titles.title:yield OR titles.title:emissions),10.60692/tx0nv-pbh23,"Organic Radish Yield, Economics and Soil Properties as Affected by Biochar in Subtropical Inceptisol محصول الفجل العضوي والاقتصاد وخصائص التربة حسب تأثرها بالفحم الحيوي في إنسبتيسول شبه استوائي Rendement, économie et propriétés du sol du radis biologique affectés par le biochar dans l'inceptisol subtropical Rendimiento de rábano orgánico, economía y propiedades del suelo afectadas por el biocarbón en el inceptisol subtropical",2022,Jasiya Nazir,OpenAlex,Text,https://gresis.osc.int//doi/10.60692/tx0nv-pbh23,True,10.60692/tx0nv-pbh23,datacite,titles.title:biochar AND (titles.title:yield OR titles.title:emissions),TITLE_SCREEN_ONLY_NOT_FORMAL_EVIDENCE,False
datacite,titles.title:biochar AND (titles.title:yield OR titles.title:emissions),10.60692/0kx9y-npx68,Modified split application of nitrogen with biochar improved grain yield and nitrogen use efficiency in rainfed maize grown in Vertisols of India تطبيق الانقسام المعدل للنيتروجين مع تحسين إنتاجية الحبوب من الفحم الحيوي وكفاءة استخدام النيتروجين في الذرة البعلية المزروعة في Vertisols في الهند Application fractionnée modifiée d'azote avec un rendement céréalier amélioré en biochar et une efficacité d'utilisation de l'azote dans le maïs pluvial cultivé à Vertisols en Inde La aplicación dividida modificada de nitrógeno con biochar mejoró el rendimiento del grano y la eficiencia del uso de nitrógeno en el maíz de secano cultivado en Vertisols de la India,2020,B. P. Meena,OpenAlex,Text,https://gresis.osc.int//doi/10.60692/0kx9y-npx68,True,10.60692/0kx9y-npx68,datacite,titles.title:biochar AND (titles.title:yield OR titles.title:emissions),TITLE_SCREEN_ONLY_NOT_FORMAL_EVIDENCE,False
datacite,titles.title:biochar AND (titles.title:yield OR titles.title:emissions),10.60692/sx3y8-t7f17,Modified split application of nitrogen with biochar improved grain yield and nitrogen use efficiency in rainfed maize grown in Vertisols of India تطبيق الانقسام المعدل للنيتروجين مع تحسين إنتاجية الحبوب من الفحم الحيوي وكفاءة استخدام النيتروجين في الذرة البعلية المزروعة في Vertisols في الهند Application fractionnée modifiée d'azote avec un rendement céréalier amélioré en biochar et une efficacité d'utilisation de l'azote dans le maïs pluvial cultivé à Vertisols en Inde La aplicación dividida modificada de nitrógeno con biochar mejoró el rendimiento del grano y la eficiencia del uso de nitrógeno en el maíz de secano cultivado en Vertisols de la India,2020,B. P. Meena,OpenAlex,Text,https://gresis.osc.int//doi/10.60692/sx3y8-t7f17,True,10.60692/sx3y8-t7f17,datacite,titles.title:biochar AND (titles.title:yield OR titles.title:emissions),TITLE_SCREEN_ONLY_NOT_FORMAL_EVIDENCE,False
datacite,titles.title:biochar AND (titles.title:yield OR titles.title:emissions),10.60692/01c1y-cvk87,Improved Adaptive Neuro-Fuzzy Inference System Using Gray Wolf Optimization: A Case Study in Predicting Biochar Yield تحسين نظام الاستدلال العصبي الضبابي التكيفي باستخدام تحسين الذئب الرمادي: دراسة حالة في التنبؤ بمحصول الفحم الحيوي Système d'inférence neuro-flou adaptatif amélioré utilisant l'optimisation du loup gris : une étude de cas pour prédire le rendement du biochar Sistema de inferencia adaptativa neurofuzzy mejorado mediante la optimización de lobo gris: un estudio de caso para predecir el rendimiento de biochar,2018,Ahmed A. Ewees,OpenAlex,Text,https://gresis.osc.int//doi/10.60692/01c1y-cvk87,True,10.60692/01c1y-cvk87,datacite,titles.title:biochar AND (titles.title:yield OR titles.title:emissions),TITLE_SCREEN_ONLY_NOT_FORMAL_EVIDENCE,False
datacite,titles.title:biochar AND (titles.title:yield OR titles.title:emissions),10.60692/nhz78-2ea36,Improved Adaptive Neuro-Fuzzy Inference System Using Gray Wolf Optimization: A Case Study in Predicting Biochar Yield تحسين نظام الاستدلال العصبي الضبابي التكيفي باستخدام تحسين الذئب الرمادي: دراسة حالة في التنبؤ بمحصول الفحم الحيوي Système d'inférence neuro-flou adaptatif amélioré utilisant l'optimisation du loup gris : une étude de cas pour prédire le rendement du biochar Sistema de inferencia adaptativa neurofuzzy mejorado mediante la optimización de lobo gris: un estudio de caso para predecir el rendimiento de biochar,2018,Ahmed A. Ewees,OpenAlex,Text,https://gresis.osc.int//doi/10.60692/nhz78-2ea36,True,10.60692/nhz78-2ea36,datacite,titles.title:biochar AND (titles.title:yield OR titles.title:emissions),TITLE_SCREEN_ONLY_NOT_FORMAL_EVIDENCE,False
datacite,titles.title:biochar AND (titles.title:yield OR titles.title:emissions),10.60692/krw2s-rt528,Biochar and urease inhibitor mitigate NH3 and N2O emissions and improve wheat yield in a urea fertilized alkaline soil يخفف مثبط الفحم الحيوي واليورياز من انبعاثات أكسيد النيتروز وأكسيد النيتروز ويحسن غلة القمح في التربة القلوية المخصبة باليوريا Le biochar et les inhibiteurs d'uréase atténuent les émissions de NH3 et de N2O et améliorent le rendement du blé dans un sol alcalin fertilisé à l'urée El biocarbón y el inhibidor de la ureasa mitigan las emisiones de NH3 y N2O y mejoran el rendimiento del trigo en un suelo alcalino fertilizado con urea,2021,Khadim Dawar,OpenAlex,Text,https://gresis.osc.int//doi/10.60692/krw2s-rt528,True,10.60692/krw2s-rt528,datacite,titles.title:biochar AND (titles.title:yield OR titles.title:emissions),TITLE_SCREEN_ONLY_NOT_FORMAL_EVIDENCE,False
datacite,titles.title:biochar AND (titles.title:yield OR titles.title:emissions),10.60692/hagtk-0p248,Biochar and urease inhibitor mitigate NH3 and N2O emissions and improve wheat yield in a urea fertilized alkaline soil يخفف مثبط الفحم الحيوي واليورياز من انبعاثات أكسيد النيتروز وأكسيد النيتروز ويحسن غلة القمح في التربة القلوية المخصبة باليوريا Le biochar et les inhibiteurs d'uréase atténuent les émissions de NH3 et de N2O et améliorent le rendement du blé dans un sol alcalin fertilisé à l'urée El biocarbón y el inhibidor de la ureasa mitigan las emisiones de NH3 y N2O y mejoran el rendimiento del trigo en un suelo alcalino fertilizado con urea,2021,Khadim Dawar,OpenAlex,Text,https://gresis.osc.int//doi/10.60692/hagtk-0p248,True,10.60692/hagtk-0p248,datacite,titles.title:biochar AND (titles.title:yield OR titles.title:emissions),TITLE_SCREEN_ONLY_NOT_FORMAL_EVIDENCE,False
datacite,titles.title:biochar AND (titles.title:yield OR titles.title:emissions),10.60692/s127e-x4x80,Review of Large-Scale Biochar Field-Trials for Soil Amendment and the Observed Influences on Crop Yield Variations مراجعة التجارب الميدانية للفحم الحيوي على نطاق واسع لتعديل التربة والتأثيرات الملحوظة على تغيرات غلة المحاصيل Examen des essais sur le terrain de biochar à grande échelle pour l'amendement du sol et des influences observées sur les variations du rendement des cultures Revisión de ensayos de campo de biochar a gran escala para la enmienda del suelo y las influencias observadas en las variaciones del rendimiento de los cultivos,2021,Vandit Vijay,OpenAlex,Text,https://gresis.osc.int//doi/10.60692/s127e-x4x80,True,10.60692/s127e-x4x80,datacite,titles.title:biochar AND (titles.title:yield OR titles.title:emissions),TITLE_SCREEN_ONLY_NOT_FORMAL_EVIDENCE,False
datacite,titles.title:biochar AND (titles.title:yield OR titles.title:emissions),10.60692/1gtcd-r2832,Review of Large-Scale Biochar Field-Trials for Soil Amendment and the Observed Influences on Crop Yield Variations مراجعة التجارب الميدانية للفحم الحيوي على نطاق واسع لتعديل التربة والتأثيرات الملحوظة على تغيرات غلة المحاصيل Examen des essais sur le terrain de biochar à grande échelle pour l'amendement du sol et des influences observées sur les variations du rendement des cultures Revisión de ensayos de campo de biochar a gran escala para la enmienda del suelo y las influencias observadas en las variaciones del rendimiento de los cultivos,2021,Vandit Vijay,OpenAlex,Text,https://gresis.osc.int//doi/10.60692/1gtcd-r2832,True,10.60692/1gtcd-r2832,datacite,titles.title:biochar AND (titles.title:yield OR titles.title:emissions),TITLE_SCREEN_ONLY_NOT_FORMAL_EVIDENCE,False
datacite,titles.title:biochar AND (titles.title:yield OR titles.title:emissions),10.60692/pqha9-09322,"Response of Garlic (Allium sativum L.) Yield to Combined Biochar, Lime, and Inorganic-Fertilizer Rates in the Case of Gimbi District, Western Ethiopia استجابة الثوم (الثوم الساتيفوم L.) العائد لمعدلات الفحم الحيوي والليمون والأسمدة غير العضوية مجتمعة في حالة مقاطعة جيمبي، غرب إثيوبيا Réponse de l'ail (Allium sativum L.) aux taux combinés de biochar, de chaux et d'engrais inorganiques dans le cas du district de Gimbi, dans l'ouest de l'Éthiopie Respuesta del rendimiento de ajo (Allium sativum L.) a las tasas combinadas de biochar, lima y fertilizante inorgánico en el caso del distrito de Gimbi, Etiopía occidental",2024,Solomon Abeba Kenea,OpenAlex,Text,https://gresis.osc.int//doi/10.60692/pqha9-09322,True,10.60692/pqha9-09322,datacite,titles.title:biochar AND (titles.title:yield OR titles.title:emissions),TITLE_SCREEN_ONLY_NOT_FORMAL_EVIDENCE,False
datacite,titles.title:biochar AND (titles.title:yield OR titles.title:emissions),10.60692/3jqx7-7hn42,"Response of Garlic (Allium sativum L.) Yield to Combined Biochar, Lime, and Inorganic-Fertilizer Rates in the Case of Gimbi District, Western Ethiopia استجابة الثوم (الثوم الساتيفوم L.) العائد لمعدلات الفحم الحيوي والليمون والأسمدة غير العضوية مجتمعة في حالة مقاطعة جيمبي، غرب إثيوبيا Réponse de l'ail (Allium sativum L.) aux taux combinés de biochar, de chaux et d'engrais inorganiques dans le cas du district de Gimbi, dans l'ouest de l'Éthiopie Respuesta del rendimiento de ajo (Allium sativum L.) a las tasas combinadas de biochar, lima y fertilizante inorgánico en el caso del distrito de Gimbi, Etiopía occidental",2024,Solomon Abeba Kenea,OpenAlex,Text,https://gresis.osc.int//doi/10.60692/3jqx7-7hn42,True,10.60692/3jqx7-7hn42,datacite,titles.title:biochar AND (titles.title:yield OR titles.title:emissions),TITLE_SCREEN_ONLY_NOT_FORMAL_EVIDENCE,False
datacite,titles.title:biochar AND (titles.title:yield OR titles.title:emissions),10.60692/3nw99-c1547,Biochar addition reduces non‐CO 2 greenhouse gas emissions during composting of human excreta and cattle manure تقلل إضافة الفحم الحيوي من انبعاثات  غازات الدفيئة غير ثاني أكسيد الكربون أثناء تسميد فضلات الإنسان وسماد الماشية L'ajout de biochar réduit les émissions de gaz à effet de serre autres que le CO 2 lors du compostage des excréments humains et du fumier de bétail La adición de biocarbón reduce las emisiones de gases de efecto invernadero no CO 2 durante el compostaje de excrementos humanos y estiércol de ganado,2023,Daniela Castro‐Herrera,OpenAlex,Text,https://gresis.osc.int//doi/10.60692/3nw99-c1547,True,10.60692/3nw99-c1547,datacite,titles.title:biochar AND (titles.title:yield OR titles.title:emissions),TITLE_SCREEN_ONLY_NOT_FORMAL_EVIDENCE,False
datacite,titles.title:biochar AND (titles.title:yield OR titles.title:emissions),10.60692/h04ce-7rt35,Biochar addition reduces non‐CO 2 greenhouse gas emissions during composting of human excreta and cattle manure تقلل إضافة الفحم الحيوي من انبعاثات  غازات الدفيئة غير ثاني أكسيد الكربون أثناء تسميد فضلات الإنسان وسماد الماشية L'ajout de biochar réduit les émissions de gaz à effet de serre autres que le CO 2 lors du compostage des excréments humains et du fumier de bétail La adición de biocarbón reduce las emisiones de gases de efecto invernadero no CO 2 durante el compostaje de excrementos humanos y estiércol de ganado,2023,Daniela Castro‐Herrera,OpenAlex,Text,https://gresis.osc.int//doi/10.60692/h04ce-7rt35,True,10.60692/h04ce-7rt35,datacite,titles.title:biochar AND (titles.title:yield OR titles.title:emissions),TITLE_SCREEN_ONLY_NOT_FORMAL_EVIDENCE,False
datacite,titles.title:biochar AND (titles.title:yield OR titles.title:emissions),10.60692/wes5q-k4g47,Effect of biochar derived from faecal matter on yield and nutrient content of lettuce (Lactuca sativa) in two contrasting soils تأثير الفحم الحيوي المشتق من البراز على الغلة والمحتوى الغذائي للخس (لاكتوكا ساتيفا) في تربتين متباينتين Effet du biochar dérivé des matières fécales sur le rendement et la teneur en nutriments de la laitue (Lactuca sativa) dans deux sols contrastés Efecto del biochar derivado de la materia fecal sobre el rendimiento y el contenido de nutrientes de la lechuga (Lactuca sativa) en dos suelos contrastantes,2017,Desta Woldetsadik,OpenAlex,Text,https://gresis.osc.int//doi/10.60692/wes5q-k4g47,True,10.60692/wes5q-k4g47,datacite,titles.title:biochar AND (titles.title:yield OR titles.title:emissions),TITLE_SCREEN_ONLY_NOT_FORMAL_EVIDENCE,False
datacite,titles.title:biochar AND (titles.title:yield OR titles.title:emissions),10.60692/0ks9z-45f64,Effect of biochar derived from faecal matter on yield and nutrient content of lettuce (Lactuca sativa) in two contrasting soils تأثير الفحم الحيوي المشتق من البراز على الغلة والمحتوى الغذائي للخس (لاكتوكا ساتيفا) في تربتين متباينتين Effet du biochar dérivé des matières fécales sur le rendement et la teneur en nutriments de la laitue (Lactuca sativa) dans deux sols contrastés Efecto del biochar derivado de la materia fecal sobre el rendimiento y el contenido de nutrientes de la lechuga (Lactuca sativa) en dos suelos contrastantes,2017,Desta Woldetsadik,OpenAlex,Text,https://gresis.osc.int//doi/10.60692/0ks9z-45f64,True,10.60692/0ks9z-45f64,datacite,titles.title:biochar AND (titles.title:yield OR titles.title:emissions),TITLE_SCREEN_ONLY_NOT_FORMAL_EVIDENCE,False
datacite,titles.title:biochar AND (titles.title:yield OR titles.title:emissions),10.60692/4z8yr-hpa53,The Role of Biochar on Acid Soil Reclamation and Yield of Teff (Eragrostis tef [Zucc] Trotter) in Northwestern Ethiopia دور الفحم الحيوي في استصلاح التربة الحمضية وإنتاجية التيف (Eragrostis tef [Zucc] Trotter) في شمال غرب إثيوبيا Le rôle du biochar sur la récupération des sols acides et le rendement du teff (Eragrostis tef [Zucc] Trotter) dans le nord-ouest de l'Éthiopie El papel del biocarbón en la recuperación de suelos ácidos y el rendimiento de teff (Eragrostis tef [Zucc] Trotter) en el noroeste de Etiopía,2013,Anteneh Abewa,OpenAlex,Text,https://gresis.osc.int//doi/10.60692/4z8yr-hpa53,True,10.60692/4z8yr-hpa53,datacite,titles.title:biochar AND (titles.title:yield OR titles.title:emissions),TITLE_SCREEN_ONLY_NOT_FORMAL_EVIDENCE,False
datacite,titles.title:biochar AND (titles.title:yield OR titles.title:emissions),10.60692/xb21x-5hk94,The Role of Biochar on Acid Soil Reclamation and Yield of Teff (Eragrostis tef [Zucc] Trotter) in Northwestern Ethiopia دور الفحم الحيوي في استصلاح التربة الحمضية وإنتاجية التيف (Eragrostis tef [Zucc] Trotter) في شمال غرب إثيوبيا Le rôle du biochar sur la récupération des sols acides et le rendement du teff (Eragrostis tef [Zucc] Trotter) dans le nord-ouest de l'Éthiopie El papel del biocarbón en la recuperación de suelos ácidos y el rendimiento de teff (Eragrostis tef [Zucc] Trotter) en el noroeste de Etiopía,2013,Anteneh Abewa,OpenAlex,Text,https://gresis.osc.int//doi/10.60692/xb21x-5hk94,True,10.60692/xb21x-5hk94,datacite,titles.title:biochar AND (titles.title:yield OR titles.title:emissions),TITLE_SCREEN_ONLY_NOT_FORMAL_EVIDENCE,False
datacite,titles.title:biochar AND (titles.title:yield OR titles.title:emissions),10.60692/8gpax-2we55,"Biochar and organic fertilizer amendments improved soil microbial biomass, soil quality, and wheat yield of saline-alkali soils in a three-year field trial أدت تعديلات الفحم الحيوي والأسمدة العضوية إلى تحسين الكتلة الحيوية الميكروبية للتربة وجودة التربة ومحصول القمح للتربة المالحة القلوية في تجربة ميدانية مدتها ثلاث سنوات Les amendements de biochar et d'engrais organiques ont amélioré la biomasse microbienne du sol, la qualité du sol et le rendement en blé des sols salins-alcalins lors d'un essai sur le terrain de trois ans Las enmiendas al biocarbón y los fertilizantes orgánicos mejoraron la biomasa microbiana del suelo, la calidad del suelo y el rendimiento de trigo de los suelos alcalinos salinos en una prueba de campo de tres años",2022,shibin Wang,OpenAlex,Text,https://gresis.osc.int//doi/10.60692/8gpax-2we55,True,10.60692/8gpax-2we55,datacite,titles.title:biochar AND (titles.title:yield OR titles.title:emissions),TITLE_SCREEN_ONLY_NOT_FORMAL_EVIDENCE,False
datacite,titles.title:biochar AND (titles.title:yield OR titles.title:emissions),10.60692/gd9sg-ccm46,"Biochar and organic fertilizer amendments improved soil microbial biomass, soil quality, and wheat yield of saline-alkali soils in a three-year field trial أدت تعديلات الفحم الحيوي والأسمدة العضوية إلى تحسين الكتلة الحيوية الميكروبية للتربة وجودة التربة ومحصول القمح للتربة المالحة القلوية في تجربة ميدانية مدتها ثلاث سنوات Les amendements de biochar et d'engrais organiques ont amélioré la biomasse microbienne du sol, la qualité du sol et le rendement en blé des sols salins-alcalins lors d'un essai sur le terrain de trois ans Las enmiendas al biocarbón y los fertilizantes orgánicos mejoraron la biomasa microbiana del suelo, la calidad del suelo y el rendimiento de trigo de los suelos alcalinos salinos en una prueba de campo de tres años",2022,shibin Wang,OpenAlex,Text,https://gresis.osc.int//doi/10.60692/gd9sg-ccm46,True,10.60692/gd9sg-ccm46,datacite,titles.title:biochar AND (titles.title:yield OR titles.title:emissions),TITLE_SCREEN_ONLY_NOT_FORMAL_EVIDENCE,False
datacite,titles.title:biochar AND (titles.title:yield OR titles.title:emissions),10.60692/ytdre-n2851,Effects of biochar and arbuscular mycorrhizal fungi on winter wheat growth and soil N2O emissions in different phosphorus environments تأثيرات الفحم الحيوي والفطريات الجذرية الشجرية على نمو القمح الشتوي وانبعاثات أكسيد النيتروز في التربة في بيئات الفوسفور المختلفة Effets du biochar et des champignons mycorhiziens arbusculaires sur la croissance du blé d'hiver et les émissions de N2O dans le sol dans différents environnements phosphorés Efectos del biochar y los hongos micorrízicos arbusculares en el crecimiento del trigo de invierno y las emisiones de N2O del suelo en diferentes entornos de fósforo,2022,Zhiqiang Hao,OpenAlex,Text,https://gresis.osc.int//doi/10.60692/ytdre-n2851,True,10.60692/ytdre-n2851,datacite,titles.title:biochar AND (titles.title:yield OR titles.title:emissions),TITLE_SCREEN_ONLY_NOT_FORMAL_EVIDENCE,False
datacite,titles.title:biochar AND (titles.title:yield OR titles.title:emissions),10.60692/yp5bf-7h666,Effects of biochar and arbuscular mycorrhizal fungi on winter wheat growth and soil N2O emissions in different phosphorus environments تأثيرات الفحم الحيوي والفطريات الجذرية الشجرية على نمو القمح الشتوي وانبعاثات أكسيد النيتروز في التربة في بيئات الفوسفور المختلفة Effets du biochar et des champignons mycorhiziens arbusculaires sur la croissance du blé d'hiver et les émissions de N2O dans le sol dans différents environnements phosphorés Efectos del biochar y los hongos micorrízicos arbusculares en el crecimiento del trigo de invierno y las emisiones de N2O del suelo en diferentes entornos de fósforo,2022,Zhiqiang Hao,OpenAlex,Text,https://gresis.osc.int//doi/10.60692/yp5bf-7h666,True,10.60692/yp5bf-7h666,datacite,titles.title:biochar AND (titles.title:yield OR titles.title:emissions),TITLE_SCREEN_ONLY_NOT_FORMAL_EVIDENCE,False
datacite,titles.title:biochar AND (titles.title:yield OR titles.title:emissions),10.60692/shqzx-nzd80,The legacy effect of biochar application on soil nitrous oxide emissions التأثير القديم لتطبيق الفحم الحيوي على انبعاثات أكسيد النيتروز في التربة L'effet hérité de l'application de biochar sur les émissions d'oxyde nitreux du sol El efecto heredado de la aplicación de biocarbón en las emisiones de óxido nitroso del suelo,2022,Shumin Guo,OpenAlex,Text,https://gresis.osc.int//doi/10.60692/shqzx-nzd80,True,10.60692/shqzx-nzd80,datacite,titles.title:biochar AND (titles.title:yield OR titles.title:emissions),TITLE_SCREEN_ONLY_NOT_FORMAL_EVIDENCE,False
datacite,titles.title:biochar AND (titles.title:yield OR titles.title:emissions),10.60692/kgcms-gat65,The legacy effect of biochar application on soil nitrous oxide emissions التأثير القديم لتطبيق الفحم الحيوي على انبعاثات أكسيد النيتروز في التربة L'effet hérité de l'application de biochar sur les émissions d'oxyde nitreux du sol El efecto heredado de la aplicación de biocarbón en las emisiones de óxido nitroso del suelo,2022,Shumin Guo,OpenAlex,Text,https://gresis.osc.int//doi/10.60692/kgcms-gat65,True,10.60692/kgcms-gat65,datacite,titles.title:biochar AND (titles.title:yield OR titles.title:emissions),TITLE_SCREEN_ONLY_NOT_FORMAL_EVIDENCE,False
datacite,titles.title:biochar AND (titles.title:yield OR titles.title:emissions),10.60692/hy37b-3x046,Biochar and nitrogen fertilizer promote rice yield by altering soil enzyme activity and microbial community structure يعزز الفحم الحيوي والأسمدة النيتروجينية محصول الأرز عن طريق تغيير نشاط إنزيم التربة وهيكل المجتمع الميكروبي Le biochar et les engrais azotés favorisent le rendement du riz en modifiant l'activité enzymatique du sol et la structure de la communauté microbienne El biocarbón y el fertilizante nitrogenado promueven el rendimiento del arroz al alterar la actividad enzimática del suelo y la estructura de la comunidad microbiana,2022,Jichao Sun,OpenAlex,Text,https://gresis.osc.int//doi/10.60692/hy37b-3x046,True,10.60692/hy37b-3x046,datacite,titles.title:biochar AND (titles.title:yield OR titles.title:emissions),TITLE_SCREEN_ONLY_NOT_FORMAL_EVIDENCE,False
datacite,titles.title:biochar AND (titles.title:yield OR titles.title:emissions),10.60692/ycawe-r8d76,Biochar and nitrogen fertilizer promote rice yield by altering soil enzyme activity and microbial community structure يعزز الفحم الحيوي والأسمدة النيتروجينية محصول الأرز عن طريق تغيير نشاط إنزيم التربة وهيكل المجتمع الميكروبي Le biochar et les engrais azotés favorisent le rendement du riz en modifiant l'activité enzymatique du sol et la structure de la communauté microbienne El biocarbón y el fertilizante nitrogenado promueven el rendimiento del arroz al alterar la actividad enzimática del suelo y la estructura de la comunidad microbiana,2022,Jichao Sun,OpenAlex,Text,https://gresis.osc.int//doi/10.60692/ycawe-r8d76,True,10.60692/ycawe-r8d76,datacite,titles.title:biochar AND (titles.title:yield OR titles.title:emissions),TITLE_SCREEN_ONLY_NOT_FORMAL_EVIDENCE,False
datacite,titles.title:biochar AND (titles.title:yield OR titles.title:emissions),10.60692/09p12-cs711,"A global dataset of biochar application effects on crop yield, soil properties, and greenhouse gas emissions مجموعة بيانات عالمية لتأثيرات استخدام الفحم الحيوي على غلة المحاصيل وخصائص التربة وانبعاثات غازات الدفيئة Un ensemble de données mondiales sur les effets de l'application du biochar sur le rendement des cultures, les propriétés du sol et les émissions de gaz à effet de serre Un conjunto de datos global de los efectos de la aplicación de biocarbón en el rendimiento de los cultivos, las propiedades del suelo y las emisiones de gases de efecto invernadero",2024,Xin Li,OpenAlex,Text,https://gresis.osc.int//doi/10.60692/09p12-cs711,True,10.60692/09p12-cs711,datacite,titles.title:biochar AND (titles.title:yield OR titles.title:emissions),TITLE_SCREEN_ONLY_NOT_FORMAL_EVIDENCE,False
datacite,titles.title:biochar AND (titles.title:yield OR titles.title:emissions),10.60692/pqdy6-wy984,"A global dataset of biochar application effects on crop yield, soil properties, and greenhouse gas emissions مجموعة بيانات عالمية لتأثيرات استخدام الفحم الحيوي على غلة المحاصيل وخصائص التربة وانبعاثات غازات الدفيئة Un ensemble de données mondiales sur les effets de l'application du biochar sur le rendement des cultures, les propriétés du sol et les émissions de gaz à effet de serre Un conjunto de datos global de los efectos de la aplicación de biocarbón en el rendimiento de los cultivos, las propiedades del suelo y las emisiones de gases de efecto invernadero",2024,Xin Li,OpenAlex,Text,https://gresis.osc.int//doi/10.60692/pqdy6-wy984,True,10.60692/pqdy6-wy984,datacite,titles.title:biochar AND (titles.title:yield OR titles.title:emissions),TITLE_SCREEN_ONLY_NOT_FORMAL_EVIDENCE,False
datacite,titles.title:biochar AND (titles.title:yield OR titles.title:emissions),10.5281/zenodo.11356035,"Synergistic effect of salicylic acid and biochar on biochemical properties, yield and nutrient uptake of triticale under water stress",2024,"Khajepour Tadvani, Hesameddin",Zenodo,Dataset,https://zenodo.org/doi/10.5281/zenodo.11356035,True,10.5281/zenodo.11356035,datacite,titles.title:biochar AND (titles.title:yield OR titles.title:emissions),TITLE_SCREEN_ONLY_NOT_FORMAL_EVIDENCE,False
datacite,titles.title:biochar AND (titles.title:yield OR titles.title:emissions),10.60692/tzmdh-nj254,Impact of biochar and lignite‐based amendments on microbial communities and greenhouse gas emissions from agricultural soil تأثير التعديلات القائمة على الفحم الحيوي والليجنيت على المجتمعات الميكروبية وانبعاثات غازات الدفيئة من التربة الزراعية Impact des amendements basés sur le biochar et le lignite sur les communautés microbiennes et les émissions de gaz à effet de serre des sols agricoles Impacto de las enmiendas basadasen biocarbón y lignito en las comunidades microbianas y las emisiones de gases de efecto invernadero del suelo agrícola,2021,Changjian Li,OpenAlex,Text,https://gresis.osc.int//doi/10.60692/tzmdh-nj254,True,10.60692/tzmdh-nj254,datacite,titles.title:biochar AND (titles.title:yield OR titles.title:emissions),TITLE_SCREEN_ONLY_NOT_FORMAL_EVIDENCE,False
datacite,titles.title:biochar AND (titles.title:yield OR titles.title:emissions),10.60692/khgvh-0ee27,Impact of biochar and lignite‐based amendments on microbial communities and greenhouse gas emissions from agricultural soil تأثير التعديلات القائمة على الفحم الحيوي والليجنيت على المجتمعات الميكروبية وانبعاثات غازات الدفيئة من التربة الزراعية Impact des amendements basés sur le biochar et le lignite sur les communautés microbiennes et les émissions de gaz à effet de serre des sols agricoles Impacto de las enmiendas basadasen biocarbón y lignito en las comunidades microbianas y las emisiones de gases de efecto invernadero del suelo agrícola,2021,Changjian Li,OpenAlex,Text,https://gresis.osc.int//doi/10.60692/khgvh-0ee27,True,10.60692/khgvh-0ee27,datacite,titles.title:biochar AND (titles.title:yield OR titles.title:emissions),TITLE_SCREEN_ONLY_NOT_FORMAL_EVIDENCE,False
datacite,titles.title:biochar AND (titles.title:yield OR titles.title:emissions),10.48550/arxiv.2405.11821,A Three-Phase Analysis of Synergistic Effects During Co-pyrolysis of Algae and Wood for Biochar Yield Using Machine Learning,2024,"Chakrabarti, Subhadeep",arXiv,Preprint,https://arxiv.org/abs/2405.11821,True,10.48550/arxiv.2405.11821,datacite,titles.title:biochar AND (titles.title:yield OR titles.title:emissions),TITLE_SCREEN_ONLY_NOT_FORMAL_EVIDENCE,False
datacite,titles.title:biochar AND (titles.title:yield OR titles.title:emissions),10.5281/zenodo.11087649,RESEARCH ON THE PRODUCTION OF BIOCHAR FROM COCONUT FIBER AND SOYBEAN STALKS TO ENHANCE SOIL QUALITY AND BOOST CORN YIELD IN NORTHERN VIETNAM,2024,Nguyen Tuan Khoi,Norwegian Journal of development of the International Science,JournalArticle,https://zenodo.org/doi/10.5281/zenodo.11087649,True,10.5281/zenodo.11087649,datacite,titles.title:biochar AND (titles.title:yield OR titles.title:emissions),TITLE_SCREEN_ONLY_NOT_FORMAL_EVIDENCE,False
datacite,titles.title:biochar AND (titles.title:yield OR titles.title:emissions),10.5281/zenodo.11087650,RESEARCH ON THE PRODUCTION OF BIOCHAR FROM COCONUT FIBER AND SOYBEAN STALKS TO ENHANCE SOIL QUALITY AND BOOST CORN YIELD IN NORTHERN VIETNAM,2024,Nguyen Tuan Khoi,Norwegian Journal of development of the International Science,JournalArticle,https://zenodo.org/doi/10.5281/zenodo.11087650,True,10.5281/zenodo.11087650,datacite,titles.title:biochar AND (titles.title:yield OR titles.title:emissions),TITLE_SCREEN_ONLY_NOT_FORMAL_EVIDENCE,False
datacite,titles.title:biochar AND (titles.title:yield OR titles.title:emissions),10.5281/zenodo.11066747,Do no-tillage and biochar management practices decrease soil CO2 emissions? – A case study from a sugar beet (Beta vulgaris) plantation.,2024,"ACOSTA, MANUEL",Zenodo,Preprint,https://zenodo.org/doi/10.5281/zenodo.11066747,True,10.5281/zenodo.11066747,datacite,titles.title:biochar AND (titles.title:yield OR titles.title:emissions),TITLE_SCREEN_ONLY_NOT_FORMAL_EVIDENCE,False
datacite,titles.title:biochar AND (titles.title:yield OR titles.title:emissions),10.5281/zenodo.11047426,"THE EFFECT OF APPLYING BIOCHAR IN COMBINATION WITH MINERAL FERTILIZERS ON THE GROWTH, DEVELOPMENT, AND YIELD OF SOYBEAN VARIETIES DT20 AND DT26",2024,"Nguyen, Tuan Khoi","Autonomous Non-Profit Organization ""Scientific-Historical Center ""World History""",JournalArticle,https://zenodo.org/doi/10.5281/zenodo.11047426,True,10.5281/zenodo.11047426,datacite,titles.title:biochar AND (titles.title:yield OR titles.title:emissions),TITLE_SCREEN_ONLY_NOT_FORMAL_EVIDENCE,False
datacite,titles.title:biochar AND (titles.title:yield OR titles.title:emissions),10.5281/zenodo.11056601,"THE EFFECT OF APPLYING BIOCHAR IN COMBINATION WITH MINERAL FERTILIZERS ON THE GROWTH, DEVELOPMENT, AND YIELD OF SOYBEAN VARIETIES DT20 AND DT26",2024,"Nguyen, Tuan Khoi","Autonomous Non-Profit Organization ""Scientific-Historical Center ""World History""",JournalArticle,https://zenodo.org/doi/10.5281/zenodo.11056601,True,10.5281/zenodo.11056601,datacite,titles.title:biochar AND (titles.title:yield OR titles.title:emissions),TITLE_SCREEN_ONLY_NOT_FORMAL_EVIDENCE,False
datacite,titles.title:biochar AND (titles.title:yield OR titles.title:emissions),10.5281/zenodo.11047427,"THE EFFECT OF APPLYING BIOCHAR IN COMBINATION WITH MINERAL FERTILIZERS ON THE GROWTH, DEVELOPMENT, AND YIELD OF SOYBEAN VARIETIES DT20 AND DT26",2024,"Nguyen, Tuan Khoi","Autonomous Non-Profit Organization ""Scientific-Historical Center ""World History""",JournalArticle,https://zenodo.org/doi/10.5281/zenodo.11047427,True,10.5281/zenodo.11047427,datacite,titles.title:biochar AND (titles.title:yield OR titles.title:emissions),TITLE_SCREEN_ONLY_NOT_FORMAL_EVIDENCE,False
datacite,titles.title:biochar AND (titles.title:yield OR titles.title:emissions),10.34734/fzj-2024-02402,"Biochar effects on soil nitrogen retention, leaching and yield of perennial citron daylily under three irrigation regimes",2024,"Sun, Xiaolei",Forschungzentrum Jülich,Text,https://juser.fz-juelich.de/record/1024736,True,10.34734/fzj-2024-02402,datacite,titles.title:biochar AND (titles.title:yield OR titles.title:emissions),TITLE_SCREEN_ONLY_NOT_FORMAL_EVIDENCE,False
datacite,titles.title:biochar AND (titles.title:yield OR titles.title:emissions),10.6084/m9.figshare.c.6622375.v1,"A global database of biochar application effects on crop yield, soil properties, and greenhouse gas emissions",2024,"Zhang, Wenju",figshare,Collection,https://springernature.figshare.com/collections/A_global_database_of_biochar_application_effects_on_crop_yield_soil_properties_and_greenhouse_gas_emissions/6622375/1,True,10.6084/m9.figshare.c.6622375.v1,datacite,titles.title:biochar AND (titles.title:yield OR titles.title:emissions),TITLE_SCREEN_ONLY_NOT_FORMAL_EVIDENCE,False
datacite,titles.title:biochar AND (titles.title:yield OR titles.title:emissions),10.6084/m9.figshare.c.6622375,"A global database of biochar application effects on crop yield, soil properties, and greenhouse gas emissions",2024,"Zhang, Wenju",figshare,Collection,https://springernature.figshare.com/collections/A_global_database_of_biochar_application_effects_on_crop_yield_soil_properties_and_greenhouse_gas_emissions/6622375,True,10.6084/m9.figshare.c.6622375,datacite,titles.title:biochar AND (titles.title:yield OR titles.title:emissions),TITLE_SCREEN_ONLY_NOT_FORMAL_EVIDENCE,False
datacite,titles.title:biochar AND (titles.title:yield OR titles.title:emissions),10.15159/jas.20.18,Growth and yield responses of potato (Solanum tuberosum L.) to biochar,2020,"Upadhyay, Kalika Prasad",Agraarteadus,JournalArticle,https://dspace.emu.ee/xmlui/handle/10492/6189,True,10.15159/jas.20.18,datacite,titles.title:biochar AND (titles.title:yield OR titles.title:emissions),TITLE_SCREEN_ONLY_NOT_FORMAL_EVIDENCE,False
datacite,titles.title:biochar AND (titles.title:yield OR titles.title:emissions),10.15159/ar.22.024,Opposite tendency between yield and taste of organic tomato by increasing biochar doses in a slightly humous arenosol,2022,"Kocsis, T.",Estonian University of Life Sciences,JournalArticle,https://dspace.emu.ee/handle/10492/7296,True,10.15159/ar.22.024,datacite,titles.title:biochar AND (titles.title:yield OR titles.title:emissions),TITLE_SCREEN_ONLY_NOT_FORMAL_EVIDENCE,False
datacite,titles.title:biochar AND (titles.title:yield OR titles.title:emissions),10.6084/m9.figshare.7163873,Combined effects of straw-derived biochar and bio-based polymer-coated urea on nitrogen use efficiency and cotton yield,2018,"Yu, Xiaojing",Taylor & Francis,Text,https://tandf.figshare.com/articles/journal_contribution/Combined_effects_of_straw-derived_biochar_and_bio-based_polymer-coated_urea_on_nitrogen_use_efficiency_and_cotton_yield/7163873,True,10.6084/m9.figshare.7163873,datacite,titles.title:biochar AND (titles.title:yield OR titles.title:emissions),TITLE_SCREEN_ONLY_NOT_FORMAL_EVIDENCE,False
datacite,titles.title:biochar AND (titles.title:yield OR titles.title:emissions),10.6084/m9.figshare.7163873.v1,Combined effects of straw-derived biochar and bio-based polymer-coated urea on nitrogen use efficiency and cotton yield,2018,"Yu, Xiaojing",Taylor & Francis,Text,https://tandf.figshare.com/articles/journal_contribution/Combined_effects_of_straw-derived_biochar_and_bio-based_polymer-coated_urea_on_nitrogen_use_efficiency_and_cotton_yield/7163873/1,True,10.6084/m9.figshare.7163873.v1,datacite,titles.title:biochar AND (titles.title:yield OR titles.title:emissions),TITLE_SCREEN_ONLY_NOT_FORMAL_EVIDENCE,False
datacite,titles.title:biochar AND (titles.title:yield OR titles.title:emissions),10.5281/zenodo.10461738,Application of biochar to anaerobic digestion versus digestate: Effects on N emissions and C stability,2024,"Viaene, Jarinda",Zenodo,Dataset,https://zenodo.org/doi/10.5281/zenodo.10461738,True,10.5281/zenodo.10461738,datacite,titles.title:biochar AND (titles.title:yield OR titles.title:emissions),TITLE_SCREEN_ONLY_NOT_FORMAL_EVIDENCE,False
datacite,titles.title:biochar AND (titles.title:yield OR titles.title:emissions),10.5281/zenodo.10461739,Application of biochar to anaerobic digestion versus digestate: Effects on N emissions and C stability,2024,"Viaene, Jarinda",Zenodo,Dataset,https://zenodo.org/doi/10.5281/zenodo.10461739,True,10.5281/zenodo.10461739,datacite,titles.title:biochar AND (titles.title:yield OR titles.title:emissions),TITLE_SCREEN_ONLY_NOT_FORMAL_EVIDENCE,False
datacite,titles.title:biochar AND (titles.title:yield OR titles.title:emissions),10.5281/zenodo.10059640,Gabetto_et_al_2024_Exploring the potential of sugarcane straw biochar: insights into N2O emissions and microbial functional genes,2023,"Palmeira Gabetto, Fernanda",Zenodo,Dataset,https://zenodo.org/doi/10.5281/zenodo.10059640,True,10.5281/zenodo.10059640,datacite,titles.title:biochar AND (titles.title:yield OR titles.title:emissions),TITLE_SCREEN_ONLY_NOT_FORMAL_EVIDENCE,False
datacite,titles.title:biochar AND (titles.title:yield OR titles.title:emissions),10.5281/zenodo.10059639,Gabetto_et_al_2024_Exploring the potential of sugarcane straw biochar: insights into N2O emissions and microbial functional genes,2023,"Palmeira Gabetto, Fernanda",Zenodo,Dataset,https://zenodo.org/doi/10.5281/zenodo.10059639,True,10.5281/zenodo.10059639,datacite,titles.title:biochar AND (titles.title:yield OR titles.title:emissions),TITLE_SCREEN_ONLY_NOT_FORMAL_EVIDENCE,False
datacite,titles.title:biochar AND (titles.title:yield OR titles.title:emissions),10.5281/zenodo.10400112,Biochar and water salinity impacts on soil physico-chemical properties and yield of Boro rice in the coastal saline area of the Ganges Delta,2023,"Paul, Priya Lal Chandra",Zenodo,ConferencePaper,https://zenodo.org/doi/10.5281/zenodo.10400112,True,10.5281/zenodo.10400112,datacite,titles.title:biochar AND (titles.title:yield OR titles.title:emissions),TITLE_SCREEN_ONLY_NOT_FORMAL_EVIDENCE,False
datacite,titles.title:biochar AND (titles.title:yield OR titles.title:emissions),10.5281/zenodo.10400111,Biochar and water salinity impacts on soil physico-chemical properties and yield of Boro rice in the coastal saline area of the Ganges Delta,2023,"Paul, Priya Lal Chandra",Zenodo,ConferencePaper,https://zenodo.org/doi/10.5281/zenodo.10400111,True,10.5281/zenodo.10400111,datacite,titles.title:biochar AND (titles.title:yield OR titles.title:emissions),TITLE_SCREEN_ONLY_NOT_FORMAL_EVIDENCE,False
datacite,titles.title:biochar AND (titles.title:yield OR titles.title:emissions),10.5281/zenodo.10400190,"Assessment of biochar for Enhancing Fertilizer use efficiency and its impact on Growth, Development And yield of rice Hybrids",2023,"Rasul, Fahd",Zenodo,ConferencePaper,https://zenodo.org/doi/10.5281/zenodo.10400190,True,10.5281/zenodo.10400190,datacite,titles.title:biochar AND (titles.title:yield OR titles.title:emissions),TITLE_SCREEN_ONLY_NOT_FORMAL_EVIDENCE,False
datacite,titles.title:biochar AND (titles.title:yield OR titles.title:emissions),10.5281/zenodo.10400191,"Assessment of biochar for Enhancing Fertilizer use efficiency and its impact on Growth, Development And yield of rice Hybrids",2023,"Rasul, Fahd",Zenodo,ConferencePaper,https://zenodo.org/doi/10.5281/zenodo.10400191,True,10.5281/zenodo.10400191,datacite,titles.title:biochar AND (titles.title:yield OR titles.title:emissions),TITLE_SCREEN_ONLY_NOT_FORMAL_EVIDENCE,False
datacite,titles.title:biochar AND (titles.title:yield OR titles.title:emissions),10.5281/zenodo.10118166,The Effect of Biochar and Trichoderma Harzianum (T77) on Forage Sorghum (Sorghum Bicolor) Yield in Semi-Arid Regions in Southern Zimbabwe,2023,Sangombe Nathan,Zenodo,JournalArticle,https://zenodo.org/doi/10.5281/zenodo.10118166,True,10.5281/zenodo.10118166,datacite,titles.title:biochar AND (titles.title:yield OR titles.title:emissions),TITLE_SCREEN_ONLY_NOT_FORMAL_EVIDENCE,False
datacite,titles.title:biochar AND (titles.title:yield OR titles.title:emissions),10.5281/zenodo.10118165,The Effect of Biochar and Trichoderma Harzianum (T77) on Forage Sorghum (Sorghum Bicolor) Yield in Semi-Arid Regions in Southern Zimbabwe,2023,Sangombe Nathan,Zenodo,JournalArticle,https://zenodo.org/doi/10.5281/zenodo.10118165,True,10.5281/zenodo.10118165,datacite,titles.title:biochar AND (titles.title:yield OR titles.title:emissions),TITLE_SCREEN_ONLY_NOT_FORMAL_EVIDENCE,False
datacite,titles.title:biochar AND (titles.title:yield OR titles.title:emissions),10.6084/m9.figshare.11455254,"Impact of fresh and aged palm shell biochar on N2O emissions, soil properties, nutrient content and yield of Komatsuna (Brassica rapa var. perviridis) under sandy soil conditions",2019,"Basalirwa, Daniel",Taylor & Francis,Text,https://tandf.figshare.com/articles/journal_contribution/Impact_of_fresh_and_aged_palm_shell_biochar_on_N_sub_2_sub_O_emissions_soil_properties_nutrient_content_and_yield_of_Komatsuna_i_Brassica_rapa_i_var_i_perviridis_i_under_sandy_soil_conditions/11455254,True,10.6084/m9.figshare.11455254,datacite,titles.title:biochar AND (titles.title:yield OR titles.title:emissions),TITLE_SCREEN_ONLY_NOT_FORMAL_EVIDENCE,False
datacite,titles.title:biochar AND (titles.title:yield OR titles.title:emissions),10.6084/m9.figshare.11455254.v1,"Impact of fresh and aged palm shell biochar on N2O emissions, soil properties, nutrient content and yield of Komatsuna (Brassica rapa var. perviridis) under sandy soil conditions",2019,"Basalirwa, Daniel",Taylor & Francis,Text,https://tandf.figshare.com/articles/journal_contribution/Impact_of_fresh_and_aged_palm_shell_biochar_on_N_sub_2_sub_O_emissions_soil_properties_nutrient_content_and_yield_of_Komatsuna_i_Brassica_rapa_i_var_i_perviridis_i_under_sandy_soil_conditions/11455254/1,True,10.6084/m9.figshare.11455254.v1,datacite,titles.title:biochar AND (titles.title:yield OR titles.title:emissions),TITLE_SCREEN_ONLY_NOT_FORMAL_EVIDENCE,False
datacite,titles.title:biochar AND (titles.title:yield OR titles.title:emissions),10.6084/m9.figshare.8236559,Effects of rice husk biochar and soil moisture on the accumulation of organic and inorganic nitrogen and nitrous oxide emissions during the decomposition of hairy vetch (Vicia villosa) mulch,2019,"Uchida, Yoshitaka",Taylor & Francis,Text,https://tandf.figshare.com/articles/journal_contribution/Effects_of_rice_husk_biochar_and_soil_moisture_on_the_accumulation_of_organic_and_inorganic_nitrogen_and_nitrous_oxide_emissions_during_the_decomposition_of_hairy_vetch_i_Vicia_villosa_i_mulch/8236559,True,10.6084/m9.figshare.8236559,datacite,titles.title:biochar AND (titles.title:yield OR titles.title:emissions),TITLE_SCREEN_ONLY_NOT_FORMAL_EVIDENCE,False
datacite,titles.title:biochar AND (titles.title:yield OR titles.title:emissions),10.6084/m9.figshare.8236559.v1,Effects of rice husk biochar and soil moisture on the accumulation of organic and inorganic nitrogen and nitrous oxide emissions during the decomposition of hairy vetch (Vicia villosa) mulch,2019,"Uchida, Yoshitaka",Taylor & Francis,Text,https://tandf.figshare.com/articles/journal_contribution/Effects_of_rice_husk_biochar_and_soil_moisture_on_the_accumulation_of_organic_and_inorganic_nitrogen_and_nitrous_oxide_emissions_during_the_decomposition_of_hairy_vetch_i_Vicia_villosa_i_mulch/8236559/1,True,10.6084/m9.figshare.8236559.v1,datacite,titles.title:biochar AND (titles.title:yield OR titles.title:emissions),TITLE_SCREEN_ONLY_NOT_FORMAL_EVIDENCE,False
datacite,titles.title:biochar AND (titles.title:yield OR titles.title:emissions),10.5281/zenodo.8214764,Supplementary data - Biochar and its potential to deliver negative emissions and better soil quality in Europe,2023,"Tisserant, Alexandre",Zenodo,Dataset,https://zenodo.org/record/8214764,True,10.5281/zenodo.8214764,datacite,titles.title:biochar AND (titles.title:yield OR titles.title:emissions),TITLE_SCREEN_ONLY_NOT_FORMAL_EVIDENCE,False
datacite,titles.title:biochar AND (titles.title:yield OR titles.title:emissions),10.17632/sz223dcb95.1,Basic information on biomass and biochar yield,2023,"jiang, zihao",Mendeley Data,Dataset,https://data.mendeley.com/datasets/sz223dcb95/1,True,10.17632/sz223dcb95.1,datacite,titles.title:biochar AND (titles.title:yield OR titles.title:emissions),TITLE_SCREEN_ONLY_NOT_FORMAL_EVIDENCE,False
datacite,titles.title:biochar AND (titles.title:yield OR titles.title:emissions),10.5071/31steubce2023-4bv.5.8,Utilization of Gasification Biochar for the Reduction of Greenhouse Gases and Ammonia Emissions in Swine Slurry Storages,2023,"Ottani, F.",ETA-Florence Renewable Energies,Text,http://www.etaflorence.it/proceedings?detail=19979,True,10.5071/31steubce2023-4bv.5.8,datacite,titles.title:biochar AND (titles.title:yield OR titles.title:emissions),TITLE_SCREEN_ONLY_NOT_FORMAL_EVIDENCE,False
datacite,titles.title:biochar AND (titles.title:yield OR titles.title:emissions),10.5281/zenodo.8300668,"Biochar Application Affected Biochemical Properties, Yield and Nutrient Content of Safflower under Water Stress",2023,"Bijanzadeh, Ehsan",Zenodo,JournalArticle,https://zenodo.org/record/8300668,True,10.5281/zenodo.8300668,datacite,titles.title:biochar AND (titles.title:yield OR titles.title:emissions),TITLE_SCREEN_ONLY_NOT_FORMAL_EVIDENCE,False
datacite,titles.title:biochar AND (titles.title:yield OR titles.title:emissions),10.5281/zenodo.8300669,"Biochar Application Affected Biochemical Properties, Yield and Nutrient Content of Safflower under Water Stress",2023,"Bijanzadeh, Ehsan",Zenodo,JournalArticle,https://zenodo.org/record/8300669,True,10.5281/zenodo.8300669,datacite,titles.title:biochar AND (titles.title:yield OR titles.title:emissions),TITLE_SCREEN_ONLY_NOT_FORMAL_EVIDENCE,False
datacite,titles.title:biochar AND (titles.title:yield OR titles.title:emissions),10.5281/zenodo.8214763,Supplementary data - Biochar and its potential to deliver negative emissions and better soil quality in Europe,2023,"Tisserant, Alexandre",Zenodo,Dataset,https://zenodo.org/record/8214763,True,10.5281/zenodo.8214763,datacite,titles.title:biochar AND (titles.title:yield OR titles.title:emissions),TITLE_SCREEN_ONLY_NOT_FORMAL_EVIDENCE,False
datacite,titles.title:biochar AND (titles.title:yield OR titles.title:emissions),10.6084/m9.figshare.23772729.v1,Reducing NOx Emissions in Pyrolysis Machines for Biochar Production: A machine learning approach,2023,"Köppel, Marius",figshare,Image,https://figshare.com/articles/poster/Reducing_NOx_Emissions_in_Pyrolysis_Machines_for_Biochar_Production_A_machine_learning_approach/23772729/1,True,10.6084/m9.figshare.23772729.v1,datacite,titles.title:biochar AND (titles.title:yield OR titles.title:emissions),TITLE_SCREEN_ONLY_NOT_FORMAL_EVIDENCE,False
datacite,titles.title:biochar AND (titles.title:yield OR titles.title:emissions),10.34734/fzj-2023-02040,Biochar addition reduces non‐CO 2 greenhouse gas emissions during composting of human excreta and cattle manure,2023,"Castro herrera, Daniela",Forschungzentrum Jülich,Text,https://juser.fz-juelich.de/record/1007375,True,10.34734/fzj-2023-02040,datacite,titles.title:biochar AND (titles.title:yield OR titles.title:emissions),TITLE_SCREEN_ONLY_NOT_FORMAL_EVIDENCE,False
datacite,titles.title:biochar AND (titles.title:yield OR titles.title:emissions),10.5281/zenodo.7633754,Emissions of nitrous oxide and methane after field application of liquid organic fertilizers and biochar,2023,"Efosa, Norah",Zenodo,Dataset,https://zenodo.org/record/7633754,True,10.5281/zenodo.7633754,datacite,titles.title:biochar AND (titles.title:yield OR titles.title:emissions),TITLE_SCREEN_ONLY_NOT_FORMAL_EVIDENCE,False
datacite,titles.title:biochar AND (titles.title:yield OR titles.title:emissions),10.5281/zenodo.7633755,Emissions of nitrous oxide and methane after field application of liquid organic fertilizers and biochar,2023,"Efosa, Norah",Zenodo,Dataset,https://zenodo.org/record/7633755,True,10.5281/zenodo.7633755,datacite,titles.title:biochar AND (titles.title:yield OR titles.title:emissions),TITLE_SCREEN_ONLY_NOT_FORMAL_EVIDENCE,False
datacite,titles.title:biochar AND (titles.title:yield OR titles.title:emissions),10.6084/m9.figshare.c.6709916,"Soil factors that contribute to the abundance and structure of the diazotrophic community and soybean growth, yield, and quality under biochar amendment",2023,"Wang, Weihua",figshare,Collection,https://springernature.figshare.com/collections/Soil_factors_that_contribute_to_the_abundance_and_structure_of_the_diazotrophic_community_and_soybean_growth_yield_and_quality_under_biochar_amendment/6709916,True,10.6084/m9.figshare.c.6709916,datacite,titles.title:biochar AND (titles.title:yield OR titles.title:emissions),TITLE_SCREEN_ONLY_NOT_FORMAL_EVIDENCE,False
datacite,titles.title:biochar AND (titles.title:yield OR titles.title:emissions),10.6084/m9.figshare.c.6709916.v1,"Soil factors that contribute to the abundance and structure of the diazotrophic community and soybean growth, yield, and quality under biochar amendment",2023,"Wang, Weihua",figshare,Collection,https://springernature.figshare.com/collections/Soil_factors_that_contribute_to_the_abundance_and_structure_of_the_diazotrophic_community_and_soybean_growth_yield_and_quality_under_biochar_amendment/6709916/1,True,10.6084/m9.figshare.c.6709916.v1,datacite,titles.title:biochar AND (titles.title:yield OR titles.title:emissions),TITLE_SCREEN_ONLY_NOT_FORMAL_EVIDENCE,False
datacite,titles.title:biochar AND (titles.title:yield OR titles.title:emissions),10.5281/zenodo.7992483,"Data for ""biochar-composting substantially reduces methane and air pollutant emissions from dairy manure""",2023,"Harrison, Brendan",Zenodo,Dataset,https://zenodo.org/record/7992483,True,10.5281/zenodo.7992483,datacite,titles.title:biochar AND (titles.title:yield OR titles.title:emissions),TITLE_SCREEN_ONLY_NOT_FORMAL_EVIDENCE,False
datacite,titles.title:biochar AND (titles.title:yield OR titles.title:emissions),10.5281/zenodo.7992484,"Data for ""biochar-composting substantially reduces methane and air pollutant emissions from dairy manure""",2023,"Harrison, Brendan",Zenodo,Dataset,https://zenodo.org/record/7992484,True,10.5281/zenodo.7992484,datacite,titles.title:biochar AND (titles.title:yield OR titles.title:emissions),TITLE_SCREEN_ONLY_NOT_FORMAL_EVIDENCE,False
datacite,titles.title:biochar AND (titles.title:yield OR titles.title:emissions),10.5281/zenodo.7973325,Biochar amendment to cattle slurry reduces NH3 emissions during storage without risk of higher NH3 emissions after soil application of the solid fraction,2023,"Jarinda, Viaene",Zenodo,Dataset,https://zenodo.org/record/7973325,True,10.5281/zenodo.7973325,datacite,titles.title:biochar AND (titles.title:yield OR titles.title:emissions),TITLE_SCREEN_ONLY_NOT_FORMAL_EVIDENCE,False
datacite,titles.title:biochar AND (titles.title:yield OR titles.title:emissions),10.5281/zenodo.7973326,Biochar amendment to cattle slurry reduces NH3 emissions during storage without risk of higher NH3 emissions after soil application of the solid fraction,2023,"Jarinda, Viaene",Zenodo,Dataset,https://zenodo.org/record/7973326,True,10.5281/zenodo.7973326,datacite,titles.title:biochar AND (titles.title:yield OR titles.title:emissions),TITLE_SCREEN_ONLY_NOT_FORMAL_EVIDENCE,False
datacite,titles.title:biochar AND (titles.title:yield OR titles.title:emissions),10.48336/karc-4067,"Utility of wood ash, paper sludge and biochar amendments for the mitigation of greenhouse gas emissions from acid boreal soils",2022,"Medaiyese, Ayodeji Oluwagbemiga",Memorial University of Newfoundland,Text,https://research.library.mun.ca/15861/,True,10.48336/karc-4067,datacite,titles.title:biochar AND (titles.title:yield OR titles.title:emissions),TITLE_SCREEN_ONLY_NOT_FORMAL_EVIDENCE,False
datacite,titles.title:biochar AND (titles.title:yield OR titles.title:emissions),10.6084/m9.figshare.22303429,"Effects of polyethylene microplastics and fresh/aged biochar on soil CO2 and N2O emissions regulated by soil aggregation, dissolved organic matter structure and the formation of necromass-derived soil organic carbon",2023,"Chen, Yalan",figshare,Dataset,https://figshare.com/articles/dataset/Effects_of_polyethylene_microplastics_and_fresh_aged_biochar_on_soil_CO2_and_N2O_emissions_regulated_by_soil_aggregation_dissolved_organic_matter_structure_and_the_formation_of_necromass-derived_soil_organic_carbon/22303429,True,10.6084/m9.figshare.22303429,datacite,titles.title:biochar AND (titles.title:yield OR titles.title:emissions),TITLE_SCREEN_ONLY_NOT_FORMAL_EVIDENCE,False
datacite,titles.title:biochar AND (titles.title:yield OR titles.title:emissions),10.5281/zenodo.7733151,"Netcdf of LCN-PyCCS negative emission potentials as described in Werner et al., 2022 ""Potential of land-neutral negative emissions through biochar sequestration""",2023,"Werner, Constanze",Zenodo,Dataset,https://zenodo.org/record/7733151,True,10.5281/zenodo.7733151,datacite,titles.title:biochar AND (titles.title:yield OR titles.title:emissions),TITLE_SCREEN_ONLY_NOT_FORMAL_EVIDENCE,False
datacite,titles.title:biochar AND (titles.title:yield OR titles.title:emissions),10.5281/zenodo.7733152,"Netcdf of LCN-PyCCS negative emission potentials as described in Werner et al., 2022 ""Potential of land-neutral negative emissions through biochar sequestration""",2023,"Werner, Constanze",Zenodo,Dataset,https://zenodo.org/record/7733152,True,10.5281/zenodo.7733152,datacite,titles.title:biochar AND (titles.title:yield OR titles.title:emissions),TITLE_SCREEN_ONLY_NOT_FORMAL_EVIDENCE,False
datacite,titles.title:biochar AND (titles.title:yield OR titles.title:emissions),10.22004/ag.econ.330633,Partial Replacement of Mineral-N Fertilizer Using Compost and Biochar to Improve Growth and Yield of Peanut (Arachishypogaea L.) Grown on a Sandy Loam Soil,2018,"Fouda, Sarah El-Sayad El-Sayed",Unknown,Text,https://ageconsearch.umn.edu/record/330633,True,10.22004/ag.econ.330633,datacite,titles.title:biochar AND (titles.title:yield OR titles.title:emissions),TITLE_SCREEN_ONLY_NOT_FORMAL_EVIDENCE,False
datacite,titles.title:biochar AND (titles.title:yield OR titles.title:emissions),10.5445/ir/1000150965,Increasing the Environmental Sustainability of Greenhouse Vegetable Production by Combining Biochar Application and Drip Fertigation—Effects on Soil N$_{2}$O Emissions and Carbon Sequestrations,2022,"Zhao, Yiming",MDPI,Text,https://publikationen.bibliothek.kit.edu/1000150965,True,10.5445/ir/1000150965,datacite,titles.title:biochar AND (titles.title:yield OR titles.title:emissions),TITLE_SCREEN_ONLY_NOT_FORMAL_EVIDENCE,False
datacite,titles.title:biochar AND (titles.title:yield OR titles.title:emissions),10.20372/eiar-rdm/wnt5hs,Plant Growth and Oil Yield Response of Lemon Grass (Cymbopogon citratuc L.) to Biochar Application,2023,"Agegnehu Getachew, Jemal Kedir",EIAR,Dataset,http://localhost/citation?persistentId=doi:10.20372/eiar-rdm/WNT5HS,True,10.20372/eiar-rdm/wnt5hs,datacite,titles.title:biochar AND (titles.title:yield OR titles.title:emissions),TITLE_SCREEN_ONLY_NOT_FORMAL_EVIDENCE,False
datacite,titles.title:biochar AND (titles.title:yield OR titles.title:emissions),10.5281/zenodo.6595002,"Original source code as used in Werner et al., 2022 ""Potential of land-neutral negative emissions through biochar sequestration"" -- submitted to Earth's Future",2022,"Werner, Constanze",Zenodo,JournalArticle,https://zenodo.org/record/6595002,True,10.5281/zenodo.6595002,datacite,titles.title:biochar AND (titles.title:yield OR titles.title:emissions),TITLE_SCREEN_ONLY_NOT_FORMAL_EVIDENCE,False
datacite,titles.title:biochar AND (titles.title:yield OR titles.title:emissions),10.5281/zenodo.6595001,"Original source code as used in Werner et al., 2022 ""Potential of land-neutral negative emissions through biochar sequestration"" -- submitted to Earth's Future",2022,"Werner, Constanze",Zenodo,JournalArticle,https://zenodo.org/record/6595001,True,10.5281/zenodo.6595001,datacite,titles.title:biochar AND (titles.title:yield OR titles.title:emissions),TITLE_SCREEN_ONLY_NOT_FORMAL_EVIDENCE,False
datacite,titles.title:biochar AND (titles.title:yield OR titles.title:emissions),10.17170/kobra-202210116963,Use of corncob biochar and urea for pakchoi (Brassica rapa L.) cultivation: Short-term impact of pyrolysis temperature and fertiliser dose on plant growth and yield,2022,"Haryanto, Agus",Universität Kassel,Text,https://kobra.uni-kassel.de/handle/123456789/14207,True,10.17170/kobra-202210116963,datacite,titles.title:biochar AND (titles.title:yield OR titles.title:emissions),TITLE_SCREEN_ONLY_NOT_FORMAL_EVIDENCE,False
datacite,titles.title:biochar AND (titles.title:yield OR titles.title:emissions),10.5281/zenodo.7116841,"Original source code as used in Werner et al. ""Land-neutral negative emissions through biochar-based fertilization – global potentials driven by management and pyrolysis conditions"" -- submitted to Mitigation and Adaptation Strategies for Global Change",2022,"Werner, Constanze",Zenodo,JournalArticle,https://zenodo.org/record/7116841,True,10.5281/zenodo.7116841,datacite,titles.title:biochar AND (titles.title:yield OR titles.title:emissions),TITLE_SCREEN_ONLY_NOT_FORMAL_EVIDENCE,False
datacite,titles.title:biochar AND (titles.title:yield OR titles.title:emissions),10.5281/zenodo.7116840,"Original source code as used in Werner et al. ""Land-neutral negative emissions through biochar-based fertilization – global potentials driven by management and pyrolysis conditions"" -- submitted to Mitigation and Adaptation Strategies for Global Change",2022,"Werner, Constanze",Zenodo,JournalArticle,https://zenodo.org/record/7116840,True,10.5281/zenodo.7116840,datacite,titles.title:biochar AND (titles.title:yield OR titles.title:emissions),TITLE_SCREEN_ONLY_NOT_FORMAL_EVIDENCE,False
datacite,titles.title:biochar AND (titles.title:yield OR titles.title:emissions),10.5281/zenodo.7080268,"The role of biochar, poultry manure, and biochar-poultry manure in improving leaf nutrient concentrations, root storage minerals, growth, and yield of sweet potato (Ipomoea batatas L.)",2022,Taiwo Michael Agbede,Zenodo,JournalArticle,https://zenodo.org/record/7080268,True,10.5281/zenodo.7080268,datacite,titles.title:biochar AND (titles.title:yield OR titles.title:emissions),TITLE_SCREEN_ONLY_NOT_FORMAL_EVIDENCE,False
datacite,titles.title:biochar AND (titles.title:yield OR titles.title:emissions),10.5281/zenodo.7080269,"The role of biochar, poultry manure, and biochar-poultry manure in improving leaf nutrient concentrations, root storage minerals, growth, and yield of sweet potato (Ipomoea batatas L.)",2022,Taiwo Michael Agbede,Zenodo,JournalArticle,https://zenodo.org/record/7080269,True,10.5281/zenodo.7080269,datacite,titles.title:biochar AND (titles.title:yield OR titles.title:emissions),TITLE_SCREEN_ONLY_NOT_FORMAL_EVIDENCE,False
datacite,titles.title:biochar AND (titles.title:yield OR titles.title:emissions),10.4225/28/5afb62321fb3b,"Biochar, compost and biochar-compost: effects on crop performance, soil quality and greenhouse gas emissions in tropical agricultural soils",2017,"Jenberu, Getachew Agegnehu",James Cook University,Dissertation,https://researchonline.jcu.edu.au/51228/,True,10.4225/28/5afb62321fb3b,datacite,titles.title:biochar AND (titles.title:yield OR titles.title:emissions),TITLE_SCREEN_ONLY_NOT_FORMAL_EVIDENCE,False
datacite,titles.title:biochar AND (titles.title:yield OR titles.title:emissions),10.5071/30theubce2022-2av.5.8,Preliminary Study on Gasification Biochar for the Reduction of Swine Slurry Nitrogen Related Greenhouse Gases Emissions,2022,"Ottani, F.",ETA-Florence Renewable Energies,Text,http://www.etaflorence.it/proceedings?detail=19320,True,10.5071/30theubce2022-2av.5.8,datacite,titles.title:biochar AND (titles.title:yield OR titles.title:emissions),TITLE_SCREEN_ONLY_NOT_FORMAL_EVIDENCE,False
datacite,titles.title:biochar AND (titles.title:yield OR titles.title:emissions),10.5445/ir/1000144713,"Wood Ash as an Additive in Biomass Pyrolysis: Effects on Biochar Yield, Properties, and Agricultural Performance",2022,"Grafmüller, Jannis",American Chemical Society (ACS),Text,https://publikationen.bibliothek.kit.edu/1000144713,True,10.5445/ir/1000144713,datacite,titles.title:biochar AND (titles.title:yield OR titles.title:emissions),TITLE_SCREEN_ONLY_NOT_FORMAL_EVIDENCE,False
datacite,titles.title:biochar AND (titles.title:yield OR titles.title:emissions),10.48336/bffv-xy52,"Effect of biochar on soil fertility, nitrate losses, dissolved organic carbon, forage crop production and greenhouse gas (GHG) emissions",2022,"Eissa, Riad Omar Abosalahe Omar",Memorial University of Newfoundland,Text,https://research.library.mun.ca/15315/,True,10.48336/bffv-xy52,datacite,titles.title:biochar AND (titles.title:yield OR titles.title:emissions),TITLE_SCREEN_ONLY_NOT_FORMAL_EVIDENCE,False
datacite,titles.title:biochar AND (titles.title:yield OR titles.title:emissions),10.5445/ir/1000129842,High Application Rates of Biochar to Mitigate N$_{2}$O Emissions From a N-Fertilized Tropical Soil Under Warming Conditions,2021,"Rittl, Tatiana F.",Frontiers Media,Text,https://publikationen.bibliothek.kit.edu/1000129842,True,10.5445/ir/1000129842,datacite,titles.title:biochar AND (titles.title:yield OR titles.title:emissions),TITLE_SCREEN_ONLY_NOT_FORMAL_EVIDENCE,False
datacite,titles.title:biochar AND (titles.title:yield OR titles.title:emissions),10.5281/zenodo.5536384,Review Article: Effect of Biochar on Growth and Yield of Agricultural Produce,2021,Drishty Katiyar,Zenodo,JournalArticle,https://zenodo.org/record/5536384,True,10.5281/zenodo.5536384,datacite,titles.title:biochar AND (titles.title:yield OR titles.title:emissions),TITLE_SCREEN_ONLY_NOT_FORMAL_EVIDENCE,False
datacite,titles.title:biochar AND (titles.title:yield OR titles.title:emissions),10.5281/zenodo.5536385,Review Article: Effect of Biochar on Growth and Yield of Agricultural Produce,2021,Drishty Katiyar,Zenodo,JournalArticle,https://zenodo.org/record/5536385,True,10.5281/zenodo.5536385,datacite,titles.title:biochar AND (titles.title:yield OR titles.title:emissions),TITLE_SCREEN_ONLY_NOT_FORMAL_EVIDENCE,False
datacite,titles.title:biochar AND (titles.title:yield OR titles.title:emissions),10.17170/kobra-20190613557,"Combining biochar with low rate of chemical fertiliser boosts maize biomass yield, regardless of tillage system, under humid conditions",2019,"Kiobia, Denis Olgen",Universität Kassel,Text,https://kobra.uni-kassel.de/handle/123456789/11340,True,10.17170/kobra-20190613557,datacite,titles.title:biochar AND (titles.title:yield OR titles.title:emissions),TITLE_SCREEN_ONLY_NOT_FORMAL_EVIDENCE,False
datacite,titles.title:biochar AND (titles.title:yield OR titles.title:emissions),10.23689/fidgeo-4323,"Impact of biochar on nutrient supply, crop yield and microbial respiration on sandy soils of northern Germany",2021,"Knoblauch, Christian",Blackwell Publishing Ltd,Text,https://e-docs.geo-leo.de/handle/11858/8669,True,10.23689/fidgeo-4323,datacite,titles.title:biochar AND (titles.title:yield OR titles.title:emissions),TITLE_SCREEN_ONLY_NOT_FORMAL_EVIDENCE,False
datacite,titles.title:biochar AND (titles.title:yield OR titles.title:emissions),10.12755/nrct.res.2012.18,"กลไกทางกายภาพ เคมี และชีวภาพของสารปรับปรุงบำรุงดินถ่านชีวมวลจากเศษวัสดุเหลือทิ้งข้าวโพดที่มีผลต่อผลผลิตและการกักเก็บก๊าซเรือนกระจกในไร่ข้าวโพด Physical, Chemical and Biological Mechanism of Corn-waste Biochar Amendment on yield and Greenhouse Gas Sequestration in corn plantation",2012,กัญจน์นรี ช่วงฉ่ำ,มหาวิทยาลัยเกษตรศาสตร์,Dataset,http://doi.nrct.go.th/?page=resolve_doi&resolve_doi=10.12755/NRCT.res.2012.18,True,10.12755/nrct.res.2012.18,datacite,titles.title:biochar AND (titles.title:yield OR titles.title:emissions),TITLE_SCREEN_ONLY_NOT_FORMAL_EVIDENCE,False
datacite,titles.title:biochar AND (titles.title:yield OR titles.title:emissions),10.34944/dspace/4982,Particulate matter emissions from biochar-amended soils as a potential tradeoff to the negative emission potential,2016,(:Unkn) Unknown,My University,Text,https://scholarshare.temple.edu/handle/20.500.12613/5000,True,10.34944/dspace/4982,datacite,titles.title:biochar AND (titles.title:yield OR titles.title:emissions),TITLE_SCREEN_ONLY_NOT_FORMAL_EVIDENCE,False
datacite,titles.title:biochar AND (titles.title:yield OR titles.title:emissions),10.14456/kaj.2020.128,"Impact of eucalyptus biochar application on growth, yield, nutrient uptake and some soil chemical properties of upland rice under pot condition",2020,Theint Thida  And Wanwipa Kaewpradit,Faculty of Agriculture,Text,http://doi.nrct.go.th/?page=resolve_doi&resolve_doi=10.14456/kaj.2020.128,True,10.14456/kaj.2020.128,datacite,titles.title:biochar AND (titles.title:yield OR titles.title:emissions),TITLE_SCREEN_ONLY_NOT_FORMAL_EVIDENCE,False
datacite,titles.title:biochar AND (titles.title:yield OR titles.title:emissions),10.14455/nrct.res.2012.18,"กลไกทางกายภาพ เคมี และชีวภาพของสารปรับปรุงบำรุงดินถ่านชีวมวลจากเศษวัสดุเหลือทิ้งข้าวโพดที่มีผลต่อผลผลิตและการกักเก็บก๊าซเรือนกระจกในไร่ข้าวโพด Physical, Chemical and Biological Mechanism of Corn-waste Biochar Amendment on yield and Greenhouse Gas Sequestration in corn plantation",2012,กัญจน์นรี ช่วงฉ่ำ,มหาวิทยาลัยเกษตรศาสตร์,Dataset,http://doi.nrct.go.th/?page=resolve_doi&resolve_doi=10.14455/NRCT.res.2012.18,True,10.14455/nrct.res.2012.18,datacite,titles.title:biochar AND (titles.title:yield OR titles.title:emissions),TITLE_SCREEN_ONLY_NOT_FORMAL_EVIDENCE,False
datacite,titles.title:biochar AND (titles.title:yield OR titles.title:emissions),10.6084/m9.figshare.12771359,Biochar PM Emissions,2020,Sujith Ravi,figshare,Dataset,https://figshare.com/articles/dataset/Biochar_PM_Emissions/12771359,True,10.6084/m9.figshare.12771359,datacite,titles.title:biochar AND (titles.title:yield OR titles.title:emissions),TITLE_SCREEN_ONLY_NOT_FORMAL_EVIDENCE,False
datacite,titles.title:biochar AND (titles.title:yield OR titles.title:emissions),10.5281/zenodo.1075003,Effect Of Oxygen On Biochar Yield And Properties,2013,Ramlan Zailani,Zenodo,Text,https://zenodo.org/record/1075003,True,10.5281/zenodo.1075003,datacite,titles.title:biochar AND (titles.title:yield OR titles.title:emissions),TITLE_SCREEN_ONLY_NOT_FORMAL_EVIDENCE,False
datacite,titles.title:biochar AND (titles.title:yield OR titles.title:emissions),10.5281/zenodo.1075004,Effect Of Oxygen On Biochar Yield And Properties,2013,Ramlan Zailani,Zenodo,Text,https://zenodo.org/record/1075004,True,10.5281/zenodo.1075004,datacite,titles.title:biochar AND (titles.title:yield OR titles.title:emissions),TITLE_SCREEN_ONLY_NOT_FORMAL_EVIDENCE,False
datacite,titles.title:biochar AND (titles.title:yield OR titles.title:emissions),10.5281/zenodo.1127425,The Effect Of Feedstock Type And Slow Pyrolysis Temperature On Biochar Yield From Coconut Wastes,2016,Adilah Shariff,Zenodo,Text,https://zenodo.org/record/1127425,True,10.5281/zenodo.1127425,datacite,titles.title:biochar AND (titles.title:yield OR titles.title:emissions),TITLE_SCREEN_ONLY_NOT_FORMAL_EVIDENCE,False
datacite,titles.title:biochar AND (titles.title:yield OR titles.title:emissions),10.5281/zenodo.1127426,The Effect Of Feedstock Type And Slow Pyrolysis Temperature On Biochar Yield From Coconut Wastes,2016,Adilah Shariff,Zenodo,Text,https://zenodo.org/record/1127426,True,10.5281/zenodo.1127426,datacite,titles.title:biochar AND (titles.title:yield OR titles.title:emissions),TITLE_SCREEN_ONLY_NOT_FORMAL_EVIDENCE,False
datacite,titles.title:biochar AND (titles.title:yield OR titles.title:emissions),10.5071/28theubce2020-4av.2.40,Monitoring of Ammonia Emissions from Stored Buffalo Digestate Covered with Biochar,2020,"Scotto Di Perta, E.",ETA-Florence Renewable Energies,Text,http://www.etaflorence.it/proceedings?detail=17957,True,10.5071/28theubce2020-4av.2.40,datacite,titles.title:biochar AND (titles.title:yield OR titles.title:emissions),TITLE_SCREEN_ONLY_NOT_FORMAL_EVIDENCE,False
datacite,titles.title:biochar AND (titles.title:yield OR titles.title:emissions),10.6084/m9.figshare.1461581.v1,Impact of rice-straw biochar on some selected soil properties and rice (Oryza sativa L.) grain yield,2015,"Iqbal, Zahid",figshare,Text,https://figshare.com/articles/journal_contribution/Impact_of_rice_straw_biochar_on_some_selected_soil_properties_and_rice_Oryza_sativa_L_grain_yield/1461581/1,True,10.6084/m9.figshare.1461581.v1,datacite,titles.title:biochar AND (titles.title:yield OR titles.title:emissions),TITLE_SCREEN_ONLY_NOT_FORMAL_EVIDENCE,False
datacite,titles.title:biochar AND (titles.title:yield OR titles.title:emissions),10.6084/m9.figshare.5325328.v1,"Effects of inhibitors and biochar on nitrous oxide emissions, nitrate leaching, and plant nitrogen uptake from urine patches of grazing animals on grasslands: a meta-analysis",2017,Yanjiang Cai,Taylor & Francis,Text,https://tandf.figshare.com/articles/journal_contribution/Effects_of_inhibitors_and_biochar_on_nitrous_oxide_emissions_nitrate_leaching_and_plant_nitrogen_uptake_from_urine_patches_of_grazing_animals_on_grasslands_a_meta-analysis/5325328/1,True,10.6084/m9.figshare.5325328.v1,datacite,titles.title:biochar AND (titles.title:yield OR titles.title:emissions),TITLE_SCREEN_ONLY_NOT_FORMAL_EVIDENCE,False
datacite,titles.title:biochar AND (titles.title:yield OR titles.title:emissions),10.6084/m9.figshare.5325328,"Effects of inhibitors and biochar on nitrous oxide emissions, nitrate leaching, and plant nitrogen uptake from urine patches of grazing animals on grasslands: a meta-analysis",2017,Yanjiang Cai,Taylor & Francis,Text,https://tandf.figshare.com/articles/journal_contribution/Effects_of_inhibitors_and_biochar_on_nitrous_oxide_emissions_nitrate_leaching_and_plant_nitrogen_uptake_from_urine_patches_of_grazing_animals_on_grasslands_a_meta-analysis/5325328,True,10.6084/m9.figshare.5325328,datacite,titles.title:biochar AND (titles.title:yield OR titles.title:emissions),TITLE_SCREEN_ONLY_NOT_FORMAL_EVIDENCE,False
datacite,titles.title:biochar AND (titles.title:yield OR titles.title:emissions),10.14456/ea.2014.13,A Comparative Study of Pelleted Broiler Litter Biochar Derived from Lab-Scale Pyrolysis Reactor with That Resulted from 200-Liter-Oil Drum Kiln to Ameliorate the Relations between Physicochemical Properties of Soil with Lower Organic Matter Soil and Soybean Yield,2014,Chintana Sanvong,Thai Society of Higher Education Institutes on Environment,Text,http://doi.nrct.go.th/?page=resolve_doi&resolve_doi=10.14456/ea.2014.13,True,10.14456/ea.2014.13,datacite,titles.title:biochar AND (titles.title:yield OR titles.title:emissions),TITLE_SCREEN_ONLY_NOT_FORMAL_EVIDENCE,False
datacite,titles.title:biochar AND (titles.title:yield OR titles.title:emissions),10.22004/ag.econ.304060,Water and cow urine quenched biochar rate effect on yield and yield parameters of wheat,2020,"Temesgen, J.",Unknown,Text,https://ageconsearch.umn.edu/record/304060,True,10.22004/ag.econ.304060,datacite,titles.title:biochar AND (titles.title:yield OR titles.title:emissions),TITLE_SCREEN_ONLY_NOT_FORMAL_EVIDENCE,False
datacite,titles.title:biochar AND (titles.title:yield OR titles.title:emissions),10.5281/zenodo.3590965,"Effect of Rhizobium Innoculation on Growth, Nodulation Count and Yield of Soybeans Glycine Max Grown in Biochar Amended Soil of Sounthern Guinea Savana of Nigeria",2019,"Ndor, E",Zenodo,Text,https://zenodo.org/record/3590965,True,10.5281/zenodo.3590965,datacite,titles.title:biochar AND (titles.title:yield OR titles.title:emissions),TITLE_SCREEN_ONLY_NOT_FORMAL_EVIDENCE,False
datacite,titles.title:biochar AND (titles.title:yield OR titles.title:emissions),10.5281/zenodo.3590964,"Effect of Rhizobium Innoculation on Growth, Nodulation Count and Yield of Soybeans Glycine Max Grown in Biochar Amended Soil of Sounthern Guinea Savana of Nigeria",2019,"Ndor, E",Zenodo,Text,https://zenodo.org/record/3590964,True,10.5281/zenodo.3590964,datacite,titles.title:biochar AND (titles.title:yield OR titles.title:emissions),TITLE_SCREEN_ONLY_NOT_FORMAL_EVIDENCE,False
datacite,titles.title:biochar AND (titles.title:yield OR titles.title:emissions),10.22004/ag.econ.274372,Economic Impacts of Biochar-Induced Yield Increases in the United States,2018,"Dumortier, Jerome",Unknown,Text,https://ageconsearch.umn.edu/record/274372,True,10.22004/ag.econ.274372,datacite,titles.title:biochar AND (titles.title:yield OR titles.title:emissions),TITLE_SCREEN_ONLY_NOT_FORMAL_EVIDENCE,False
datacite,titles.title:biochar AND (titles.title:yield OR titles.title:emissions),10.5073/jfk.2018.12.01,"Influence of arbuscular mycorrhiza fungi, rice-husk-drived biochar and compost on dry matter yield, nutrients uptake and secondary metabolites responses of Iranian borage Echium amoenum Fisch &amp; C. A. Mey Einfluss vesikulär-arbuskulärer Mykorrhiza, Biochar aus Resisspreu und Biokompost auf Ertrag, Nährstoffaufnahme und sekundäre Inhaltstoffe von iranischem Gurkenkraut (Echium amoneum; Fisch &amp; C. A. Mey)",2018,"Ahmadabadi, Zahra",Journal of Cultivated Plants,Text,https://ojs.openagrar.de/index.php/Kulturpflanzenjournal/article/view/13345,True,10.5073/jfk.2018.12.01,datacite,titles.title:biochar AND (titles.title:yield OR titles.title:emissions),TITLE_SCREEN_ONLY_NOT_FORMAL_EVIDENCE,False
datacite,titles.title:biochar AND (titles.title:yield OR titles.title:emissions),10.5281/zenodo.2585654,Utilization of biochar in improving yield of wheat in Bangladesh,2017,"Iqbal, Toufiq",Zenodo,Text,https://zenodo.org/record/2585654,True,10.5281/zenodo.2585654,datacite,titles.title:biochar AND (titles.title:yield OR titles.title:emissions),TITLE_SCREEN_ONLY_NOT_FORMAL_EVIDENCE,False
datacite,titles.title:biochar AND (titles.title:yield OR titles.title:emissions),10.5281/zenodo.2585655,Utilization of biochar in improving yield of wheat in Bangladesh,2017,"Iqbal, Toufiq",Zenodo,Text,https://zenodo.org/record/2585655,True,10.5281/zenodo.2585655,datacite,titles.title:biochar AND (titles.title:yield OR titles.title:emissions),TITLE_SCREEN_ONLY_NOT_FORMAL_EVIDENCE,False
datacite,titles.title:biochar AND (titles.title:yield OR titles.title:emissions),10.14456/kaj.2019.34,Maturity and Quality Assessment of Biochar Composts through C-cycling Enzyme Activity Profiles and CO2-C Emissions,2019,Bhanudacha Kamolmanit,Faculty of Agriculture,Text,http://doi.nrct.go.th/?page=resolve_doi&resolve_doi=10.14456/kaj.2019.34,True,10.14456/kaj.2019.34,datacite,titles.title:biochar AND (titles.title:yield OR titles.title:emissions),TITLE_SCREEN_ONLY_NOT_FORMAL_EVIDENCE,False
datacite,titles.title:biochar AND (titles.title:yield OR titles.title:emissions),10.5071/26theubce2018-4bv.6.1,Biochar Application on the Energy Grass Giant Reed: Yield and Nitrogen Uptake,2018,"Ceotto, E.",ETA-Florence Renewable Energies,Text,http://www.etaflorence.it/proceedings?detail=14939,True,10.5071/26theubce2018-4bv.6.1,datacite,titles.title:biochar AND (titles.title:yield OR titles.title:emissions),TITLE_SCREEN_ONLY_NOT_FORMAL_EVIDENCE,False
datacite,"titles.title:""crop residue"" AND (titles.title:burning OR titles.title:removal)",10.6084/m9.figshare.1569014.v1,Differences in CO2 and N2O emission rates following crop residue incorporation with or without field burning: A case study of adzuki bean residue and wheat straw,2015,"Koga, Nobuhisa",Taylor & Francis,JournalArticle,https://tandf.figshare.com/articles/journal_contribution/Differences_in_CO_sub_2_sub_and_N_sub_2_sub_O_emission_rates_following_crop_residue_incorporation_with_or_without_field_burning_A_case_study_of_adzuki_bean_residue_and_wheat_straw/1569014/1,True,10.6084/m9.figshare.1569014.v1,datacite,"titles.title:""crop residue"" AND (titles.title:burning OR titles.title:removal)",TITLE_SCREEN_ONLY_NOT_FORMAL_EVIDENCE,False
datacite,"titles.title:""crop residue"" AND (titles.title:burning OR titles.title:removal)",10.6084/m9.figshare.1569014,Differences in CO2 and N2O emission rates following crop residue incorporation with or without field burning: A case study of adzuki bean residue and wheat straw,2015,"Koga, Nobuhisa",Taylor & Francis,JournalArticle,https://tandf.figshare.com/articles/journal_contribution/Differences_in_CO_sub_2_sub_and_N_sub_2_sub_O_emission_rates_following_crop_residue_incorporation_with_or_without_field_burning_A_case_study_of_adzuki_bean_residue_and_wheat_straw/1569014,True,10.6084/m9.figshare.1569014,datacite,"titles.title:""crop residue"" AND (titles.title:burning OR titles.title:removal)",TITLE_SCREEN_ONLY_NOT_FORMAL_EVIDENCE,False
datacite,"titles.title:""crop residue"" AND (titles.title:burning OR titles.title:removal)",10.13140/rg.2.2.26707.94245,"Indiscriminate crop residue burning: scenario, impacts and management",2020,Sudip Sengupta,Unpublished,Text,https://www.researchgate.net/doi/10.13140/RG.2.2.26707.94245,True,10.13140/rg.2.2.26707.94245,datacite,"titles.title:""crop residue"" AND (titles.title:burning OR titles.title:removal)",TITLE_SCREEN_ONLY_NOT_FORMAL_EVIDENCE,False
datacite,"titles.title:""crop residue"" AND (titles.title:burning OR titles.title:removal)",10.13140/rg.2.2.28349.00488,"Delivered a lecture on “Crop residue burning management and celebration of green Diwali through plantation in the campus” on 24-10-2019 at Department of Agriculture, Swami Vivekanand Group of Institutes, Ram Nagar, Punjab.",2019,Dalveer Singh Somal,Unpublished,Text,https://www.researchgate.net/doi/10.13140/RG.2.2.28349.00488,True,10.13140/rg.2.2.28349.00488,datacite,"titles.title:""crop residue"" AND (titles.title:burning OR titles.title:removal)",TITLE_SCREEN_ONLY_NOT_FORMAL_EVIDENCE,False
datacite,"titles.title:""crop residue"" AND (titles.title:burning OR titles.title:removal)",10.6084/m9.figshare.c.2115512.v1,Differences in CO2 and N2O emission rates following crop residue incorporation with or without field burning: A case study of adzuki bean residue and wheat straw,2016,"Koga, Nobuhisa",Figshare,Collection,https://figshare.com/collections/Differences_in_CO_sub_2_sub_and_N_sub_2_sub_O_emission_rates_following_crop_residue_incorporation_with_or_without_field_burning_A_case_study_of_adzuki_bean_residue_and_wheat_straw/2115512/1,True,10.6084/m9.figshare.c.2115512.v1,datacite,"titles.title:""crop residue"" AND (titles.title:burning OR titles.title:removal)",TITLE_SCREEN_ONLY_NOT_FORMAL_EVIDENCE,False
datacite,"titles.title:""crop residue"" AND (titles.title:burning OR titles.title:removal)",10.6084/m9.figshare.c.2115512,Differences in CO2 and N2O emission rates following crop residue incorporation with or without field burning: A case study of adzuki bean residue and wheat straw,2016,"Koga, Nobuhisa",Figshare,Collection,https://figshare.com/collections/Differences_in_CO_sub_2_sub_and_N_sub_2_sub_O_emission_rates_following_crop_residue_incorporation_with_or_without_field_burning_A_case_study_of_adzuki_bean_residue_and_wheat_straw/2115512,True,10.6084/m9.figshare.c.2115512,datacite,"titles.title:""crop residue"" AND (titles.title:burning OR titles.title:removal)",TITLE_SCREEN_ONLY_NOT_FORMAL_EVIDENCE,False
datacite,"titles.title:""crop residue"" AND (titles.title:burning OR titles.title:removal)",10.60692/mx6p2-tbh76,"Impact of crop residue burning on physico-chemical properties of agricultural soil of Sagar district, Madhya Pradesh, India تأثير حرق بقايا المحاصيل على الخصائص الفيزيائية والكيميائية للتربة الزراعية في منطقة ساجار، ماديا براديش، الهند Impact de la combustion des résidus de culture sur les propriétés physico-chimiques des sols agricoles du district de Sagar, Madhya Pradesh, Inde Impacto de la quema de residuos de cultivos en las propiedades fisicoquímicas del suelo agrícola del distrito de Sagar, Madhya Pradesh, India",2023,Ragini Kumari,OpenAlex,Text,https://gresis.osc.int//doi/10.60692/mx6p2-tbh76,True,10.60692/mx6p2-tbh76,datacite,"titles.title:""crop residue"" AND (titles.title:burning OR titles.title:removal)",TITLE_SCREEN_ONLY_NOT_FORMAL_EVIDENCE,False
datacite,"titles.title:""crop residue"" AND (titles.title:burning OR titles.title:removal)",10.60692/9bnm4-5fx55,"Impact of crop residue burning on physico-chemical properties of agricultural soil of Sagar district, Madhya Pradesh, India تأثير حرق بقايا المحاصيل على الخصائص الفيزيائية والكيميائية للتربة الزراعية في منطقة ساجار، ماديا براديش، الهند Impact de la combustion des résidus de culture sur les propriétés physico-chimiques des sols agricoles du district de Sagar, Madhya Pradesh, Inde Impacto de la quema de residuos de cultivos en las propiedades fisicoquímicas del suelo agrícola del distrito de Sagar, Madhya Pradesh, India",2023,Ragini Kumari,OpenAlex,Text,https://gresis.osc.int//doi/10.60692/9bnm4-5fx55,True,10.60692/9bnm4-5fx55,datacite,"titles.title:""crop residue"" AND (titles.title:burning OR titles.title:removal)",TITLE_SCREEN_ONLY_NOT_FORMAL_EVIDENCE,False
datacite,"titles.title:""crop residue"" AND (titles.title:burning OR titles.title:removal)",10.5281/zenodo.10691270,"source code and relevant data for ""AgriFireInfo v1.0: An Open-Source Platform for the Monitoring and Management of Open-Field Crop Residue Burning """,2024,"Yang, Guangyi",Zenodo,Software,https://zenodo.org/doi/10.5281/zenodo.10691270,True,10.5281/zenodo.10691270,datacite,"titles.title:""crop residue"" AND (titles.title:burning OR titles.title:removal)",TITLE_SCREEN_ONLY_NOT_FORMAL_EVIDENCE,False
datacite,"titles.title:""crop residue"" AND (titles.title:burning OR titles.title:removal)",10.5281/zenodo.10691269,"source code and relevant data for ""AgriFireInfo v1.0: An Open-Source Platform for the Monitoring and Management of Open-Field Crop Residue Burning """,2024,"Yang, Guangyi",Zenodo,Software,https://zenodo.org/doi/10.5281/zenodo.10691269,True,10.5281/zenodo.10691269,datacite,"titles.title:""crop residue"" AND (titles.title:burning OR titles.title:removal)",TITLE_SCREEN_ONLY_NOT_FORMAL_EVIDENCE,False
datacite,"titles.title:""crop residue"" AND (titles.title:burning OR titles.title:removal)",10.5281/zenodo.10548156,AgriFireInfo: An open-source platform for monitoring and management of open-field crop residue burning,2024,"Yang, Guangyi",Zenodo,Software,https://zenodo.org/doi/10.5281/zenodo.10548156,True,10.5281/zenodo.10548156,datacite,"titles.title:""crop residue"" AND (titles.title:burning OR titles.title:removal)",TITLE_SCREEN_ONLY_NOT_FORMAL_EVIDENCE,False
datacite,"titles.title:""crop residue"" AND (titles.title:burning OR titles.title:removal)",10.5281/zenodo.10547952,AgriFireInfo: An open-source platform for monitoring and management of open-field crop residue burning,2024,"Yang, Guangyi",Zenodo,Software,https://zenodo.org/doi/10.5281/zenodo.10547952,True,10.5281/zenodo.10547952,datacite,"titles.title:""crop residue"" AND (titles.title:burning OR titles.title:removal)",TITLE_SCREEN_ONLY_NOT_FORMAL_EVIDENCE,False
datacite,"titles.title:""crop residue"" AND (titles.title:burning OR titles.title:removal)",10.5281/zenodo.10547953,AgriFireInfo: An open-source platform for monitoring and management of open-field crop residue burning,2024,"Yang, Guangyi",Zenodo,Software,https://zenodo.org/doi/10.5281/zenodo.10547953,True,10.5281/zenodo.10547953,datacite,"titles.title:""crop residue"" AND (titles.title:burning OR titles.title:removal)",TITLE_SCREEN_ONLY_NOT_FORMAL_EVIDENCE,False
datacite,"titles.title:""crop residue"" AND (titles.title:burning OR titles.title:removal)",10.5281/zenodo.7952750,Crop Residue Burning: Its Impact and Management,2023,"Soham Bachaspati1, Madhusri Pramanik2",Zenodo,JournalArticle,https://zenodo.org/record/7952750,True,10.5281/zenodo.7952750,datacite,"titles.title:""crop residue"" AND (titles.title:burning OR titles.title:removal)",TITLE_SCREEN_ONLY_NOT_FORMAL_EVIDENCE,False
datacite,"titles.title:""crop residue"" AND (titles.title:burning OR titles.title:removal)",10.5281/zenodo.7952751,Crop Residue Burning: Its Impact and Management,2023,"Soham Bachaspati1, Madhusri Pramanik2",Zenodo,JournalArticle,https://zenodo.org/record/7952751,True,10.5281/zenodo.7952751,datacite,"titles.title:""crop residue"" AND (titles.title:burning OR titles.title:removal)",TITLE_SCREEN_ONLY_NOT_FORMAL_EVIDENCE,False
datacite,"titles.title:""crop residue"" AND (titles.title:burning OR titles.title:removal)",10.5281/zenodo.7013656,Crop Residue Burning Emission Coefficients,2022,"Hall, Joanne",Zenodo,Dataset,https://zenodo.org/record/7013656,True,10.5281/zenodo.7013656,datacite,"titles.title:""crop residue"" AND (titles.title:burning OR titles.title:removal)",TITLE_SCREEN_ONLY_NOT_FORMAL_EVIDENCE,False
datacite,"titles.title:""crop residue"" AND (titles.title:burning OR titles.title:removal)",10.5281/zenodo.7013655,Crop Residue Burning Emission Coefficients,2022,"Hall, Joanne",Zenodo,Dataset,https://zenodo.org/record/7013655,True,10.5281/zenodo.7013655,datacite,"titles.title:""crop residue"" AND (titles.title:burning OR titles.title:removal)",TITLE_SCREEN_ONLY_NOT_FORMAL_EVIDENCE,False
datacite,"titles.title:""crop residue"" AND (titles.title:burning OR titles.title:removal)",10.6084/m9.figshare.13383047.v1,Point estimate of GHG emissions from crop residue open burning by province (100 Mt CO2-eq),2021,"Hao, Jiming",figshare,Dataset,https://springernature.figshare.com/articles/dataset/Point_estimate_of_GHG_emissions_from_crop_residue_open_burning_by_province_100_Mt_CO2-eq_/13383047/1,True,10.6084/m9.figshare.13383047.v1,datacite,"titles.title:""crop residue"" AND (titles.title:burning OR titles.title:removal)",TITLE_SCREEN_ONLY_NOT_FORMAL_EVIDENCE,False
datacite,"titles.title:""crop residue"" AND (titles.title:burning OR titles.title:removal)",10.6084/m9.figshare.13383047,Point estimate of GHG emissions from crop residue open burning by province (100 Mt CO2-eq),2021,"Hao, Jiming",figshare,Dataset,https://springernature.figshare.com/articles/dataset/Point_estimate_of_GHG_emissions_from_crop_residue_open_burning_by_province_100_Mt_CO2-eq_/13383047,True,10.6084/m9.figshare.13383047,datacite,"titles.title:""crop residue"" AND (titles.title:burning OR titles.title:removal)",TITLE_SCREEN_ONLY_NOT_FORMAL_EVIDENCE,False
datacite,"titles.title:""crop residue"" AND (titles.title:burning OR titles.title:removal)",10.22004/ag.econ.309309,Crop Residue Removal and Tillage: Effects on Soil Erosion and Nutrient Loss in the Corn Belt,1981,"Lindstrom, M. J.",Unknown,Text,https://ageconsearch.umn.edu/record/309309,True,10.22004/ag.econ.309309,datacite,"titles.title:""crop residue"" AND (titles.title:burning OR titles.title:removal)",TITLE_SCREEN_ONLY_NOT_FORMAL_EVIDENCE,False
datacite,"titles.title:""crop residue"" AND (titles.title:burning OR titles.title:removal)",10.6084/m9.figshare.4641184.v1,Development of the Crop Residue and Rangeland Burning in the 2014 National Emissions Inventory Using Information from Multiple Sources,2017,"Pouliot, George",Taylor & Francis,Text,https://tandf.figshare.com/articles/journal_contribution/Development_of_the_Crop_Residue_and_Rangeland_Burning_in_the_2014_National_Emissions_Inventory_Using_Information_from_Multiple_Sources/4641184/1,True,10.6084/m9.figshare.4641184.v1,datacite,"titles.title:""crop residue"" AND (titles.title:burning OR titles.title:removal)",TITLE_SCREEN_ONLY_NOT_FORMAL_EVIDENCE,False
datacite,"titles.title:""crop residue"" AND (titles.title:burning OR titles.title:removal)",10.6084/m9.figshare.4641184.v2,Development of the crop residue and rangeland burning in the 2014 National Emissions Inventory using information from multiple sources,2017,"Pouliot, George",Taylor & Francis,Text,https://tandf.figshare.com/articles/journal_contribution/Development_of_the_Crop_Residue_and_Rangeland_Burning_in_the_2014_National_Emissions_Inventory_Using_Information_from_Multiple_Sources/4641184/2,True,10.6084/m9.figshare.4641184.v2,datacite,"titles.title:""crop residue"" AND (titles.title:burning OR titles.title:removal)",TITLE_SCREEN_ONLY_NOT_FORMAL_EVIDENCE,False
datacite,"titles.title:""crop residue"" AND (titles.title:burning OR titles.title:removal)",10.6084/m9.figshare.4641184,Development of the crop residue and rangeland burning in the 2014 National Emissions Inventory using information from multiple sources,2017,"Pouliot, George",Taylor & Francis,Text,https://tandf.figshare.com/articles/journal_contribution/Development_of_the_Crop_Residue_and_Rangeland_Burning_in_the_2014_National_Emissions_Inventory_Using_Information_from_Multiple_Sources/4641184,True,10.6084/m9.figshare.4641184,datacite,"titles.title:""crop residue"" AND (titles.title:burning OR titles.title:removal)",TITLE_SCREEN_ONLY_NOT_FORMAL_EVIDENCE,False
datacite,"titles.title:""crop residue"" AND (titles.title:burning OR titles.title:removal)",10.22004/ag.econ.235742,Abatement costs of Emissions from Crop Residue Burning in major crop producing regions of China: Balancing food security with the environment,2016,"Hou, Lingling",Unknown,Text,https://ageconsearch.umn.edu/record/235742,True,10.22004/ag.econ.235742,datacite,"titles.title:""crop residue"" AND (titles.title:burning OR titles.title:removal)",TITLE_SCREEN_ONLY_NOT_FORMAL_EVIDENCE,False
