effect_id,study_id,paper_doi,paper_title,citation,publication_year,experiment_year,country,location,latitude,longitude,broad_climate,koppen_climate,crop_as_reported,crop_core,season,residue_as_reported,pathway,outcome,outcome_unit,treatment_arm,control_arm,treatment_mean,control_mean,treatment_sd,control_sd,treatment_n,control_n,lnrr,variance_lnrr,percent_change,shared_control_group,source_locator,variance_provenance,analysis_tier,source_analysis_tier,tier_reconciliation,formal_decision,variance_origin_status,independence_resolution,sensitivity_note,quality_flags,system_boundary,gwp_version,soc_measure,soil_depth,water_regime,nitrogen_rate,extraction_method
amgain_2025_direct_return_vs_removal_yield,amgain_bhairahawa_2019_2021,10.3126/jiaas.v39i1.88273,Effect of crop residue management and fertilizer rates on paddy yield and soil organic matter under paddy-wheat cropping system in western Terai of Nepal,Amgain et al. 2025,2025,2019-2021 pooled,Nepal,"National Wheat Research Program, Bhairahawa, Rupandehi",,,,,paddy in paddy-wheat rotation,,,,direct_return,yield,kg ha-1 paddy grain yield,crop residue incorporated into soil (R2),post-harvest crop residue removed (R3),3648,3545,108.945995796,108.945995796,3,3,0.028640912228,0.000612122466186,2.90550070522,amgain_2025_removal_yield,Table 2,reported residue-main-effect SEM converted to residual SD as SEM*sqrt(3 blocks),A_primary_exact_pair_reported_SEM,A_primary_exact_pair_reported_SEM,,ADMIT_MATCHED_RESIDUE_MANAGEMENT_VS_REMOVAL; SHARED_CONTROL_AND_POOLED_YEAR_DEPENDENCE_ENCODED,documented_or_reconstructed,"three blocks are the independent units; fertilizer subplots and three years are pooled, not counted as independent studies",model shared removal control across pathways,,three-year pooled paddy yield,,,,,,
amgain_2025_open_burning_vs_removal_yield,amgain_bhairahawa_2019_2021,10.3126/jiaas.v39i1.88273,Effect of crop residue management and fertilizer rates on paddy yield and soil organic matter under paddy-wheat cropping system in western Terai of Nepal,Amgain et al. 2025,2025,2019-2021 pooled,Nepal,"National Wheat Research Program, Bhairahawa, Rupandehi",,,,,paddy in paddy-wheat rotation,,,,open_burning,yield,kg ha-1 paddy grain yield,crop residue burned in field (R1),post-harvest crop residue removed (R3),3353,3545,108.945995796,108.945995796,3,3,-0.0556826925,0.000666736797215,-5.41607898449,amgain_2025_removal_yield,Table 2,reported residue-main-effect SEM converted to residual SD as SEM*sqrt(3 blocks),A_primary_exact_pair_reported_SEM,A_primary_exact_pair_reported_SEM,,ADMIT_MATCHED_RESIDUE_MANAGEMENT_VS_REMOVAL; SHARED_CONTROL_AND_POOLED_YEAR_DEPENDENCE_ENCODED,documented_or_reconstructed,"three blocks are the independent units; fertilizer subplots and three years are pooled, not counted as independent studies",model shared removal control across pathways,,three-year pooled paddy yield,,,,,,
amgain_2025_direct_return_vs_removal_SOC_0_10cm,amgain_bhairahawa_2019_2021,10.3126/jiaas.v39i1.88273,Effect of crop residue management and fertilizer rates on paddy yield and soil organic matter under paddy-wheat cropping system in western Terai of Nepal,Amgain et al. 2025,2025,2019-2021 pooled,Nepal,"National Wheat Research Program, Bhairahawa, Rupandehi",,,,,paddy in paddy-wheat rotation,,,,direct_return,SOC,"soil organic matter percent, 0-10 cm",crop residue incorporated into soil (R2),post-harvest crop residue removed (R3),2.23,1.9,0.0692820323028,0.0692820323028,3,3,0.1601476993,0.000764957148075,17.3684210526,amgain_2025_removal_SOC_0_10cm,Table 4,reported residue-main-effect SEM converted to residual SD as SEM*sqrt(3 blocks),A_primary_exact_pair_reported_SEM,A_primary_exact_pair_reported_SEM,,ADMIT_MATCHED_RESIDUE_MANAGEMENT_VS_REMOVAL; SHARED_CONTROL_AND_POOLED_YEAR_DEPENDENCE_ENCODED,documented_or_reconstructed,"three blocks are the independent units; fertilizer subplots and three years are pooled, not counted as independent studies",model correlated outcomes within study and shared removal controls; soil endpoint is SOM proxy,,terminal 0-10 cm soil organic matter response,,Walkley-Black soil organic matter; relative-response proxy for SOC because a constant conversion factor cancels in lnRR,,,,
amgain_2025_open_burning_vs_removal_SOC_0_10cm,amgain_bhairahawa_2019_2021,10.3126/jiaas.v39i1.88273,Effect of crop residue management and fertilizer rates on paddy yield and soil organic matter under paddy-wheat cropping system in western Terai of Nepal,Amgain et al. 2025,2025,2019-2021 pooled,Nepal,"National Wheat Research Program, Bhairahawa, Rupandehi",,,,,paddy in paddy-wheat rotation,,,,open_burning,SOC,"soil organic matter percent, 0-10 cm",crop residue burned in field (R1),post-harvest crop residue removed (R3),1.85,1.9,0.0692820323028,0.0692820323028,3,3,-0.0266682470822,0.000910707817947,-2.63157894737,amgain_2025_removal_SOC_0_10cm,Table 4,reported residue-main-effect SEM converted to residual SD as SEM*sqrt(3 blocks),A_primary_exact_pair_reported_SEM,A_primary_exact_pair_reported_SEM,,ADMIT_MATCHED_RESIDUE_MANAGEMENT_VS_REMOVAL; SHARED_CONTROL_AND_POOLED_YEAR_DEPENDENCE_ENCODED,documented_or_reconstructed,"three blocks are the independent units; fertilizer subplots and three years are pooled, not counted as independent studies",model correlated outcomes within study and shared removal controls; soil endpoint is SOM proxy,,terminal 0-10 cm soil organic matter response,,Walkley-Black soil organic matter; relative-response proxy for SOC because a constant conversion factor cancels in lnRR,,,,
amgain_2025_direct_return_vs_removal_SOC_10_20cm,amgain_bhairahawa_2019_2021,10.3126/jiaas.v39i1.88273,Effect of crop residue management and fertilizer rates on paddy yield and soil organic matter under paddy-wheat cropping system in western Terai of Nepal,Amgain et al. 2025,2025,2019-2021 pooled,Nepal,"National Wheat Research Program, Bhairahawa, Rupandehi",,,,,paddy in paddy-wheat rotation,,,,direct_return,SOC,"soil organic matter percent, 10-20 cm",crop residue incorporated into soil (R2),post-harvest crop residue removed (R3),1.87,1.73,0.138564064606,0.138564064606,3,3,0.0778170223568,0.00396858665578,8.09248554913,amgain_2025_removal_SOC_10_20cm,Table 4,reported residue-main-effect SEM converted to residual SD as SEM*sqrt(3 blocks),A_primary_exact_pair_reported_SEM,A_primary_exact_pair_reported_SEM,,ADMIT_MATCHED_RESIDUE_MANAGEMENT_VS_REMOVAL; SHARED_CONTROL_AND_POOLED_YEAR_DEPENDENCE_ENCODED,documented_or_reconstructed,"three blocks are the independent units; fertilizer subplots and three years are pooled, not counted as independent studies",model correlated outcomes within study and shared removal controls; soil endpoint is SOM proxy,,terminal 10-20 cm soil organic matter response,,Walkley-Black soil organic matter; relative-response proxy for SOC because a constant conversion factor cancels in lnRR,,,,
amgain_2025_open_burning_vs_removal_SOC_10_20cm,amgain_bhairahawa_2019_2021,10.3126/jiaas.v39i1.88273,Effect of crop residue management and fertilizer rates on paddy yield and soil organic matter under paddy-wheat cropping system in western Terai of Nepal,Amgain et al. 2025,2025,2019-2021 pooled,Nepal,"National Wheat Research Program, Bhairahawa, Rupandehi",,,,,paddy in paddy-wheat rotation,,,,open_burning,SOC,"soil organic matter percent, 10-20 cm",crop residue burned in field (R1),post-harvest crop residue removed (R3),1.72,1.73,0.138564064606,0.138564064606,3,3,-0.00579711768433,0.00430172573016,-0.578034682081,amgain_2025_removal_SOC_10_20cm,Table 4,reported residue-main-effect SEM converted to residual SD as SEM*sqrt(3 blocks),A_primary_exact_pair_reported_SEM,A_primary_exact_pair_reported_SEM,,ADMIT_MATCHED_RESIDUE_MANAGEMENT_VS_REMOVAL; SHARED_CONTROL_AND_POOLED_YEAR_DEPENDENCE_ENCODED,documented_or_reconstructed,"three blocks are the independent units; fertilizer subplots and three years are pooled, not counted as independent studies",model correlated outcomes within study and shared removal controls; soil endpoint is SOM proxy,,terminal 10-20 cm soil organic matter response,,Walkley-Black soil organic matter; relative-response proxy for SOC because a constant conversion factor cancels in lnRR,,,,
basir_2016_open_burning_vs_removal_yield_pooled_2009_2011,basir_nowshera_2009_2011,10.17957/IJAB/14.0030,"Response of tillage, nitrogen and stubble management on phenology and crop establishment of wheat",Basir et al. 2016,2016,2009-2011 pooled,Pakistan,,34.0,72.0,warm-to-hot semi-arid subtropical continental,,spring wheat after maize,,winter wheat,,open_burning,yield,kg ha-1 wheat grain yield,"maize stubble burned and ash incorporated, marginal over tillage and N","maize stubble physically removed, marginal over tillage and N",2830.03,2645.59,89.9741924287,89.9741924287,4,4,0.0673932094883,0.000541848459075,6.97160179771,,Table 2,SE difference reconstructed from LSD0.05 with subplot error df=(4-1)*3*(6-1)=45; equal-arm SE used for delta-method lnRR variance,A_primary_matched_marginal_mean_LSD_reconstructed_variance,A_primary_matched_marginal_mean_LSD_reconstructed_variance,,ADMIT_MATCHED_BURNING_VS_REMOVAL_MARGINAL_MAIN_EFFECT; LSD_VARIANCE_SENSITIVITY_REQUIRED,documented_or_reconstructed,"one two-year field experiment; years, tillage levels and N strata are pooled in the published residue-management marginal mean",exclude in LSD-reconstructed-variance sensitivity analysis; do not split crossed factor cells or years into independent studies,,subsequent wheat grain yield; combustion emissions excluded,,,,irrigated at critical stages,,
dong_2024_CH4_2015_N1C1_vs_N1C0,dong_harbin_2015_2017,10.3390/agronomy14123050,Biochar: An Option to Maintain Rice Yield and Mitigate Greenhouse Gas Emissions from Rice Fields in Northeast China,Dong et al. 2024,2024,2015,China,"Minzhu, Harbin, Heilongjiang",45.8167,126.8,northern temperate,,rice,rice,single rice season,rice straw,biochar_return,CH4,kg CH4 ha-1 per rice season,N1C1,N1C0,272.68,193.34,37.8106691292,50.9049732344,3,3,0.343848649458,0.0295168048778,41.0365159822,dong_2024_2015_N1C0_CH4,"Table 2, p. 6","primary table mean ± SE, n=3; delta-method lnRR variance",A_primary_exact_table_mean_SE,A_primary_exact_table_mean_SE,,ADMIT_N_MATCHED_FIXED_FIELD_TRIAL_SHARED_CONTROLS,documented_or_reconstructed,3 biochar subplots share C0 within each N stratum and year; 2015-2017 are repeated measurements of one fixed trial,GWP/GHGI are derived from CH4/N2O and should not be counted as independent endpoints; yearly effects and doses share plots/controls,,,,,,continuous flooding,120.0,automated transcription from primary numeric PDF table with row and anchor assertions
dong_2024_CH4_2015_N1C2_vs_N1C0,dong_harbin_2015_2017,10.3390/agronomy14123050,Biochar: An Option to Maintain Rice Yield and Mitigate Greenhouse Gas Emissions from Rice Fields in Northeast China,Dong et al. 2024,2024,2015,China,"Minzhu, Harbin, Heilongjiang",45.8167,126.8,northern temperate,,rice,rice,single rice season,rice straw,biochar_return,CH4,kg CH4 ha-1 per rice season,N1C2,N1C0,255.91,193.34,20.368917497,50.9049732344,3,3,0.280375523131,0.0252193864796,32.3626771491,dong_2024_2015_N1C0_CH4,"Table 2, p. 6","primary table mean ± SE, n=3; delta-method lnRR variance",A_primary_exact_table_mean_SE,A_primary_exact_table_mean_SE,,ADMIT_N_MATCHED_FIXED_FIELD_TRIAL_SHARED_CONTROLS,documented_or_reconstructed,3 biochar subplots share C0 within each N stratum and year; 2015-2017 are repeated measurements of one fixed trial,GWP/GHGI are derived from CH4/N2O and should not be counted as independent endpoints; yearly effects and doses share plots/controls,,,,,,continuous flooding,120.0,automated transcription from primary numeric PDF table with row and anchor assertions
dong_2024_CH4_2015_N1C3_vs_N1C0,dong_harbin_2015_2017,10.3390/agronomy14123050,Biochar: An Option to Maintain Rice Yield and Mitigate Greenhouse Gas Emissions from Rice Fields in Northeast China,Dong et al. 2024,2024,2015,China,"Minzhu, Harbin, Heilongjiang",45.8167,126.8,northern temperate,,rice,rice,single rice season,rice straw,biochar_return,CH4,kg CH4 ha-1 per rice season,N1C3,N1C0,242.61,193.34,53.4684084297,50.9049732344,3,3,0.227004918739,0.0392979840738,25.4836040137,dong_2024_2015_N1C0_CH4,"Table 2, p. 6","primary table mean ± SE, n=3; delta-method lnRR variance",A_primary_exact_table_mean_SE,A_primary_exact_table_mean_SE,,ADMIT_N_MATCHED_FIXED_FIELD_TRIAL_SHARED_CONTROLS,documented_or_reconstructed,3 biochar subplots share C0 within each N stratum and year; 2015-2017 are repeated measurements of one fixed trial,GWP/GHGI are derived from CH4/N2O and should not be counted as independent endpoints; yearly effects and doses share plots/controls,,,,,,continuous flooding,120.0,automated transcription from primary numeric PDF table with row and anchor assertions
dong_2024_CH4_2016_N1C1_vs_N1C0,dong_harbin_2015_2017,10.3390/agronomy14123050,Biochar: An Option to Maintain Rice Yield and Mitigate Greenhouse Gas Emissions from Rice Fields in Northeast China,Dong et al. 2024,2024,2016,China,"Minzhu, Harbin, Heilongjiang",45.8167,126.8,northern temperate,,rice,rice,single rice season,rice straw,biochar_return,CH4,kg CH4 ha-1 per rice season,N1C1,N1C0,164.16,188.04,7.08408780296,28.4749152764,3,3,-0.135813144174,0.00826443447864,-12.6994256541,dong_2024_2016_N1C0_CH4,"Table 2, p. 6","primary table mean ± SE, n=3; delta-method lnRR variance",A_primary_exact_table_mean_SE,A_primary_exact_table_mean_SE,,ADMIT_N_MATCHED_FIXED_FIELD_TRIAL_SHARED_CONTROLS,documented_or_reconstructed,3 biochar subplots share C0 within each N stratum and year; 2015-2017 are repeated measurements of one fixed trial,GWP/GHGI are derived from CH4/N2O and should not be counted as independent endpoints; yearly effects and doses share plots/controls,,,,,,continuous flooding,120.0,automated transcription from primary numeric PDF table with row and anchor assertions
dong_2024_CH4_2016_N1C2_vs_N1C0,dong_harbin_2015_2017,10.3390/agronomy14123050,Biochar: An Option to Maintain Rice Yield and Mitigate Greenhouse Gas Emissions from Rice Fields in Northeast China,Dong et al. 2024,2024,2016,China,"Minzhu, Harbin, Heilongjiang",45.8167,126.8,northern temperate,,rice,rice,single rice season,rice straw,biochar_return,CH4,kg CH4 ha-1 per rice season,N1C2,N1C0,155.9,188.04,3.81051177665,28.4749152764,3,3,-0.187439930092,0.00784282887503,-17.0921080621,dong_2024_2016_N1C0_CH4,"Table 2, p. 6","primary table mean ± SE, n=3; delta-method lnRR variance",A_primary_exact_table_mean_SE,A_primary_exact_table_mean_SE,,ADMIT_N_MATCHED_FIXED_FIELD_TRIAL_SHARED_CONTROLS,documented_or_reconstructed,3 biochar subplots share C0 within each N stratum and year; 2015-2017 are repeated measurements of one fixed trial,GWP/GHGI are derived from CH4/N2O and should not be counted as independent endpoints; yearly effects and doses share plots/controls,,,,,,continuous flooding,120.0,automated transcription from primary numeric PDF table with row and anchor assertions
dong_2024_CH4_2016_N1C3_vs_N1C0,dong_harbin_2015_2017,10.3390/agronomy14123050,Biochar: An Option to Maintain Rice Yield and Mitigate Greenhouse Gas Emissions from Rice Fields in Northeast China,Dong et al. 2024,2024,2016,China,"Minzhu, Harbin, Heilongjiang",45.8167,126.8,northern temperate,,rice,rice,single rice season,rice straw,biochar_return,CH4,kg CH4 ha-1 per rice season,N1C3,N1C0,158.46,188.04,58.0063815455,28.4749152764,3,3,-0.171152510619,0.0523111240552,-15.7306955967,dong_2024_2016_N1C0_CH4,"Table 2, p. 6","primary table mean ± SE, n=3; delta-method lnRR variance",A_primary_exact_table_mean_SE,A_primary_exact_table_mean_SE,,ADMIT_N_MATCHED_FIXED_FIELD_TRIAL_SHARED_CONTROLS,documented_or_reconstructed,3 biochar subplots share C0 within each N stratum and year; 2015-2017 are repeated measurements of one fixed trial,GWP/GHGI are derived from CH4/N2O and should not be counted as independent endpoints; yearly effects and doses share plots/controls,,,,,,continuous flooding,120.0,automated transcription from primary numeric PDF table with row and anchor assertions
dong_2024_CH4_2017_N1C1_vs_N1C0,dong_harbin_2015_2017,10.3390/agronomy14123050,Biochar: An Option to Maintain Rice Yield and Mitigate Greenhouse Gas Emissions from Rice Fields in Northeast China,Dong et al. 2024,2024,2017,China,"Minzhu, Harbin, Heilongjiang",45.8167,126.8,northern temperate,,rice,rice,single rice season,rice straw,biochar_return,CH4,kg CH4 ha-1 per rice season,N1C1,N1C0,220.41,132.38,17.0607004546,4.46869108353,3,3,0.50981287361,0.00237698098064,66.497960417,dong_2024_2017_N1C0_CH4,"Table 2, p. 6","primary table mean ± SE, n=3; delta-method lnRR variance",A_primary_exact_table_mean_SE,A_primary_exact_table_mean_SE,,ADMIT_N_MATCHED_FIXED_FIELD_TRIAL_SHARED_CONTROLS,documented_or_reconstructed,3 biochar subplots share C0 within each N stratum and year; 2015-2017 are repeated measurements of one fixed trial,GWP/GHGI are derived from CH4/N2O and should not be counted as independent endpoints; yearly effects and doses share plots/controls,,,,,,continuous flooding,120.0,automated transcription from primary numeric PDF table with row and anchor assertions
dong_2024_CH4_2017_N1C2_vs_N1C0,dong_harbin_2015_2017,10.3390/agronomy14123050,Biochar: An Option to Maintain Rice Yield and Mitigate Greenhouse Gas Emissions from Rice Fields in Northeast China,Dong et al. 2024,2024,2017,China,"Minzhu, Harbin, Heilongjiang",45.8167,126.8,northern temperate,,rice,rice,single rice season,rice straw,biochar_return,CH4,kg CH4 ha-1 per rice season,N1C2,N1C0,177.91,132.38,44.3405006738,4.46869108353,3,3,0.295601229756,0.0210850242955,34.3934129023,dong_2024_2017_N1C0_CH4,"Table 2, p. 6","primary table mean ± SE, n=3; delta-method lnRR variance",A_primary_exact_table_mean_SE,A_primary_exact_table_mean_SE,,ADMIT_N_MATCHED_FIXED_FIELD_TRIAL_SHARED_CONTROLS,documented_or_reconstructed,3 biochar subplots share C0 within each N stratum and year; 2015-2017 are repeated measurements of one fixed trial,GWP/GHGI are derived from CH4/N2O and should not be counted as independent endpoints; yearly effects and doses share plots/controls,,,,,,continuous flooding,120.0,automated transcription from primary numeric PDF table with row and anchor assertions
dong_2024_CH4_2017_N1C3_vs_N1C0,dong_harbin_2015_2017,10.3390/agronomy14123050,Biochar: An Option to Maintain Rice Yield and Mitigate Greenhouse Gas Emissions from Rice Fields in Northeast China,Dong et al. 2024,2024,2017,China,"Minzhu, Harbin, Heilongjiang",45.8167,126.8,northern temperate,,rice,rice,single rice season,rice straw,biochar_return,CH4,kg CH4 ha-1 per rice season,N1C3,N1C0,233.16,132.38,31.0037094555,4.46869108353,3,3,0.566048338487,0.00627366965335,76.1293246714,dong_2024_2017_N1C0_CH4,"Table 2, p. 6","primary table mean ± SE, n=3; delta-method lnRR variance",A_primary_exact_table_mean_SE,A_primary_exact_table_mean_SE,,ADMIT_N_MATCHED_FIXED_FIELD_TRIAL_SHARED_CONTROLS,documented_or_reconstructed,3 biochar subplots share C0 within each N stratum and year; 2015-2017 are repeated measurements of one fixed trial,GWP/GHGI are derived from CH4/N2O and should not be counted as independent endpoints; yearly effects and doses share plots/controls,,,,,,continuous flooding,120.0,automated transcription from primary numeric PDF table with row and anchor assertions
dong_2024_CH4_2015_N2C1_vs_N2C0,dong_harbin_2015_2017,10.3390/agronomy14123050,Biochar: An Option to Maintain Rice Yield and Mitigate Greenhouse Gas Emissions from Rice Fields in Northeast China,Dong et al. 2024,2024,2015,China,"Minzhu, Harbin, Heilongjiang",45.8167,126.8,northern temperate,,rice,rice,single rice season,rice straw,biochar_return,CH4,kg CH4 ha-1 per rice season,N2C1,N2C0,224.05,151.76,108.357098522,37.1005282981,3,3,0.389568915605,0.0978873039396,47.6344227728,dong_2024_2015_N2C0_CH4,"Table 2, p. 6","primary table mean ± SE, n=3; delta-method lnRR variance",A_primary_exact_table_mean_SE,A_primary_exact_table_mean_SE,,ADMIT_N_MATCHED_FIXED_FIELD_TRIAL_SHARED_CONTROLS,documented_or_reconstructed,3 biochar subplots share C0 within each N stratum and year; 2015-2017 are repeated measurements of one fixed trial,GWP/GHGI are derived from CH4/N2O and should not be counted as independent endpoints; yearly effects and doses share plots/controls,,,,,,continuous flooding,180.0,automated transcription from primary numeric PDF table with row and anchor assertions
dong_2024_CH4_2015_N2C2_vs_N2C0,dong_harbin_2015_2017,10.3390/agronomy14123050,Biochar: An Option to Maintain Rice Yield and Mitigate Greenhouse Gas Emissions from Rice Fields in Northeast China,Dong et al. 2024,2024,2015,China,"Minzhu, Harbin, Heilongjiang",45.8167,126.8,northern temperate,,rice,rice,single rice season,rice straw,biochar_return,CH4,kg CH4 ha-1 per rice season,N2C2,N2C0,187.37,151.76,9.05862572359,37.1005282981,3,3,0.210784945984,0.0207007217833,23.4646810754,dong_2024_2015_N2C0_CH4,"Table 2, p. 6","primary table mean ± SE, n=3; delta-method lnRR variance",A_primary_exact_table_mean_SE,A_primary_exact_table_mean_SE,,ADMIT_N_MATCHED_FIXED_FIELD_TRIAL_SHARED_CONTROLS,documented_or_reconstructed,3 biochar subplots share C0 within each N stratum and year; 2015-2017 are repeated measurements of one fixed trial,GWP/GHGI are derived from CH4/N2O and should not be counted as independent endpoints; yearly effects and doses share plots/controls,,,,,,continuous flooding,180.0,automated transcription from primary numeric PDF table with row and anchor assertions
dong_2024_CH4_2015_N2C3_vs_N2C0,dong_harbin_2015_2017,10.3390/agronomy14123050,Biochar: An Option to Maintain Rice Yield and Mitigate Greenhouse Gas Emissions from Rice Fields in Northeast China,Dong et al. 2024,2024,2015,China,"Minzhu, Harbin, Heilongjiang",45.8167,126.8,northern temperate,,rice,rice,single rice season,rice straw,biochar_return,CH4,kg CH4 ha-1 per rice season,N2C3,N2C0,206.99,151.76,35.697567144,37.1005282981,3,3,0.310370157293,0.0298357941202,36.3929889299,dong_2024_2015_N2C0_CH4,"Table 2, p. 6","primary table mean ± SE, n=3; delta-method lnRR variance",A_primary_exact_table_mean_SE,A_primary_exact_table_mean_SE,,ADMIT_N_MATCHED_FIXED_FIELD_TRIAL_SHARED_CONTROLS,documented_or_reconstructed,3 biochar subplots share C0 within each N stratum and year; 2015-2017 are repeated measurements of one fixed trial,GWP/GHGI are derived from CH4/N2O and should not be counted as independent endpoints; yearly effects and doses share plots/controls,,,,,,continuous flooding,180.0,automated transcription from primary numeric PDF table with row and anchor assertions
dong_2024_CH4_2016_N2C1_vs_N2C0,dong_harbin_2015_2017,10.3390/agronomy14123050,Biochar: An Option to Maintain Rice Yield and Mitigate Greenhouse Gas Emissions from Rice Fields in Northeast China,Dong et al. 2024,2024,2016,China,"Minzhu, Harbin, Heilongjiang",45.8167,126.8,northern temperate,,rice,rice,single rice season,rice straw,biochar_return,CH4,kg CH4 ha-1 per rice season,N2C1,N2C0,167.52,180.57,10.5481894181,44.2538981334,3,3,-0.0750157671056,0.0213428271911,-7.22711413856,dong_2024_2016_N2C0_CH4,"Table 2, p. 6","primary table mean ± SE, n=3; delta-method lnRR variance",A_primary_exact_table_mean_SE,A_primary_exact_table_mean_SE,,ADMIT_N_MATCHED_FIXED_FIELD_TRIAL_SHARED_CONTROLS,documented_or_reconstructed,3 biochar subplots share C0 within each N stratum and year; 2015-2017 are repeated measurements of one fixed trial,GWP/GHGI are derived from CH4/N2O and should not be counted as independent endpoints; yearly effects and doses share plots/controls,,,,,,continuous flooding,180.0,automated transcription from primary numeric PDF table with row and anchor assertions
dong_2024_CH4_2016_N2C2_vs_N2C0,dong_harbin_2015_2017,10.3390/agronomy14123050,Biochar: An Option to Maintain Rice Yield and Mitigate Greenhouse Gas Emissions from Rice Fields in Northeast China,Dong et al. 2024,2024,2016,China,"Minzhu, Harbin, Heilongjiang",45.8167,126.8,northern temperate,,rice,rice,single rice season,rice straw,biochar_return,CH4,kg CH4 ha-1 per rice season,N2C2,N2C0,153.43,180.57,25.8941595732,44.2538981334,3,3,-0.162874077271,0.0295154986423,-15.0301822008,dong_2024_2016_N2C0_CH4,"Table 2, p. 6","primary table mean ± SE, n=3; delta-method lnRR variance",A_primary_exact_table_mean_SE,A_primary_exact_table_mean_SE,,ADMIT_N_MATCHED_FIXED_FIELD_TRIAL_SHARED_CONTROLS,documented_or_reconstructed,3 biochar subplots share C0 within each N stratum and year; 2015-2017 are repeated measurements of one fixed trial,GWP/GHGI are derived from CH4/N2O and should not be counted as independent endpoints; yearly effects and doses share plots/controls,,,,,,continuous flooding,180.0,automated transcription from primary numeric PDF table with row and anchor assertions
dong_2024_CH4_2016_N2C3_vs_N2C0,dong_harbin_2015_2017,10.3390/agronomy14123050,Biochar: An Option to Maintain Rice Yield and Mitigate Greenhouse Gas Emissions from Rice Fields in Northeast China,Dong et al. 2024,2024,2016,China,"Minzhu, Harbin, Heilongjiang",45.8167,126.8,northern temperate,,rice,rice,single rice season,rice straw,biochar_return,CH4,kg CH4 ha-1 per rice season,N2C3,N2C0,190.47,180.57,4.50333209968,44.2538981334,3,3,0.0533761876227,0.0202075580699,5.48263831201,dong_2024_2016_N2C0_CH4,"Table 2, p. 6","primary table mean ± SE, n=3; delta-method lnRR variance",A_primary_exact_table_mean_SE,A_primary_exact_table_mean_SE,,ADMIT_N_MATCHED_FIXED_FIELD_TRIAL_SHARED_CONTROLS,documented_or_reconstructed,3 biochar subplots share C0 within each N stratum and year; 2015-2017 are repeated measurements of one fixed trial,GWP/GHGI are derived from CH4/N2O and should not be counted as independent endpoints; yearly effects and doses share plots/controls,,,,,,continuous flooding,180.0,automated transcription from primary numeric PDF table with row and anchor assertions
dong_2024_CH4_2017_N2C1_vs_N2C0,dong_harbin_2015_2017,10.3390/agronomy14123050,Biochar: An Option to Maintain Rice Yield and Mitigate Greenhouse Gas Emissions from Rice Fields in Northeast China,Dong et al. 2024,2024,2017,China,"Minzhu, Harbin, Heilongjiang",45.8167,126.8,northern temperate,,rice,rice,single rice season,rice straw,biochar_return,CH4,kg CH4 ha-1 per rice season,N2C1,N2C0,239.35,225.85,52.394536929,34.7969007241,3,3,0.0580558537379,0.0238855130725,5.97741864069,dong_2024_2017_N2C0_CH4,"Table 2, p. 6","primary table mean ± SE, n=3; delta-method lnRR variance",A_primary_exact_table_mean_SE,A_primary_exact_table_mean_SE,,ADMIT_N_MATCHED_FIXED_FIELD_TRIAL_SHARED_CONTROLS,documented_or_reconstructed,3 biochar subplots share C0 within each N stratum and year; 2015-2017 are repeated measurements of one fixed trial,GWP/GHGI are derived from CH4/N2O and should not be counted as independent endpoints; yearly effects and doses share plots/controls,,,,,,continuous flooding,180.0,automated transcription from primary numeric PDF table with row and anchor assertions
dong_2024_CH4_2017_N2C2_vs_N2C0,dong_harbin_2015_2017,10.3390/agronomy14123050,Biochar: An Option to Maintain Rice Yield and Mitigate Greenhouse Gas Emissions from Rice Fields in Northeast China,Dong et al. 2024,2024,2017,China,"Minzhu, Harbin, Heilongjiang",45.8167,126.8,northern temperate,,rice,rice,single rice season,rice straw,biochar_return,CH4,kg CH4 ha-1 per rice season,N2C2,N2C0,156.8,225.85,33.7057087153,34.7969007241,3,3,-0.364899954184,0.0233151915077,-30.5733894178,dong_2024_2017_N2C0_CH4,"Table 2, p. 6","primary table mean ± SE, n=3; delta-method lnRR variance",A_primary_exact_table_mean_SE,A_primary_exact_table_mean_SE,,ADMIT_N_MATCHED_FIXED_FIELD_TRIAL_SHARED_CONTROLS,documented_or_reconstructed,3 biochar subplots share C0 within each N stratum and year; 2015-2017 are repeated measurements of one fixed trial,GWP/GHGI are derived from CH4/N2O and should not be counted as independent endpoints; yearly effects and doses share plots/controls,,,,,,continuous flooding,180.0,automated transcription from primary numeric PDF table with row and anchor assertions
dong_2024_CH4_2017_N2C3_vs_N2C0,dong_harbin_2015_2017,10.3390/agronomy14123050,Biochar: An Option to Maintain Rice Yield and Mitigate Greenhouse Gas Emissions from Rice Fields in Northeast China,Dong et al. 2024,2024,2017,China,"Minzhu, Harbin, Heilongjiang",45.8167,126.8,northern temperate,,rice,rice,single rice season,rice straw,biochar_return,CH4,kg CH4 ha-1 per rice season,N2C3,N2C0,240.02,225.85,48.4627815958,34.7969007241,3,3,0.0608511911027,0.0215020172148,6.27407571397,dong_2024_2017_N2C0_CH4,"Table 2, p. 6","primary table mean ± SE, n=3; delta-method lnRR variance",A_primary_exact_table_mean_SE,A_primary_exact_table_mean_SE,,ADMIT_N_MATCHED_FIXED_FIELD_TRIAL_SHARED_CONTROLS,documented_or_reconstructed,3 biochar subplots share C0 within each N stratum and year; 2015-2017 are repeated measurements of one fixed trial,GWP/GHGI are derived from CH4/N2O and should not be counted as independent endpoints; yearly effects and doses share plots/controls,,,,,,continuous flooding,180.0,automated transcription from primary numeric PDF table with row and anchor assertions
dong_2024_N2O_2015_N1C1_vs_N1C0,dong_harbin_2015_2017,10.3390/agronomy14123050,Biochar: An Option to Maintain Rice Yield and Mitigate Greenhouse Gas Emissions from Rice Fields in Northeast China,Dong et al. 2024,2024,2015,China,"Minzhu, Harbin, Heilongjiang",45.8167,126.8,northern temperate,,rice,rice,single rice season,rice straw,biochar_return,N2O,kg N2O ha-1 per rice season,N1C1,N1C0,1.05,1.15,0.502294734195,0.277128129211,3,3,-0.0909717782057,0.0956384570211,-8.69565217391,dong_2024_2015_N1C0_N2O,"Table 3, p. 8","primary table mean ± SE, n=3; delta-method lnRR variance",A_primary_exact_table_mean_SE,A_primary_exact_table_mean_SE,,ADMIT_N_MATCHED_FIXED_FIELD_TRIAL_SHARED_CONTROLS,documented_or_reconstructed,3 biochar subplots share C0 within each N stratum and year; 2015-2017 are repeated measurements of one fixed trial,GWP/GHGI are derived from CH4/N2O and should not be counted as independent endpoints; yearly effects and doses share plots/controls,,,,,,continuous flooding,120.0,automated transcription from primary numeric PDF table with row and anchor assertions
dong_2024_N2O_2015_N1C2_vs_N1C0,dong_harbin_2015_2017,10.3390/agronomy14123050,Biochar: An Option to Maintain Rice Yield and Mitigate Greenhouse Gas Emissions from Rice Fields in Northeast China,Dong et al. 2024,2024,2015,China,"Minzhu, Harbin, Heilongjiang",45.8167,126.8,northern temperate,,rice,rice,single rice season,rice straw,biochar_return,N2O,kg N2O ha-1 per rice season,N1C2,N1C0,1.2,1.15,0.190525588833,0.277128129211,3,3,0.0425596144188,0.0277600556606,4.34782608696,dong_2024_2015_N1C0_N2O,"Table 3, p. 8","primary table mean ± SE, n=3; delta-method lnRR variance",A_primary_exact_table_mean_SE,A_primary_exact_table_mean_SE,,ADMIT_N_MATCHED_FIXED_FIELD_TRIAL_SHARED_CONTROLS,documented_or_reconstructed,3 biochar subplots share C0 within each N stratum and year; 2015-2017 are repeated measurements of one fixed trial,GWP/GHGI are derived from CH4/N2O and should not be counted as independent endpoints; yearly effects and doses share plots/controls,,,,,,continuous flooding,120.0,automated transcription from primary numeric PDF table with row and anchor assertions
dong_2024_N2O_2015_N1C3_vs_N1C0,dong_harbin_2015_2017,10.3390/agronomy14123050,Biochar: An Option to Maintain Rice Yield and Mitigate Greenhouse Gas Emissions from Rice Fields in Northeast China,Dong et al. 2024,2024,2015,China,"Minzhu, Harbin, Heilongjiang",45.8167,126.8,northern temperate,,rice,rice,single rice season,rice straw,biochar_return,N2O,kg N2O ha-1 per rice season,N1C3,N1C0,1.47,1.15,0.381051177665,0.277128129211,3,3,0.245500458415,0.041755352759,27.8260869565,dong_2024_2015_N1C0_N2O,"Table 3, p. 8","primary table mean ± SE, n=3; delta-method lnRR variance",A_primary_exact_table_mean_SE,A_primary_exact_table_mean_SE,,ADMIT_N_MATCHED_FIXED_FIELD_TRIAL_SHARED_CONTROLS,documented_or_reconstructed,3 biochar subplots share C0 within each N stratum and year; 2015-2017 are repeated measurements of one fixed trial,GWP/GHGI are derived from CH4/N2O and should not be counted as independent endpoints; yearly effects and doses share plots/controls,,,,,,continuous flooding,120.0,automated transcription from primary numeric PDF table with row and anchor assertions
dong_2024_N2O_2016_N1C1_vs_N1C0,dong_harbin_2015_2017,10.3390/agronomy14123050,Biochar: An Option to Maintain Rice Yield and Mitigate Greenhouse Gas Emissions from Rice Fields in Northeast China,Dong et al. 2024,2024,2016,China,"Minzhu, Harbin, Heilongjiang",45.8167,126.8,northern temperate,,rice,rice,single rice season,rice straw,biochar_return,N2O,kg N2O ha-1 per rice season,N1C1,N1C0,1.07,0.78,0.190525588833,0.207846096908,3,3,0.316120007772,0.0342372476654,37.1794871795,dong_2024_2016_N1C0_N2O,"Table 3, p. 8","primary table mean ± SE, n=3; delta-method lnRR variance",A_primary_exact_table_mean_SE,A_primary_exact_table_mean_SE,,ADMIT_N_MATCHED_FIXED_FIELD_TRIAL_SHARED_CONTROLS,documented_or_reconstructed,3 biochar subplots share C0 within each N stratum and year; 2015-2017 are repeated measurements of one fixed trial,GWP/GHGI are derived from CH4/N2O and should not be counted as independent endpoints; yearly effects and doses share plots/controls,,,,,,continuous flooding,120.0,automated transcription from primary numeric PDF table with row and anchor assertions
dong_2024_N2O_2016_N1C2_vs_N1C0,dong_harbin_2015_2017,10.3390/agronomy14123050,Biochar: An Option to Maintain Rice Yield and Mitigate Greenhouse Gas Emissions from Rice Fields in Northeast China,Dong et al. 2024,2024,2016,China,"Minzhu, Harbin, Heilongjiang",45.8167,126.8,northern temperate,,rice,rice,single rice season,rice straw,biochar_return,N2O,kg N2O ha-1 per rice season,N1C2,N1C0,0.85,0.78,0.173205080757,0.207846096908,3,3,0.0859424298007,0.0375094695031,8.97435897436,dong_2024_2016_N1C0_N2O,"Table 3, p. 8","primary table mean ± SE, n=3; delta-method lnRR variance",A_primary_exact_table_mean_SE,A_primary_exact_table_mean_SE,,ADMIT_N_MATCHED_FIXED_FIELD_TRIAL_SHARED_CONTROLS,documented_or_reconstructed,3 biochar subplots share C0 within each N stratum and year; 2015-2017 are repeated measurements of one fixed trial,GWP/GHGI are derived from CH4/N2O and should not be counted as independent endpoints; yearly effects and doses share plots/controls,,,,,,continuous flooding,120.0,automated transcription from primary numeric PDF table with row and anchor assertions
dong_2024_N2O_2016_N1C3_vs_N1C0,dong_harbin_2015_2017,10.3390/agronomy14123050,Biochar: An Option to Maintain Rice Yield and Mitigate Greenhouse Gas Emissions from Rice Fields in Northeast China,Dong et al. 2024,2024,2016,China,"Minzhu, Harbin, Heilongjiang",45.8167,126.8,northern temperate,,rice,rice,single rice season,rice straw,biochar_return,N2O,kg N2O ha-1 per rice season,N1C3,N1C0,0.78,0.78,0.138564064606,0.207846096908,3,3,0,0.034188034188,0,dong_2024_2016_N1C0_N2O,"Table 3, p. 8","primary table mean ± SE, n=3; delta-method lnRR variance",A_primary_exact_table_mean_SE,A_primary_exact_table_mean_SE,,ADMIT_N_MATCHED_FIXED_FIELD_TRIAL_SHARED_CONTROLS,documented_or_reconstructed,3 biochar subplots share C0 within each N stratum and year; 2015-2017 are repeated measurements of one fixed trial,GWP/GHGI are derived from CH4/N2O and should not be counted as independent endpoints; yearly effects and doses share plots/controls,,,,,,continuous flooding,120.0,automated transcription from primary numeric PDF table with row and anchor assertions
dong_2024_N2O_2017_N1C1_vs_N1C0,dong_harbin_2015_2017,10.3390/agronomy14123050,Biochar: An Option to Maintain Rice Yield and Mitigate Greenhouse Gas Emissions from Rice Fields in Northeast China,Dong et al. 2024,2024,2017,China,"Minzhu, Harbin, Heilongjiang",45.8167,126.8,northern temperate,,rice,rice,single rice season,rice straw,biochar_return,N2O,kg N2O ha-1 per rice season,N1C1,N1C0,0.87,1.13,0.294448637287,0.207846096908,3,3,-0.261479700058,0.0494593706367,-23.0088495575,dong_2024_2017_N1C0_N2O,"Table 3, p. 8","primary table mean ± SE, n=3; delta-method lnRR variance",A_primary_exact_table_mean_SE,A_primary_exact_table_mean_SE,,ADMIT_N_MATCHED_FIXED_FIELD_TRIAL_SHARED_CONTROLS,documented_or_reconstructed,3 biochar subplots share C0 within each N stratum and year; 2015-2017 are repeated measurements of one fixed trial,GWP/GHGI are derived from CH4/N2O and should not be counted as independent endpoints; yearly effects and doses share plots/controls,,,,,,continuous flooding,120.0,automated transcription from primary numeric PDF table with row and anchor assertions
dong_2024_N2O_2017_N1C2_vs_N1C0,dong_harbin_2015_2017,10.3390/agronomy14123050,Biochar: An Option to Maintain Rice Yield and Mitigate Greenhouse Gas Emissions from Rice Fields in Northeast China,Dong et al. 2024,2024,2017,China,"Minzhu, Harbin, Heilongjiang",45.8167,126.8,northern temperate,,rice,rice,single rice season,rice straw,biochar_return,N2O,kg N2O ha-1 per rice season,N1C2,N1C0,1.1,1.13,0.519615242271,0.207846096908,3,3,-0.0269074529199,0.0856574775298,-2.65486725664,dong_2024_2017_N1C0_N2O,"Table 3, p. 8","primary table mean ± SE, n=3; delta-method lnRR variance",A_primary_exact_table_mean_SE,A_primary_exact_table_mean_SE,,ADMIT_N_MATCHED_FIXED_FIELD_TRIAL_SHARED_CONTROLS,documented_or_reconstructed,3 biochar subplots share C0 within each N stratum and year; 2015-2017 are repeated measurements of one fixed trial,GWP/GHGI are derived from CH4/N2O and should not be counted as independent endpoints; yearly effects and doses share plots/controls,,,,,,continuous flooding,120.0,automated transcription from primary numeric PDF table with row and anchor assertions
dong_2024_N2O_2017_N1C3_vs_N1C0,dong_harbin_2015_2017,10.3390/agronomy14123050,Biochar: An Option to Maintain Rice Yield and Mitigate Greenhouse Gas Emissions from Rice Fields in Northeast China,Dong et al. 2024,2024,2017,China,"Minzhu, Harbin, Heilongjiang",45.8167,126.8,northern temperate,,rice,rice,single rice season,rice straw,biochar_return,N2O,kg N2O ha-1 per rice season,N1C3,N1C0,0.75,1.13,0.103923048454,0.207846096908,3,3,-0.409899705176,0.0176773122406,-33.6283185841,dong_2024_2017_N1C0_N2O,"Table 3, p. 8","primary table mean ± SE, n=3; delta-method lnRR variance",A_primary_exact_table_mean_SE,A_primary_exact_table_mean_SE,,ADMIT_N_MATCHED_FIXED_FIELD_TRIAL_SHARED_CONTROLS,documented_or_reconstructed,3 biochar subplots share C0 within each N stratum and year; 2015-2017 are repeated measurements of one fixed trial,GWP/GHGI are derived from CH4/N2O and should not be counted as independent endpoints; yearly effects and doses share plots/controls,,,,,,continuous flooding,120.0,automated transcription from primary numeric PDF table with row and anchor assertions
dong_2024_N2O_2015_N2C1_vs_N2C0,dong_harbin_2015_2017,10.3390/agronomy14123050,Biochar: An Option to Maintain Rice Yield and Mitigate Greenhouse Gas Emissions from Rice Fields in Northeast China,Dong et al. 2024,2024,2015,China,"Minzhu, Harbin, Heilongjiang",45.8167,126.8,northern temperate,,rice,rice,single rice season,rice straw,biochar_return,N2O,kg N2O ha-1 per rice season,N2C1,N2C0,1.45,1.43,0.311769145362,0.155884572681,3,3,0.0138891121607,0.0193712998127,1.3986013986,dong_2024_2015_N2C0_N2O,"Table 3, p. 8","primary table mean ± SE, n=3; delta-method lnRR variance",A_primary_exact_table_mean_SE,A_primary_exact_table_mean_SE,,ADMIT_N_MATCHED_FIXED_FIELD_TRIAL_SHARED_CONTROLS,documented_or_reconstructed,3 biochar subplots share C0 within each N stratum and year; 2015-2017 are repeated measurements of one fixed trial,GWP/GHGI are derived from CH4/N2O and should not be counted as independent endpoints; yearly effects and doses share plots/controls,,,,,,continuous flooding,180.0,automated transcription from primary numeric PDF table with row and anchor assertions
dong_2024_N2O_2015_N2C2_vs_N2C0,dong_harbin_2015_2017,10.3390/agronomy14123050,Biochar: An Option to Maintain Rice Yield and Mitigate Greenhouse Gas Emissions from Rice Fields in Northeast China,Dong et al. 2024,2024,2015,China,"Minzhu, Harbin, Heilongjiang",45.8167,126.8,northern temperate,,rice,rice,single rice season,rice straw,biochar_return,N2O,kg N2O ha-1 per rice season,N2C2,N2C0,1.45,1.43,0.0692820323028,0.155884572681,3,3,0.0138891121607,0.00472207270208,1.3986013986,dong_2024_2015_N2C0_N2O,"Table 3, p. 8","primary table mean ± SE, n=3; delta-method lnRR variance",A_primary_exact_table_mean_SE,A_primary_exact_table_mean_SE,,ADMIT_N_MATCHED_FIXED_FIELD_TRIAL_SHARED_CONTROLS,documented_or_reconstructed,3 biochar subplots share C0 within each N stratum and year; 2015-2017 are repeated measurements of one fixed trial,GWP/GHGI are derived from CH4/N2O and should not be counted as independent endpoints; yearly effects and doses share plots/controls,,,,,,continuous flooding,180.0,automated transcription from primary numeric PDF table with row and anchor assertions
dong_2024_N2O_2015_N2C3_vs_N2C0,dong_harbin_2015_2017,10.3390/agronomy14123050,Biochar: An Option to Maintain Rice Yield and Mitigate Greenhouse Gas Emissions from Rice Fields in Northeast China,Dong et al. 2024,2024,2015,China,"Minzhu, Harbin, Heilongjiang",45.8167,126.8,northern temperate,,rice,rice,single rice season,rice straw,biochar_return,N2O,kg N2O ha-1 per rice season,N2C3,N2C0,1.1,1.43,0.103923048454,0.155884572681,3,3,-0.262364264467,0.00693628050271,-23.0769230769,dong_2024_2015_N2C0_N2O,"Table 3, p. 8","primary table mean ± SE, n=3; delta-method lnRR variance",A_primary_exact_table_mean_SE,A_primary_exact_table_mean_SE,,ADMIT_N_MATCHED_FIXED_FIELD_TRIAL_SHARED_CONTROLS,documented_or_reconstructed,3 biochar subplots share C0 within each N stratum and year; 2015-2017 are repeated measurements of one fixed trial,GWP/GHGI are derived from CH4/N2O and should not be counted as independent endpoints; yearly effects and doses share plots/controls,,,,,,continuous flooding,180.0,automated transcription from primary numeric PDF table with row and anchor assertions
dong_2024_N2O_2016_N2C1_vs_N2C0,dong_harbin_2015_2017,10.3390/agronomy14123050,Biochar: An Option to Maintain Rice Yield and Mitigate Greenhouse Gas Emissions from Rice Fields in Northeast China,Dong et al. 2024,2024,2016,China,"Minzhu, Harbin, Heilongjiang",45.8167,126.8,northern temperate,,rice,rice,single rice season,rice straw,biochar_return,N2O,kg N2O ha-1 per rice season,N2C1,N2C0,0.93,0.54,0.103923048454,0.0173205080757,3,3,0.543615446589,0.00450526643343,72.2222222222,dong_2024_2016_N2C0_N2O,"Table 3, p. 8","primary table mean ± SE, n=3; delta-method lnRR variance",A_primary_exact_table_mean_SE,A_primary_exact_table_mean_SE,,ADMIT_N_MATCHED_FIXED_FIELD_TRIAL_SHARED_CONTROLS,documented_or_reconstructed,3 biochar subplots share C0 within each N stratum and year; 2015-2017 are repeated measurements of one fixed trial,GWP/GHGI are derived from CH4/N2O and should not be counted as independent endpoints; yearly effects and doses share plots/controls,,,,,,continuous flooding,180.0,automated transcription from primary numeric PDF table with row and anchor assertions
dong_2024_N2O_2016_N2C2_vs_N2C0,dong_harbin_2015_2017,10.3390/agronomy14123050,Biochar: An Option to Maintain Rice Yield and Mitigate Greenhouse Gas Emissions from Rice Fields in Northeast China,Dong et al. 2024,2024,2016,China,"Minzhu, Harbin, Heilongjiang",45.8167,126.8,northern temperate,,rice,rice,single rice season,rice straw,biochar_return,N2O,kg N2O ha-1 per rice season,N2C2,N2C0,0.56,0.54,0.0346410161514,0.0173205080757,3,3,0.0363676441709,0.0016184457322,3.7037037037,dong_2024_2016_N2C0_N2O,"Table 3, p. 8","primary table mean ± SE, n=3; delta-method lnRR variance",A_primary_exact_table_mean_SE,A_primary_exact_table_mean_SE,,ADMIT_N_MATCHED_FIXED_FIELD_TRIAL_SHARED_CONTROLS,documented_or_reconstructed,3 biochar subplots share C0 within each N stratum and year; 2015-2017 are repeated measurements of one fixed trial,GWP/GHGI are derived from CH4/N2O and should not be counted as independent endpoints; yearly effects and doses share plots/controls,,,,,,continuous flooding,180.0,automated transcription from primary numeric PDF table with row and anchor assertions
dong_2024_N2O_2016_N2C3_vs_N2C0,dong_harbin_2015_2017,10.3390/agronomy14123050,Biochar: An Option to Maintain Rice Yield and Mitigate Greenhouse Gas Emissions from Rice Fields in Northeast China,Dong et al. 2024,2024,2016,China,"Minzhu, Harbin, Heilongjiang",45.8167,126.8,northern temperate,,rice,rice,single rice season,rice straw,biochar_return,N2O,kg N2O ha-1 per rice season,N2C3,N2C0,0.68,0.54,0.0346410161514,0.0173205080757,3,3,0.230523658612,0.00120798743123,25.9259259259,dong_2024_2016_N2C0_N2O,"Table 3, p. 8","primary table mean ± SE, n=3; delta-method lnRR variance",A_primary_exact_table_mean_SE,A_primary_exact_table_mean_SE,,ADMIT_N_MATCHED_FIXED_FIELD_TRIAL_SHARED_CONTROLS,documented_or_reconstructed,3 biochar subplots share C0 within each N stratum and year; 2015-2017 are repeated measurements of one fixed trial,GWP/GHGI are derived from CH4/N2O and should not be counted as independent endpoints; yearly effects and doses share plots/controls,,,,,,continuous flooding,180.0,automated transcription from primary numeric PDF table with row and anchor assertions
dong_2024_N2O_2017_N2C1_vs_N2C0,dong_harbin_2015_2017,10.3390/agronomy14123050,Biochar: An Option to Maintain Rice Yield and Mitigate Greenhouse Gas Emissions from Rice Fields in Northeast China,Dong et al. 2024,2024,2017,China,"Minzhu, Harbin, Heilongjiang",45.8167,126.8,northern temperate,,rice,rice,single rice season,rice straw,biochar_return,N2O,kg N2O ha-1 per rice season,N2C1,N2C0,0.76,0.91,0.0692820323028,0.103923048454,3,3,-0.180126166231,0.00711738415309,-16.4835164835,dong_2024_2017_N2C0_N2O,"Table 3, p. 8","primary table mean ± SE, n=3; delta-method lnRR variance",A_primary_exact_table_mean_SE,A_primary_exact_table_mean_SE,,ADMIT_N_MATCHED_FIXED_FIELD_TRIAL_SHARED_CONTROLS,documented_or_reconstructed,3 biochar subplots share C0 within each N stratum and year; 2015-2017 are repeated measurements of one fixed trial,GWP/GHGI are derived from CH4/N2O and should not be counted as independent endpoints; yearly effects and doses share plots/controls,,,,,,continuous flooding,180.0,automated transcription from primary numeric PDF table with row and anchor assertions
dong_2024_N2O_2017_N2C2_vs_N2C0,dong_harbin_2015_2017,10.3390/agronomy14123050,Biochar: An Option to Maintain Rice Yield and Mitigate Greenhouse Gas Emissions from Rice Fields in Northeast China,Dong et al. 2024,2024,2017,China,"Minzhu, Harbin, Heilongjiang",45.8167,126.8,northern temperate,,rice,rice,single rice season,rice straw,biochar_return,N2O,kg N2O ha-1 per rice season,N2C2,N2C0,0.77,0.91,0.138564064606,0.103923048454,3,3,-0.167054084663,0.0151417014554,-15.3846153846,dong_2024_2017_N2C0_N2O,"Table 3, p. 8","primary table mean ± SE, n=3; delta-method lnRR variance",A_primary_exact_table_mean_SE,A_primary_exact_table_mean_SE,,ADMIT_N_MATCHED_FIXED_FIELD_TRIAL_SHARED_CONTROLS,documented_or_reconstructed,3 biochar subplots share C0 within each N stratum and year; 2015-2017 are repeated measurements of one fixed trial,GWP/GHGI are derived from CH4/N2O and should not be counted as independent endpoints; yearly effects and doses share plots/controls,,,,,,continuous flooding,180.0,automated transcription from primary numeric PDF table with row and anchor assertions
dong_2024_N2O_2017_N2C3_vs_N2C0,dong_harbin_2015_2017,10.3390/agronomy14123050,Biochar: An Option to Maintain Rice Yield and Mitigate Greenhouse Gas Emissions from Rice Fields in Northeast China,Dong et al. 2024,2024,2017,China,"Minzhu, Harbin, Heilongjiang",45.8167,126.8,northern temperate,,rice,rice,single rice season,rice straw,biochar_return,N2O,kg N2O ha-1 per rice season,N2C3,N2C0,0.76,0.91,0.225166604984,0.103923048454,3,3,-0.180126166231,0.0336063038207,-16.4835164835,dong_2024_2017_N2C0_N2O,"Table 3, p. 8","primary table mean ± SE, n=3; delta-method lnRR variance",A_primary_exact_table_mean_SE,A_primary_exact_table_mean_SE,,ADMIT_N_MATCHED_FIXED_FIELD_TRIAL_SHARED_CONTROLS,documented_or_reconstructed,3 biochar subplots share C0 within each N stratum and year; 2015-2017 are repeated measurements of one fixed trial,GWP/GHGI are derived from CH4/N2O and should not be counted as independent endpoints; yearly effects and doses share plots/controls,,,,,,continuous flooding,180.0,automated transcription from primary numeric PDF table with row and anchor assertions
dong_2024_GWP_2015_N1C1_vs_N1C0,dong_harbin_2015_2017,10.3390/agronomy14123050,Biochar: An Option to Maintain Rice Yield and Mitigate Greenhouse Gas Emissions from Rice Fields in Northeast China,Dong et al. 2024,2024,2015,China,"Minzhu, Harbin, Heilongjiang",45.8167,126.8,northern temperate,,rice,rice,single rice season,rice straw,biochar_return,GWP,kg CO2-eq ha-1 per rice season,N1C1,N1C0,7130.1,5176.6,803.671574712,1035.59317785,3,3,0.320176789464,0.0175752856934,37.7371247537,dong_2024_2015_N1C0_GWP,"Table 4, p. 9","primary table mean ± SE, n=3; delta-method lnRR variance",A_primary_exact_table_mean_SE,A_primary_exact_table_mean_SE,,ADMIT_N_MATCHED_FIXED_FIELD_TRIAL_SHARED_CONTROLS,documented_or_reconstructed,3 biochar subplots share C0 within each N stratum and year; 2015-2017 are repeated measurements of one fixed trial,GWP/GHGI are derived from CH4/N2O and should not be counted as independent endpoints; yearly effects and doses share plots/controls,,"paddy soil seasonal CH4+N2O with AR4 factors 25 and 298; excludes biochar production, transport and SOC change","AR4 100-year, CH4=25; N2O=298",,,continuous flooding,120.0,automated transcription from primary numeric PDF table with row and anchor assertions
dong_2024_GWP_2015_N1C2_vs_N1C0,dong_harbin_2015_2017,10.3390/agronomy14123050,Biochar: An Option to Maintain Rice Yield and Mitigate Greenhouse Gas Emissions from Rice Fields in Northeast China,Dong et al. 2024,2024,2015,China,"Minzhu, Harbin, Heilongjiang",45.8167,126.8,northern temperate,,rice,rice,single rice season,rice straw,biochar_return,GWP,kg CO2-eq ha-1 per rice season,N1C2,N1C0,6755.2,5176.6,456.048977633,1035.59317785,3,3,0.266164108562,0.0148596066667,30.4949194452,dong_2024_2015_N1C0_GWP,"Table 4, p. 9","primary table mean ± SE, n=3; delta-method lnRR variance",A_primary_exact_table_mean_SE,A_primary_exact_table_mean_SE,,ADMIT_N_MATCHED_FIXED_FIELD_TRIAL_SHARED_CONTROLS,documented_or_reconstructed,3 biochar subplots share C0 within each N stratum and year; 2015-2017 are repeated measurements of one fixed trial,GWP/GHGI are derived from CH4/N2O and should not be counted as independent endpoints; yearly effects and doses share plots/controls,,"paddy soil seasonal CH4+N2O with AR4 factors 25 and 298; excludes biochar production, transport and SOC change","AR4 100-year, CH4=25; N2O=298",,,continuous flooding,120.0,automated transcription from primary numeric PDF table with row and anchor assertions
dong_2024_GWP_2015_N1C3_vs_N1C0,dong_harbin_2015_2017,10.3390/agronomy14123050,Biochar: An Option to Maintain Rice Yield and Mitigate Greenhouse Gas Emissions from Rice Fields in Northeast China,Dong et al. 2024,2024,2015,China,"Minzhu, Harbin, Heilongjiang",45.8167,126.8,northern temperate,,rice,rice,single rice season,rice straw,biochar_return,GWP,kg CO2-eq ha-1 per rice season,N1C3,N1C0,6501.9,5176.6,1351.34604007,1035.59317785,3,3,0.227945971771,0.0277393369593,25.60174632,dong_2024_2015_N1C0_GWP,"Table 4, p. 9","primary table mean ± SE, n=3; delta-method lnRR variance",A_primary_exact_table_mean_SE,A_primary_exact_table_mean_SE,,ADMIT_N_MATCHED_FIXED_FIELD_TRIAL_SHARED_CONTROLS,documented_or_reconstructed,3 biochar subplots share C0 within each N stratum and year; 2015-2017 are repeated measurements of one fixed trial,GWP/GHGI are derived from CH4/N2O and should not be counted as independent endpoints; yearly effects and doses share plots/controls,,"paddy soil seasonal CH4+N2O with AR4 factors 25 and 298; excludes biochar production, transport and SOC change","AR4 100-year, CH4=25; N2O=298",,,continuous flooding,120.0,automated transcription from primary numeric PDF table with row and anchor assertions
dong_2024_GWP_2016_N1C1_vs_N1C0,dong_harbin_2015_2017,10.3390/agronomy14123050,Biochar: An Option to Maintain Rice Yield and Mitigate Greenhouse Gas Emissions from Rice Fields in Northeast China,Dong et al. 2024,2024,2016,China,"Minzhu, Harbin, Heilongjiang",45.8167,126.8,northern temperate,,rice,rice,single rice season,rice straw,biochar_return,GWP,kg CO2-eq ha-1 per rice season,N1C1,N1C0,4423.6,4934,230.709167568,773.707095741,3,3,-0.109196173888,0.00910328326953,-10.344548034,dong_2024_2016_N1C0_GWP,"Table 4, p. 9","primary table mean ± SE, n=3; delta-method lnRR variance",A_primary_exact_table_mean_SE,A_primary_exact_table_mean_SE,,ADMIT_N_MATCHED_FIXED_FIELD_TRIAL_SHARED_CONTROLS,documented_or_reconstructed,3 biochar subplots share C0 within each N stratum and year; 2015-2017 are repeated measurements of one fixed trial,GWP/GHGI are derived from CH4/N2O and should not be counted as independent endpoints; yearly effects and doses share plots/controls,,"paddy soil seasonal CH4+N2O with AR4 factors 25 and 298; excludes biochar production, transport and SOC change","AR4 100-year, CH4=25; N2O=298",,,continuous flooding,120.0,automated transcription from primary numeric PDF table with row and anchor assertions
dong_2024_GWP_2016_N1C2_vs_N1C0,dong_harbin_2015_2017,10.3390/agronomy14123050,Biochar: An Option to Maintain Rice Yield and Mitigate Greenhouse Gas Emissions from Rice Fields in Northeast China,Dong et al. 2024,2024,2016,China,"Minzhu, Harbin, Heilongjiang",45.8167,126.8,northern temperate,,rice,rice,single rice season,rice straw,biochar_return,GWP,kg CO2-eq ha-1 per rice season,N1C2,N1C0,4149.3,4934,49.190242935,773.707095741,3,3,-0.173210372791,0.00824344516496,-15.9039319011,dong_2024_2016_N1C0_GWP,"Table 4, p. 9","primary table mean ± SE, n=3; delta-method lnRR variance",A_primary_exact_table_mean_SE,A_primary_exact_table_mean_SE,,ADMIT_N_MATCHED_FIXED_FIELD_TRIAL_SHARED_CONTROLS,documented_or_reconstructed,3 biochar subplots share C0 within each N stratum and year; 2015-2017 are repeated measurements of one fixed trial,GWP/GHGI are derived from CH4/N2O and should not be counted as independent endpoints; yearly effects and doses share plots/controls,,"paddy soil seasonal CH4+N2O with AR4 factors 25 and 298; excludes biochar production, transport and SOC change","AR4 100-year, CH4=25; N2O=298",,,continuous flooding,120.0,automated transcription from primary numeric PDF table with row and anchor assertions
dong_2024_GWP_2016_N1C3_vs_N1C0,dong_harbin_2015_2017,10.3390/agronomy14123050,Biochar: An Option to Maintain Rice Yield and Mitigate Greenhouse Gas Emissions from Rice Fields in Northeast China,Dong et al. 2024,2024,2016,China,"Minzhu, Harbin, Heilongjiang",45.8167,126.8,northern temperate,,rice,rice,single rice season,rice straw,biochar_return,GWP,kg CO2-eq ha-1 per rice season,N1C3,N1C0,4193,4934,1478.30536426,773.707095741,3,3,-0.162733549919,0.0496306419063,-15.0182407783,dong_2024_2016_N1C0_GWP,"Table 4, p. 9","primary table mean ± SE, n=3; delta-method lnRR variance",A_primary_exact_table_mean_SE,A_primary_exact_table_mean_SE,,ADMIT_N_MATCHED_FIXED_FIELD_TRIAL_SHARED_CONTROLS,documented_or_reconstructed,3 biochar subplots share C0 within each N stratum and year; 2015-2017 are repeated measurements of one fixed trial,GWP/GHGI are derived from CH4/N2O and should not be counted as independent endpoints; yearly effects and doses share plots/controls,,"paddy soil seasonal CH4+N2O with AR4 factors 25 and 298; excludes biochar production, transport and SOC change","AR4 100-year, CH4=25; N2O=298",,,continuous flooding,120.0,automated transcription from primary numeric PDF table with row and anchor assertions
dong_2024_GWP_2017_N1C1_vs_N1C0,dong_harbin_2015_2017,10.3390/agronomy14123050,Biochar: An Option to Maintain Rice Yield and Mitigate Greenhouse Gas Emissions from Rice Fields in Northeast China,Dong et al. 2024,2024,2017,China,"Minzhu, Harbin, Heilongjiang",45.8167,126.8,northern temperate,,rice,rice,single rice season,rice straw,biochar_return,GWP,kg CO2-eq ha-1 per rice season,N1C1,N1C0,5770.6,3644.7,463.323591025,145.319062755,3,3,0.459502003702,0.0026787555142,58.3285318408,dong_2024_2017_N1C0_GWP,"Table 4, p. 9","primary table mean ± SE, n=3; delta-method lnRR variance",A_primary_exact_table_mean_SE,A_primary_exact_table_mean_SE,,ADMIT_N_MATCHED_FIXED_FIELD_TRIAL_SHARED_CONTROLS,documented_or_reconstructed,3 biochar subplots share C0 within each N stratum and year; 2015-2017 are repeated measurements of one fixed trial,GWP/GHGI are derived from CH4/N2O and should not be counted as independent endpoints; yearly effects and doses share plots/controls,,"paddy soil seasonal CH4+N2O with AR4 factors 25 and 298; excludes biochar production, transport and SOC change","AR4 100-year, CH4=25; N2O=298",,,continuous flooding,120.0,automated transcription from primary numeric PDF table with row and anchor assertions
dong_2024_GWP_2017_N1C2_vs_N1C0,dong_harbin_2015_2017,10.3390/agronomy14123050,Biochar: An Option to Maintain Rice Yield and Mitigate Greenhouse Gas Emissions from Rice Fields in Northeast China,Dong et al. 2024,2024,2017,China,"Minzhu, Harbin, Heilongjiang",45.8167,126.8,northern temperate,,rice,rice,single rice season,rice straw,biochar_return,GWP,kg CO2-eq ha-1 per rice season,N1C2,N1C0,4775.1,3644.7,1252.61914403,145.319062755,3,3,0.270140858575,0.0234677147752,31.0148983455,dong_2024_2017_N1C0_GWP,"Table 4, p. 9","primary table mean ± SE, n=3; delta-method lnRR variance",A_primary_exact_table_mean_SE,A_primary_exact_table_mean_SE,,ADMIT_N_MATCHED_FIXED_FIELD_TRIAL_SHARED_CONTROLS,documented_or_reconstructed,3 biochar subplots share C0 within each N stratum and year; 2015-2017 are repeated measurements of one fixed trial,GWP/GHGI are derived from CH4/N2O and should not be counted as independent endpoints; yearly effects and doses share plots/controls,,"paddy soil seasonal CH4+N2O with AR4 factors 25 and 298; excludes biochar production, transport and SOC change","AR4 100-year, CH4=25; N2O=298",,,continuous flooding,120.0,automated transcription from primary numeric PDF table with row and anchor assertions
dong_2024_GWP_2017_N1C3_vs_N1C0,dong_harbin_2015_2017,10.3390/agronomy14123050,Biochar: An Option to Maintain Rice Yield and Mitigate Greenhouse Gas Emissions from Rice Fields in Northeast China,Dong et al. 2024,2024,2017,China,"Minzhu, Harbin, Heilongjiang",45.8167,126.8,northern temperate,,rice,rice,single rice season,rice straw,biochar_return,GWP,kg CO2-eq ha-1 per rice season,N1C3,N1C0,6051.3,3644.7,758.811458796,145.319062755,3,3,0.506999067447,0.00577132997542,66.0301259363,dong_2024_2017_N1C0_GWP,"Table 4, p. 9","primary table mean ± SE, n=3; delta-method lnRR variance",A_primary_exact_table_mean_SE,A_primary_exact_table_mean_SE,,ADMIT_N_MATCHED_FIXED_FIELD_TRIAL_SHARED_CONTROLS,documented_or_reconstructed,3 biochar subplots share C0 within each N stratum and year; 2015-2017 are repeated measurements of one fixed trial,GWP/GHGI are derived from CH4/N2O and should not be counted as independent endpoints; yearly effects and doses share plots/controls,,"paddy soil seasonal CH4+N2O with AR4 factors 25 and 298; excludes biochar production, transport and SOC change","AR4 100-year, CH4=25; N2O=298",,,continuous flooding,120.0,automated transcription from primary numeric PDF table with row and anchor assertions
dong_2024_GWP_2015_N2C1_vs_N2C0,dong_harbin_2015_2017,10.3390/agronomy14123050,Biochar: An Option to Maintain Rice Yield and Mitigate Greenhouse Gas Emissions from Rice Fields in Northeast China,Dong et al. 2024,2024,2015,China,"Minzhu, Harbin, Heilongjiang",45.8167,126.8,northern temperate,,rice,rice,single rice season,rice straw,biochar_return,GWP,kg CO2-eq ha-1 per rice season,N2C1,N2C0,6033.4,4220.6,2617.99479564,880.228220407,3,3,0.35733340123,0.077259747957,42.9512391603,dong_2024_2015_N2C0_GWP,"Table 4, p. 9","primary table mean ± SE, n=3; delta-method lnRR variance",A_primary_exact_table_mean_SE,A_primary_exact_table_mean_SE,,ADMIT_N_MATCHED_FIXED_FIELD_TRIAL_SHARED_CONTROLS,documented_or_reconstructed,3 biochar subplots share C0 within each N stratum and year; 2015-2017 are repeated measurements of one fixed trial,GWP/GHGI are derived from CH4/N2O and should not be counted as independent endpoints; yearly effects and doses share plots/controls,,"paddy soil seasonal CH4+N2O with AR4 factors 25 and 298; excludes biochar production, transport and SOC change","AR4 100-year, CH4=25; N2O=298",,,continuous flooding,180.0,automated transcription from primary numeric PDF table with row and anchor assertions
dong_2024_GWP_2015_N2C2_vs_N2C0,dong_harbin_2015_2017,10.3390/agronomy14123050,Biochar: An Option to Maintain Rice Yield and Mitigate Greenhouse Gas Emissions from Rice Fields in Northeast China,Dong et al. 2024,2024,2015,China,"Minzhu, Harbin, Heilongjiang",45.8167,126.8,northern temperate,,rice,rice,single rice season,rice straw,biochar_return,GWP,kg CO2-eq ha-1 per rice season,N2C2,N2C0,5114.8,4220.6,230.535962487,880.228220407,3,3,0.192160999919,0.0151756002327,21.1865611524,dong_2024_2015_N2C0_GWP,"Table 4, p. 9","primary table mean ± SE, n=3; delta-method lnRR variance",A_primary_exact_table_mean_SE,A_primary_exact_table_mean_SE,,ADMIT_N_MATCHED_FIXED_FIELD_TRIAL_SHARED_CONTROLS,documented_or_reconstructed,3 biochar subplots share C0 within each N stratum and year; 2015-2017 are repeated measurements of one fixed trial,GWP/GHGI are derived from CH4/N2O and should not be counted as independent endpoints; yearly effects and doses share plots/controls,,"paddy soil seasonal CH4+N2O with AR4 factors 25 and 298; excludes biochar production, transport and SOC change","AR4 100-year, CH4=25; N2O=298",,,continuous flooding,180.0,automated transcription from primary numeric PDF table with row and anchor assertions
dong_2024_GWP_2015_N2C3_vs_N2C0,dong_harbin_2015_2017,10.3390/agronomy14123050,Biochar: An Option to Maintain Rice Yield and Mitigate Greenhouse Gas Emissions from Rice Fields in Northeast China,Dong et al. 2024,2024,2015,China,"Minzhu, Harbin, Heilongjiang",45.8167,126.8,northern temperate,,rice,rice,single rice season,rice straw,biochar_return,GWP,kg CO2-eq ha-1 per rice season,N2C3,N2C0,5502.4,4220.6,1318.95668996,880.228220407,3,3,0.26520706266,0.0336513707509,30.3700895607,dong_2024_2015_N2C0_GWP,"Table 4, p. 9","primary table mean ± SE, n=3; delta-method lnRR variance",A_primary_exact_table_mean_SE,A_primary_exact_table_mean_SE,,ADMIT_N_MATCHED_FIXED_FIELD_TRIAL_SHARED_CONTROLS,documented_or_reconstructed,3 biochar subplots share C0 within each N stratum and year; 2015-2017 are repeated measurements of one fixed trial,GWP/GHGI are derived from CH4/N2O and should not be counted as independent endpoints; yearly effects and doses share plots/controls,,"paddy soil seasonal CH4+N2O with AR4 factors 25 and 298; excludes biochar production, transport and SOC change","AR4 100-year, CH4=25; N2O=298",,,continuous flooding,180.0,automated transcription from primary numeric PDF table with row and anchor assertions
dong_2024_GWP_2016_N2C1_vs_N2C0,dong_harbin_2015_2017,10.3390/agronomy14123050,Biochar: An Option to Maintain Rice Yield and Mitigate Greenhouse Gas Emissions from Rice Fields in Northeast China,Dong et al. 2024,2024,2016,China,"Minzhu, Harbin, Heilongjiang",45.8167,126.8,northern temperate,,rice,rice,single rice season,rice straw,biochar_return,GWP,kg CO2-eq ha-1 per rice season,N2C1,N2C0,4466.2,4674.1,244.565574029,1107.81969652,3,3,-0.0454986956199,0.0197244841393,-4.44791510665,dong_2024_2016_N2C0_GWP,"Table 4, p. 9","primary table mean ± SE, n=3; delta-method lnRR variance",A_primary_exact_table_mean_SE,A_primary_exact_table_mean_SE,,ADMIT_N_MATCHED_FIXED_FIELD_TRIAL_SHARED_CONTROLS,documented_or_reconstructed,3 biochar subplots share C0 within each N stratum and year; 2015-2017 are repeated measurements of one fixed trial,GWP/GHGI are derived from CH4/N2O and should not be counted as independent endpoints; yearly effects and doses share plots/controls,,"paddy soil seasonal CH4+N2O with AR4 factors 25 and 298; excludes biochar production, transport and SOC change","AR4 100-year, CH4=25; N2O=298",,,continuous flooding,180.0,automated transcription from primary numeric PDF table with row and anchor assertions
dong_2024_GWP_2016_N2C2_vs_N2C0,dong_harbin_2015_2017,10.3390/agronomy14123050,Biochar: An Option to Maintain Rice Yield and Mitigate Greenhouse Gas Emissions from Rice Fields in Northeast China,Dong et al. 2024,2024,2016,China,"Minzhu, Harbin, Heilongjiang",45.8167,126.8,northern temperate,,rice,rice,single rice season,rice straw,biochar_return,GWP,kg CO2-eq ha-1 per rice season,N2C2,N2C0,4003.3,4674.1,687.970580766,1107.81969652,3,3,-0.154917609844,0.0285692008283,-14.351425943,dong_2024_2016_N2C0_GWP,"Table 4, p. 9","primary table mean ± SE, n=3; delta-method lnRR variance",A_primary_exact_table_mean_SE,A_primary_exact_table_mean_SE,,ADMIT_N_MATCHED_FIXED_FIELD_TRIAL_SHARED_CONTROLS,documented_or_reconstructed,3 biochar subplots share C0 within each N stratum and year; 2015-2017 are repeated measurements of one fixed trial,GWP/GHGI are derived from CH4/N2O and should not be counted as independent endpoints; yearly effects and doses share plots/controls,,"paddy soil seasonal CH4+N2O with AR4 factors 25 and 298; excludes biochar production, transport and SOC change","AR4 100-year, CH4=25; N2O=298",,,continuous flooding,180.0,automated transcription from primary numeric PDF table with row and anchor assertions
dong_2024_GWP_2016_N2C3_vs_N2C0,dong_harbin_2015_2017,10.3390/agronomy14123050,Biochar: An Option to Maintain Rice Yield and Mitigate Greenhouse Gas Emissions from Rice Fields in Northeast China,Dong et al. 2024,2024,2016,China,"Minzhu, Harbin, Heilongjiang",45.8167,126.8,northern temperate,,rice,rice,single rice season,rice straw,biochar_return,GWP,kg CO2-eq ha-1 per rice season,N2C3,N2C0,4963,4674.1,171.126619788,1107.81969652,3,3,0.0599737657667,0.0191212616807,6.18086904431,dong_2024_2016_N2C0_GWP,"Table 4, p. 9","primary table mean ± SE, n=3; delta-method lnRR variance",A_primary_exact_table_mean_SE,A_primary_exact_table_mean_SE,,ADMIT_N_MATCHED_FIXED_FIELD_TRIAL_SHARED_CONTROLS,documented_or_reconstructed,3 biochar subplots share C0 within each N stratum and year; 2015-2017 are repeated measurements of one fixed trial,GWP/GHGI are derived from CH4/N2O and should not be counted as independent endpoints; yearly effects and doses share plots/controls,,"paddy soil seasonal CH4+N2O with AR4 factors 25 and 298; excludes biochar production, transport and SOC change","AR4 100-year, CH4=25; N2O=298",,,continuous flooding,180.0,automated transcription from primary numeric PDF table with row and anchor assertions
dong_2024_GWP_2017_N2C1_vs_N2C0,dong_harbin_2015_2017,10.3390/agronomy14123050,Biochar: An Option to Maintain Rice Yield and Mitigate Greenhouse Gas Emissions from Rice Fields in Northeast China,Dong et al. 2024,2024,2017,China,"Minzhu, Harbin, Heilongjiang",45.8167,126.8,northern temperate,,rice,rice,single rice season,rice straw,biochar_return,GWP,kg CO2-eq ha-1 per rice season,N2C1,N2C0,6209.2,5917.8,1317.39784424,873.126812095,3,3,0.0480673049643,0.0222614445351,4.92412720944,dong_2024_2017_N2C0_GWP,"Table 4, p. 9","primary table mean ± SE, n=3; delta-method lnRR variance",A_primary_exact_table_mean_SE,A_primary_exact_table_mean_SE,,ADMIT_N_MATCHED_FIXED_FIELD_TRIAL_SHARED_CONTROLS,documented_or_reconstructed,3 biochar subplots share C0 within each N stratum and year; 2015-2017 are repeated measurements of one fixed trial,GWP/GHGI are derived from CH4/N2O and should not be counted as independent endpoints; yearly effects and doses share plots/controls,,"paddy soil seasonal CH4+N2O with AR4 factors 25 and 298; excludes biochar production, transport and SOC change","AR4 100-year, CH4=25; N2O=298",,,continuous flooding,180.0,automated transcription from primary numeric PDF table with row and anchor assertions
dong_2024_GWP_2017_N2C2_vs_N2C0,dong_harbin_2015_2017,10.3390/agronomy14123050,Biochar: An Option to Maintain Rice Yield and Mitigate Greenhouse Gas Emissions from Rice Fields in Northeast China,Dong et al. 2024,2024,2017,China,"Minzhu, Harbin, Heilongjiang",45.8167,126.8,northern temperate,,rice,rice,single rice season,rice straw,biochar_return,GWP,kg CO2-eq ha-1 per rice season,N2C2,N2C0,4149.2,5917.8,809.040932215,873.126812095,3,3,-0.35504921363,0.0199295972405,-29.8861063233,dong_2024_2017_N2C0_GWP,"Table 4, p. 9","primary table mean ± SE, n=3; delta-method lnRR variance",A_primary_exact_table_mean_SE,A_primary_exact_table_mean_SE,,ADMIT_N_MATCHED_FIXED_FIELD_TRIAL_SHARED_CONTROLS,documented_or_reconstructed,3 biochar subplots share C0 within each N stratum and year; 2015-2017 are repeated measurements of one fixed trial,GWP/GHGI are derived from CH4/N2O and should not be counted as independent endpoints; yearly effects and doses share plots/controls,,"paddy soil seasonal CH4+N2O with AR4 factors 25 and 298; excludes biochar production, transport and SOC change","AR4 100-year, CH4=25; N2O=298",,,continuous flooding,180.0,automated transcription from primary numeric PDF table with row and anchor assertions
dong_2024_GWP_2017_N2C3_vs_N2C0,dong_harbin_2015_2017,10.3390/agronomy14123050,Biochar: An Option to Maintain Rice Yield and Mitigate Greenhouse Gas Emissions from Rice Fields in Northeast China,Dong et al. 2024,2024,2017,China,"Minzhu, Harbin, Heilongjiang",45.8167,126.8,northern temperate,,rice,rice,single rice season,rice straw,biochar_return,GWP,kg CO2-eq ha-1 per rice season,N2C3,N2C0,6225.9,5917.8,1205.33415699,873.126812095,3,3,0.0507532520077,0.0197499114833,5.20632667545,dong_2024_2017_N2C0_GWP,"Table 4, p. 9","primary table mean ± SE, n=3; delta-method lnRR variance",A_primary_exact_table_mean_SE,A_primary_exact_table_mean_SE,,ADMIT_N_MATCHED_FIXED_FIELD_TRIAL_SHARED_CONTROLS,documented_or_reconstructed,3 biochar subplots share C0 within each N stratum and year; 2015-2017 are repeated measurements of one fixed trial,GWP/GHGI are derived from CH4/N2O and should not be counted as independent endpoints; yearly effects and doses share plots/controls,,"paddy soil seasonal CH4+N2O with AR4 factors 25 and 298; excludes biochar production, transport and SOC change","AR4 100-year, CH4=25; N2O=298",,,continuous flooding,180.0,automated transcription from primary numeric PDF table with row and anchor assertions
dong_2024_GHGI_2015_N1C1_vs_N1C0,dong_harbin_2015_2017,10.3390/agronomy14123050,Biochar: An Option to Maintain Rice Yield and Mitigate Greenhouse Gas Emissions from Rice Fields in Northeast China,Dong et al. 2024,2024,2015,China,"Minzhu, Harbin, Heilongjiang",45.8167,126.8,northern temperate,,rice,rice,single rice season,rice straw,biochar_return,GHGI,kg CO2-eq kg-1 grain,N1C1,N1C0,0.82,0.63,0.0866025403784,0.12124355653,3,3,0.263584520873,0.0160637039975,30.1587301587,dong_2024_2015_N1C0_GHGI,"Table 5, p. 10","primary table mean ± SE, n=3; delta-method lnRR variance",A_primary_exact_table_mean_SE,A_primary_exact_table_mean_SE,,ADMIT_N_MATCHED_FIXED_FIELD_TRIAL_SHARED_CONTROLS,documented_or_reconstructed,3 biochar subplots share C0 within each N stratum and year; 2015-2017 are repeated measurements of one fixed trial,GWP/GHGI are derived from CH4/N2O and should not be counted as independent endpoints; yearly effects and doses share plots/controls,,"paddy soil seasonal CH4+N2O with AR4 factors 25 and 298; excludes biochar production, transport and SOC change","AR4 100-year, CH4=25; N2O=298",,,continuous flooding,120.0,automated transcription from primary numeric PDF table with row and anchor assertions
dong_2024_GHGI_2015_N1C2_vs_N1C0,dong_harbin_2015_2017,10.3390/agronomy14123050,Biochar: An Option to Maintain Rice Yield and Mitigate Greenhouse Gas Emissions from Rice Fields in Northeast China,Dong et al. 2024,2024,2015,China,"Minzhu, Harbin, Heilongjiang",45.8167,126.8,northern temperate,,rice,rice,single rice season,rice straw,biochar_return,GHGI,kg CO2-eq kg-1 grain,N1C2,N1C0,0.76,0.63,0.0866025403784,0.12124355653,3,3,0.187598613895,0.01667393386,20.6349206349,dong_2024_2015_N1C0_GHGI,"Table 5, p. 10","primary table mean ± SE, n=3; delta-method lnRR variance",A_primary_exact_table_mean_SE,A_primary_exact_table_mean_SE,,ADMIT_N_MATCHED_FIXED_FIELD_TRIAL_SHARED_CONTROLS,documented_or_reconstructed,3 biochar subplots share C0 within each N stratum and year; 2015-2017 are repeated measurements of one fixed trial,GWP/GHGI are derived from CH4/N2O and should not be counted as independent endpoints; yearly effects and doses share plots/controls,,"paddy soil seasonal CH4+N2O with AR4 factors 25 and 298; excludes biochar production, transport and SOC change","AR4 100-year, CH4=25; N2O=298",,,continuous flooding,120.0,automated transcription from primary numeric PDF table with row and anchor assertions
dong_2024_GHGI_2015_N1C3_vs_N1C0,dong_harbin_2015_2017,10.3390/agronomy14123050,Biochar: An Option to Maintain Rice Yield and Mitigate Greenhouse Gas Emissions from Rice Fields in Northeast China,Dong et al. 2024,2024,2015,China,"Minzhu, Harbin, Heilongjiang",45.8167,126.8,northern temperate,,rice,rice,single rice season,rice straw,biochar_return,GHGI,kg CO2-eq kg-1 grain,N1C3,N1C0,0.76,0.63,0.24248711306,0.12124355653,3,3,0.187598613895,0.0462791970179,20.6349206349,dong_2024_2015_N1C0_GHGI,"Table 5, p. 10","primary table mean ± SE, n=3; delta-method lnRR variance",A_primary_exact_table_mean_SE,A_primary_exact_table_mean_SE,,ADMIT_N_MATCHED_FIXED_FIELD_TRIAL_SHARED_CONTROLS,documented_or_reconstructed,3 biochar subplots share C0 within each N stratum and year; 2015-2017 are repeated measurements of one fixed trial,GWP/GHGI are derived from CH4/N2O and should not be counted as independent endpoints; yearly effects and doses share plots/controls,,"paddy soil seasonal CH4+N2O with AR4 factors 25 and 298; excludes biochar production, transport and SOC change","AR4 100-year, CH4=25; N2O=298",,,continuous flooding,120.0,automated transcription from primary numeric PDF table with row and anchor assertions
dong_2024_GHGI_2016_N1C1_vs_N1C0,dong_harbin_2015_2017,10.3390/agronomy14123050,Biochar: An Option to Maintain Rice Yield and Mitigate Greenhouse Gas Emissions from Rice Fields in Northeast China,Dong et al. 2024,2024,2016,China,"Minzhu, Harbin, Heilongjiang",45.8167,126.8,northern temperate,,rice,rice,single rice season,rice straw,biochar_return,GHGI,kg CO2-eq kg-1 grain,N1C1,N1C0,0.52,0.7,0.0173205080757,0.0866025403784,3,3,-0.297251523468,0.00547186330153,-25.7142857143,dong_2024_2016_N1C0_GHGI,"Table 5, p. 10","primary table mean ± SE, n=3; delta-method lnRR variance",A_primary_exact_table_mean_SE,A_primary_exact_table_mean_SE,,ADMIT_N_MATCHED_FIXED_FIELD_TRIAL_SHARED_CONTROLS,documented_or_reconstructed,3 biochar subplots share C0 within each N stratum and year; 2015-2017 are repeated measurements of one fixed trial,GWP/GHGI are derived from CH4/N2O and should not be counted as independent endpoints; yearly effects and doses share plots/controls,,"paddy soil seasonal CH4+N2O with AR4 factors 25 and 298; excludes biochar production, transport and SOC change","AR4 100-year, CH4=25; N2O=298",,,continuous flooding,120.0,automated transcription from primary numeric PDF table with row and anchor assertions
dong_2024_GHGI_2016_N1C2_vs_N1C0,dong_harbin_2015_2017,10.3390/agronomy14123050,Biochar: An Option to Maintain Rice Yield and Mitigate Greenhouse Gas Emissions from Rice Fields in Northeast China,Dong et al. 2024,2024,2016,China,"Minzhu, Harbin, Heilongjiang",45.8167,126.8,northern temperate,,rice,rice,single rice season,rice straw,biochar_return,GHGI,kg CO2-eq kg-1 grain,N1C2,N1C0,0.57,0.7,0.0346410161514,0.0866025403784,3,3,-0.205443974215,0.00633318886188,-18.5714285714,dong_2024_2016_N1C0_GHGI,"Table 5, p. 10","primary table mean ± SE, n=3; delta-method lnRR variance",A_primary_exact_table_mean_SE,A_primary_exact_table_mean_SE,,ADMIT_N_MATCHED_FIXED_FIELD_TRIAL_SHARED_CONTROLS,documented_or_reconstructed,3 biochar subplots share C0 within each N stratum and year; 2015-2017 are repeated measurements of one fixed trial,GWP/GHGI are derived from CH4/N2O and should not be counted as independent endpoints; yearly effects and doses share plots/controls,,"paddy soil seasonal CH4+N2O with AR4 factors 25 and 298; excludes biochar production, transport and SOC change","AR4 100-year, CH4=25; N2O=298",,,continuous flooding,120.0,automated transcription from primary numeric PDF table with row and anchor assertions
dong_2024_GHGI_2016_N1C3_vs_N1C0,dong_harbin_2015_2017,10.3390/agronomy14123050,Biochar: An Option to Maintain Rice Yield and Mitigate Greenhouse Gas Emissions from Rice Fields in Northeast China,Dong et al. 2024,2024,2016,China,"Minzhu, Harbin, Heilongjiang",45.8167,126.8,northern temperate,,rice,rice,single rice season,rice straw,biochar_return,GHGI,kg CO2-eq kg-1 grain,N1C3,N1C0,0.51,0.7,0.173205080757,0.0866025403784,3,3,-0.316669609325,0.0435487920658,-27.1428571429,dong_2024_2016_N1C0_GHGI,"Table 5, p. 10","primary table mean ± SE, n=3; delta-method lnRR variance",A_primary_exact_table_mean_SE,A_primary_exact_table_mean_SE,,ADMIT_N_MATCHED_FIXED_FIELD_TRIAL_SHARED_CONTROLS,documented_or_reconstructed,3 biochar subplots share C0 within each N stratum and year; 2015-2017 are repeated measurements of one fixed trial,GWP/GHGI are derived from CH4/N2O and should not be counted as independent endpoints; yearly effects and doses share plots/controls,,"paddy soil seasonal CH4+N2O with AR4 factors 25 and 298; excludes biochar production, transport and SOC change","AR4 100-year, CH4=25; N2O=298",,,continuous flooding,120.0,automated transcription from primary numeric PDF table with row and anchor assertions
dong_2024_GHGI_2017_N1C1_vs_N1C0,dong_harbin_2015_2017,10.3390/agronomy14123050,Biochar: An Option to Maintain Rice Yield and Mitigate Greenhouse Gas Emissions from Rice Fields in Northeast China,Dong et al. 2024,2024,2017,China,"Minzhu, Harbin, Heilongjiang",45.8167,126.8,northern temperate,,rice,rice,single rice season,rice straw,biochar_return,GHGI,kg CO2-eq kg-1 grain,N1C1,N1C0,0.72,0.5,0.0692820323028,0.0346410161514,3,3,0.364643113588,0.00468641975309,44,dong_2024_2017_N1C0_GHGI,"Table 5, p. 10","primary table mean ± SE, n=3; delta-method lnRR variance",A_primary_exact_table_mean_SE,A_primary_exact_table_mean_SE,,ADMIT_N_MATCHED_FIXED_FIELD_TRIAL_SHARED_CONTROLS,documented_or_reconstructed,3 biochar subplots share C0 within each N stratum and year; 2015-2017 are repeated measurements of one fixed trial,GWP/GHGI are derived from CH4/N2O and should not be counted as independent endpoints; yearly effects and doses share plots/controls,,"paddy soil seasonal CH4+N2O with AR4 factors 25 and 298; excludes biochar production, transport and SOC change","AR4 100-year, CH4=25; N2O=298",,,continuous flooding,120.0,automated transcription from primary numeric PDF table with row and anchor assertions
dong_2024_GHGI_2017_N1C2_vs_N1C0,dong_harbin_2015_2017,10.3390/agronomy14123050,Biochar: An Option to Maintain Rice Yield and Mitigate Greenhouse Gas Emissions from Rice Fields in Northeast China,Dong et al. 2024,2024,2017,China,"Minzhu, Harbin, Heilongjiang",45.8167,126.8,northern temperate,,rice,rice,single rice season,rice straw,biochar_return,GHGI,kg CO2-eq kg-1 grain,N1C2,N1C0,0.58,0.5,0.138564064606,0.0346410161514,3,3,0.148420005118,0.0206249702735,16,dong_2024_2017_N1C0_GHGI,"Table 5, p. 10","primary table mean ± SE, n=3; delta-method lnRR variance",A_primary_exact_table_mean_SE,A_primary_exact_table_mean_SE,,ADMIT_N_MATCHED_FIXED_FIELD_TRIAL_SHARED_CONTROLS,documented_or_reconstructed,3 biochar subplots share C0 within each N stratum and year; 2015-2017 are repeated measurements of one fixed trial,GWP/GHGI are derived from CH4/N2O and should not be counted as independent endpoints; yearly effects and doses share plots/controls,,"paddy soil seasonal CH4+N2O with AR4 factors 25 and 298; excludes biochar production, transport and SOC change","AR4 100-year, CH4=25; N2O=298",,,continuous flooding,120.0,automated transcription from primary numeric PDF table with row and anchor assertions
dong_2024_GHGI_2017_N1C3_vs_N1C0,dong_harbin_2015_2017,10.3390/agronomy14123050,Biochar: An Option to Maintain Rice Yield and Mitigate Greenhouse Gas Emissions from Rice Fields in Northeast China,Dong et al. 2024,2024,2017,China,"Minzhu, Harbin, Heilongjiang",45.8167,126.8,northern temperate,,rice,rice,single rice season,rice straw,biochar_return,GHGI,kg CO2-eq kg-1 grain,N1C3,N1C0,0.74,0.5,0.0692820323028,0.0346410161514,3,3,0.392042087776,0.00452184075968,48,dong_2024_2017_N1C0_GHGI,"Table 5, p. 10","primary table mean ± SE, n=3; delta-method lnRR variance",A_primary_exact_table_mean_SE,A_primary_exact_table_mean_SE,,ADMIT_N_MATCHED_FIXED_FIELD_TRIAL_SHARED_CONTROLS,documented_or_reconstructed,3 biochar subplots share C0 within each N stratum and year; 2015-2017 are repeated measurements of one fixed trial,GWP/GHGI are derived from CH4/N2O and should not be counted as independent endpoints; yearly effects and doses share plots/controls,,"paddy soil seasonal CH4+N2O with AR4 factors 25 and 298; excludes biochar production, transport and SOC change","AR4 100-year, CH4=25; N2O=298",,,continuous flooding,120.0,automated transcription from primary numeric PDF table with row and anchor assertions
dong_2024_GHGI_2015_N2C1_vs_N2C0,dong_harbin_2015_2017,10.3390/agronomy14123050,Biochar: An Option to Maintain Rice Yield and Mitigate Greenhouse Gas Emissions from Rice Fields in Northeast China,Dong et al. 2024,2024,2015,China,"Minzhu, Harbin, Heilongjiang",45.8167,126.8,northern temperate,,rice,rice,single rice season,rice straw,biochar_return,GHGI,kg CO2-eq kg-1 grain,N2C1,N2C0,0.52,0.55,0.294448637287,0.12124355653,3,3,-0.056089466651,0.123077045332,-5.45454545455,dong_2024_2015_N2C0_GHGI,"Table 5, p. 10","primary table mean ± SE, n=3; delta-method lnRR variance",A_primary_exact_table_mean_SE,A_primary_exact_table_mean_SE,,ADMIT_N_MATCHED_FIXED_FIELD_TRIAL_SHARED_CONTROLS,documented_or_reconstructed,3 biochar subplots share C0 within each N stratum and year; 2015-2017 are repeated measurements of one fixed trial,GWP/GHGI are derived from CH4/N2O and should not be counted as independent endpoints; yearly effects and doses share plots/controls,,"paddy soil seasonal CH4+N2O with AR4 factors 25 and 298; excludes biochar production, transport and SOC change","AR4 100-year, CH4=25; N2O=298",,,continuous flooding,180.0,automated transcription from primary numeric PDF table with row and anchor assertions
dong_2024_GHGI_2015_N2C2_vs_N2C0,dong_harbin_2015_2017,10.3390/agronomy14123050,Biochar: An Option to Maintain Rice Yield and Mitigate Greenhouse Gas Emissions from Rice Fields in Northeast China,Dong et al. 2024,2024,2015,China,"Minzhu, Harbin, Heilongjiang",45.8167,126.8,northern temperate,,rice,rice,single rice season,rice straw,biochar_return,GHGI,kg CO2-eq kg-1 grain,N2C2,N2C0,0.55,0.55,0.0173205080757,0.12124355653,3,3,0,0.0165289256198,0,dong_2024_2015_N2C0_GHGI,"Table 5, p. 10","primary table mean ± SE, n=3; delta-method lnRR variance",A_primary_exact_table_mean_SE,A_primary_exact_table_mean_SE,,ADMIT_N_MATCHED_FIXED_FIELD_TRIAL_SHARED_CONTROLS,documented_or_reconstructed,3 biochar subplots share C0 within each N stratum and year; 2015-2017 are repeated measurements of one fixed trial,GWP/GHGI are derived from CH4/N2O and should not be counted as independent endpoints; yearly effects and doses share plots/controls,,"paddy soil seasonal CH4+N2O with AR4 factors 25 and 298; excludes biochar production, transport and SOC change","AR4 100-year, CH4=25; N2O=298",,,continuous flooding,180.0,automated transcription from primary numeric PDF table with row and anchor assertions
dong_2024_GHGI_2015_N2C3_vs_N2C0,dong_harbin_2015_2017,10.3390/agronomy14123050,Biochar: An Option to Maintain Rice Yield and Mitigate Greenhouse Gas Emissions from Rice Fields in Northeast China,Dong et al. 2024,2024,2015,China,"Minzhu, Harbin, Heilongjiang",45.8167,126.8,northern temperate,,rice,rice,single rice season,rice straw,biochar_return,GHGI,kg CO2-eq kg-1 grain,N2C3,N2C0,0.61,0.55,0.12124355653,0.12124355653,3,3,0.103540678941,0.029366850198,10.9090909091,dong_2024_2015_N2C0_GHGI,"Table 5, p. 10","primary table mean ± SE, n=3; delta-method lnRR variance",A_primary_exact_table_mean_SE,A_primary_exact_table_mean_SE,,ADMIT_N_MATCHED_FIXED_FIELD_TRIAL_SHARED_CONTROLS,documented_or_reconstructed,3 biochar subplots share C0 within each N stratum and year; 2015-2017 are repeated measurements of one fixed trial,GWP/GHGI are derived from CH4/N2O and should not be counted as independent endpoints; yearly effects and doses share plots/controls,,"paddy soil seasonal CH4+N2O with AR4 factors 25 and 298; excludes biochar production, transport and SOC change","AR4 100-year, CH4=25; N2O=298",,,continuous flooding,180.0,automated transcription from primary numeric PDF table with row and anchor assertions
dong_2024_GHGI_2016_N2C1_vs_N2C0,dong_harbin_2015_2017,10.3390/agronomy14123050,Biochar: An Option to Maintain Rice Yield and Mitigate Greenhouse Gas Emissions from Rice Fields in Northeast China,Dong et al. 2024,2024,2016,China,"Minzhu, Harbin, Heilongjiang",45.8167,126.8,northern temperate,,rice,rice,single rice season,rice straw,biochar_return,GHGI,kg CO2-eq kg-1 grain,N2C1,N2C0,0.56,0.57,0.103923048454,0.12124355653,3,3,-0.0176995770994,0.0265611553948,-1.75438596491,dong_2024_2016_N2C0_GHGI,"Table 5, p. 10","primary table mean ± SE, n=3; delta-method lnRR variance",A_primary_exact_table_mean_SE,A_primary_exact_table_mean_SE,,ADMIT_N_MATCHED_FIXED_FIELD_TRIAL_SHARED_CONTROLS,documented_or_reconstructed,3 biochar subplots share C0 within each N stratum and year; 2015-2017 are repeated measurements of one fixed trial,GWP/GHGI are derived from CH4/N2O and should not be counted as independent endpoints; yearly effects and doses share plots/controls,,"paddy soil seasonal CH4+N2O with AR4 factors 25 and 298; excludes biochar production, transport and SOC change","AR4 100-year, CH4=25; N2O=298",,,continuous flooding,180.0,automated transcription from primary numeric PDF table with row and anchor assertions
dong_2024_GHGI_2016_N2C2_vs_N2C0,dong_harbin_2015_2017,10.3390/agronomy14123050,Biochar: An Option to Maintain Rice Yield and Mitigate Greenhouse Gas Emissions from Rice Fields in Northeast China,Dong et al. 2024,2024,2016,China,"Minzhu, Harbin, Heilongjiang",45.8167,126.8,northern temperate,,rice,rice,single rice season,rice straw,biochar_return,GHGI,kg CO2-eq kg-1 grain,N2C2,N2C0,0.43,0.57,0.0346410161514,0.12124355653,3,3,-0.281851152141,0.0172448950886,-24.5614035088,dong_2024_2016_N2C0_GHGI,"Table 5, p. 10","primary table mean ± SE, n=3; delta-method lnRR variance",A_primary_exact_table_mean_SE,A_primary_exact_table_mean_SE,,ADMIT_N_MATCHED_FIXED_FIELD_TRIAL_SHARED_CONTROLS,documented_or_reconstructed,3 biochar subplots share C0 within each N stratum and year; 2015-2017 are repeated measurements of one fixed trial,GWP/GHGI are derived from CH4/N2O and should not be counted as independent endpoints; yearly effects and doses share plots/controls,,"paddy soil seasonal CH4+N2O with AR4 factors 25 and 298; excludes biochar production, transport and SOC change","AR4 100-year, CH4=25; N2O=298",,,continuous flooding,180.0,automated transcription from primary numeric PDF table with row and anchor assertions
dong_2024_GHGI_2016_N2C3_vs_N2C0,dong_harbin_2015_2017,10.3390/agronomy14123050,Biochar: An Option to Maintain Rice Yield and Mitigate Greenhouse Gas Emissions from Rice Fields in Northeast China,Dong et al. 2024,2024,2016,China,"Minzhu, Harbin, Heilongjiang",45.8167,126.8,northern temperate,,rice,rice,single rice season,rice straw,biochar_return,GHGI,kg CO2-eq kg-1 grain,N2C3,N2C0,0.62,0.57,0.0519615242271,0.12124355653,3,3,0.0840831172105,0.0174228746923,8.77192982456,dong_2024_2016_N2C0_GHGI,"Table 5, p. 10","primary table mean ± SE, n=3; delta-method lnRR variance",A_primary_exact_table_mean_SE,A_primary_exact_table_mean_SE,,ADMIT_N_MATCHED_FIXED_FIELD_TRIAL_SHARED_CONTROLS,documented_or_reconstructed,3 biochar subplots share C0 within each N stratum and year; 2015-2017 are repeated measurements of one fixed trial,GWP/GHGI are derived from CH4/N2O and should not be counted as independent endpoints; yearly effects and doses share plots/controls,,"paddy soil seasonal CH4+N2O with AR4 factors 25 and 298; excludes biochar production, transport and SOC change","AR4 100-year, CH4=25; N2O=298",,,continuous flooding,180.0,automated transcription from primary numeric PDF table with row and anchor assertions
dong_2024_GHGI_2017_N2C1_vs_N2C0,dong_harbin_2015_2017,10.3390/agronomy14123050,Biochar: An Option to Maintain Rice Yield and Mitigate Greenhouse Gas Emissions from Rice Fields in Northeast China,Dong et al. 2024,2024,2017,China,"Minzhu, Harbin, Heilongjiang",45.8167,126.8,northern temperate,,rice,rice,single rice season,rice straw,biochar_return,GHGI,kg CO2-eq kg-1 grain,N2C1,N2C0,0.7,0.7,0.155884572681,0.103923048454,3,3,0,0.0238775510204,0,dong_2024_2017_N2C0_GHGI,"Table 5, p. 10","primary table mean ± SE, n=3; delta-method lnRR variance",A_primary_exact_table_mean_SE,A_primary_exact_table_mean_SE,,ADMIT_N_MATCHED_FIXED_FIELD_TRIAL_SHARED_CONTROLS,documented_or_reconstructed,3 biochar subplots share C0 within each N stratum and year; 2015-2017 are repeated measurements of one fixed trial,GWP/GHGI are derived from CH4/N2O and should not be counted as independent endpoints; yearly effects and doses share plots/controls,,"paddy soil seasonal CH4+N2O with AR4 factors 25 and 298; excludes biochar production, transport and SOC change","AR4 100-year, CH4=25; N2O=298",,,continuous flooding,180.0,automated transcription from primary numeric PDF table with row and anchor assertions
dong_2024_GHGI_2017_N2C2_vs_N2C0,dong_harbin_2015_2017,10.3390/agronomy14123050,Biochar: An Option to Maintain Rice Yield and Mitigate Greenhouse Gas Emissions from Rice Fields in Northeast China,Dong et al. 2024,2024,2017,China,"Minzhu, Harbin, Heilongjiang",45.8167,126.8,northern temperate,,rice,rice,single rice season,rice straw,biochar_return,GHGI,kg CO2-eq kg-1 grain,N2C2,N2C0,0.46,0.7,0.103923048454,0.103923048454,3,3,-0.41985384556,0.0243601712897,-34.2857142857,dong_2024_2017_N2C0_GHGI,"Table 5, p. 10","primary table mean ± SE, n=3; delta-method lnRR variance",A_primary_exact_table_mean_SE,A_primary_exact_table_mean_SE,,ADMIT_N_MATCHED_FIXED_FIELD_TRIAL_SHARED_CONTROLS,documented_or_reconstructed,3 biochar subplots share C0 within each N stratum and year; 2015-2017 are repeated measurements of one fixed trial,GWP/GHGI are derived from CH4/N2O and should not be counted as independent endpoints; yearly effects and doses share plots/controls,,"paddy soil seasonal CH4+N2O with AR4 factors 25 and 298; excludes biochar production, transport and SOC change","AR4 100-year, CH4=25; N2O=298",,,continuous flooding,180.0,automated transcription from primary numeric PDF table with row and anchor assertions
dong_2024_GHGI_2017_N2C3_vs_N2C0,dong_harbin_2015_2017,10.3390/agronomy14123050,Biochar: An Option to Maintain Rice Yield and Mitigate Greenhouse Gas Emissions from Rice Fields in Northeast China,Dong et al. 2024,2024,2017,China,"Minzhu, Harbin, Heilongjiang",45.8167,126.8,northern temperate,,rice,rice,single rice season,rice straw,biochar_return,GHGI,kg CO2-eq kg-1 grain,N2C3,N2C0,0.69,0.7,0.12124355653,0.103923048454,3,3,-0.0143887374521,0.017638894247,-1.42857142857,dong_2024_2017_N2C0_GHGI,"Table 5, p. 10","primary table mean ± SE, n=3; delta-method lnRR variance",A_primary_exact_table_mean_SE,A_primary_exact_table_mean_SE,,ADMIT_N_MATCHED_FIXED_FIELD_TRIAL_SHARED_CONTROLS,documented_or_reconstructed,3 biochar subplots share C0 within each N stratum and year; 2015-2017 are repeated measurements of one fixed trial,GWP/GHGI are derived from CH4/N2O and should not be counted as independent endpoints; yearly effects and doses share plots/controls,,"paddy soil seasonal CH4+N2O with AR4 factors 25 and 298; excludes biochar production, transport and SOC change","AR4 100-year, CH4=25; N2O=298",,,continuous flooding,180.0,automated transcription from primary numeric PDF table with row and anchor assertions
dong_2024_SOC_2015_N1C1_vs_N1C0,dong_harbin_2015_2017,10.3390/agronomy14123050,Biochar: An Option to Maintain Rice Yield and Mitigate Greenhouse Gas Emissions from Rice Fields in Northeast China,Dong et al. 2024,2024,2015,China,"Minzhu, Harbin, Heilongjiang",45.8167,126.8,northern temperate,,rice,rice,single rice season,rice straw,biochar_return,SOC,"g organic C kg-1 soil, 0-20 cm",N1C1,N1C0,13.84,13.65,0.76210235533,0.519615242271,3,3,0.0138234285586,0.00149375883347,1.39194139194,dong_2024_2015_N1C0_SOC,"Table 6, p. 10","primary table mean ± SE, n=3; delta-method lnRR variance",A_primary_exact_table_mean_SE,A_primary_exact_table_mean_SE,,ADMIT_N_MATCHED_FIXED_FIELD_TRIAL_SHARED_CONTROLS,documented_or_reconstructed,3 biochar subplots share C0 within each N stratum and year; 2015-2017 are repeated measurements of one fixed trial,GWP/GHGI are derived from CH4/N2O and should not be counted as independent endpoints; yearly effects and doses share plots/controls,,,,,,continuous flooding,120.0,automated transcription from primary numeric PDF table with row and anchor assertions
dong_2024_SOC_2015_N1C2_vs_N1C0,dong_harbin_2015_2017,10.3390/agronomy14123050,Biochar: An Option to Maintain Rice Yield and Mitigate Greenhouse Gas Emissions from Rice Fields in Northeast China,Dong et al. 2024,2024,2015,China,"Minzhu, Harbin, Heilongjiang",45.8167,126.8,northern temperate,,rice,rice,single rice season,rice straw,biochar_return,SOC,"g organic C kg-1 soil, 0-20 cm",N1C2,N1C0,13.86,13.65,0.381051177665,0.519615242271,3,3,0.0152674721308,0.000734986082971,1.53846153846,dong_2024_2015_N1C0_SOC,"Table 6, p. 10","primary table mean ± SE, n=3; delta-method lnRR variance",A_primary_exact_table_mean_SE,A_primary_exact_table_mean_SE,,ADMIT_N_MATCHED_FIXED_FIELD_TRIAL_SHARED_CONTROLS,documented_or_reconstructed,3 biochar subplots share C0 within each N stratum and year; 2015-2017 are repeated measurements of one fixed trial,GWP/GHGI are derived from CH4/N2O and should not be counted as independent endpoints; yearly effects and doses share plots/controls,,,,,,continuous flooding,120.0,automated transcription from primary numeric PDF table with row and anchor assertions
dong_2024_SOC_2015_N1C3_vs_N1C0,dong_harbin_2015_2017,10.3390/agronomy14123050,Biochar: An Option to Maintain Rice Yield and Mitigate Greenhouse Gas Emissions from Rice Fields in Northeast China,Dong et al. 2024,2024,2015,China,"Minzhu, Harbin, Heilongjiang",45.8167,126.8,northern temperate,,rice,rice,single rice season,rice straw,biochar_return,SOC,"g organic C kg-1 soil, 0-20 cm",N1C3,N1C0,14.16,13.65,1.02190997647,0.519615242271,3,3,0.0366815666346,0.00221914456118,3.73626373626,dong_2024_2015_N1C0_SOC,"Table 6, p. 10","primary table mean ± SE, n=3; delta-method lnRR variance",A_primary_exact_table_mean_SE,A_primary_exact_table_mean_SE,,ADMIT_N_MATCHED_FIXED_FIELD_TRIAL_SHARED_CONTROLS,documented_or_reconstructed,3 biochar subplots share C0 within each N stratum and year; 2015-2017 are repeated measurements of one fixed trial,GWP/GHGI are derived from CH4/N2O and should not be counted as independent endpoints; yearly effects and doses share plots/controls,,,,,,continuous flooding,120.0,automated transcription from primary numeric PDF table with row and anchor assertions
dong_2024_SOC_2016_N1C1_vs_N1C0,dong_harbin_2015_2017,10.3390/agronomy14123050,Biochar: An Option to Maintain Rice Yield and Mitigate Greenhouse Gas Emissions from Rice Fields in Northeast China,Dong et al. 2024,2024,2016,China,"Minzhu, Harbin, Heilongjiang",45.8167,126.8,northern temperate,,rice,rice,single rice season,rice straw,biochar_return,SOC,"g organic C kg-1 soil, 0-20 cm",N1C1,N1C0,13.75,13.92,1.24707658145,1.26439708953,3,3,-0.0122878307937,0.00549216923341,-1.22126436782,dong_2024_2016_N1C0_SOC,"Table 6, p. 10","primary table mean ± SE, n=3; delta-method lnRR variance",A_primary_exact_table_mean_SE,A_primary_exact_table_mean_SE,,ADMIT_N_MATCHED_FIXED_FIELD_TRIAL_SHARED_CONTROLS,documented_or_reconstructed,3 biochar subplots share C0 within each N stratum and year; 2015-2017 are repeated measurements of one fixed trial,GWP/GHGI are derived from CH4/N2O and should not be counted as independent endpoints; yearly effects and doses share plots/controls,,,,,,continuous flooding,120.0,automated transcription from primary numeric PDF table with row and anchor assertions
dong_2024_SOC_2016_N1C2_vs_N1C0,dong_harbin_2015_2017,10.3390/agronomy14123050,Biochar: An Option to Maintain Rice Yield and Mitigate Greenhouse Gas Emissions from Rice Fields in Northeast China,Dong et al. 2024,2024,2016,China,"Minzhu, Harbin, Heilongjiang",45.8167,126.8,northern temperate,,rice,rice,single rice season,rice straw,biochar_return,SOC,"g organic C kg-1 soil, 0-20 cm",N1C2,N1C0,14.61,13.92,1.90525588833,1.26439708953,3,3,0.0483795708563,0.00841893793797,4.95689655172,dong_2024_2016_N1C0_SOC,"Table 6, p. 10","primary table mean ± SE, n=3; delta-method lnRR variance",A_primary_exact_table_mean_SE,A_primary_exact_table_mean_SE,,ADMIT_N_MATCHED_FIXED_FIELD_TRIAL_SHARED_CONTROLS,documented_or_reconstructed,3 biochar subplots share C0 within each N stratum and year; 2015-2017 are repeated measurements of one fixed trial,GWP/GHGI are derived from CH4/N2O and should not be counted as independent endpoints; yearly effects and doses share plots/controls,,,,,,continuous flooding,120.0,automated transcription from primary numeric PDF table with row and anchor assertions
dong_2024_SOC_2016_N1C3_vs_N1C0,dong_harbin_2015_2017,10.3390/agronomy14123050,Biochar: An Option to Maintain Rice Yield and Mitigate Greenhouse Gas Emissions from Rice Fields in Northeast China,Dong et al. 2024,2024,2016,China,"Minzhu, Harbin, Heilongjiang",45.8167,126.8,northern temperate,,rice,rice,single rice season,rice straw,biochar_return,SOC,"g organic C kg-1 soil, 0-20 cm",N1C3,N1C0,13.33,13.92,0.658179306876,1.26439708953,3,3,-0.0433095207157,0.00356287509754,-4.23850574713,dong_2024_2016_N1C0_SOC,"Table 6, p. 10","primary table mean ± SE, n=3; delta-method lnRR variance",A_primary_exact_table_mean_SE,A_primary_exact_table_mean_SE,,ADMIT_N_MATCHED_FIXED_FIELD_TRIAL_SHARED_CONTROLS,documented_or_reconstructed,3 biochar subplots share C0 within each N stratum and year; 2015-2017 are repeated measurements of one fixed trial,GWP/GHGI are derived from CH4/N2O and should not be counted as independent endpoints; yearly effects and doses share plots/controls,,,,,,continuous flooding,120.0,automated transcription from primary numeric PDF table with row and anchor assertions
dong_2024_SOC_2017_N1C1_vs_N1C0,dong_harbin_2015_2017,10.3390/agronomy14123050,Biochar: An Option to Maintain Rice Yield and Mitigate Greenhouse Gas Emissions from Rice Fields in Northeast China,Dong et al. 2024,2024,2017,China,"Minzhu, Harbin, Heilongjiang",45.8167,126.8,northern temperate,,rice,rice,single rice season,rice straw,biochar_return,SOC,"g organic C kg-1 soil, 0-20 cm",N1C1,N1C0,14.94,13.44,1.33367912183,1.59348674296,3,3,0.10580684461,0.00734204762136,11.1607142857,dong_2024_2017_N1C0_SOC,"Table 6, p. 10","primary table mean ± SE, n=3; delta-method lnRR variance",A_primary_exact_table_mean_SE,A_primary_exact_table_mean_SE,,ADMIT_N_MATCHED_FIXED_FIELD_TRIAL_SHARED_CONTROLS,documented_or_reconstructed,3 biochar subplots share C0 within each N stratum and year; 2015-2017 are repeated measurements of one fixed trial,GWP/GHGI are derived from CH4/N2O and should not be counted as independent endpoints; yearly effects and doses share plots/controls,,,,,,continuous flooding,120.0,automated transcription from primary numeric PDF table with row and anchor assertions
dong_2024_SOC_2017_N1C2_vs_N1C0,dong_harbin_2015_2017,10.3390/agronomy14123050,Biochar: An Option to Maintain Rice Yield and Mitigate Greenhouse Gas Emissions from Rice Fields in Northeast China,Dong et al. 2024,2024,2017,China,"Minzhu, Harbin, Heilongjiang",45.8167,126.8,northern temperate,,rice,rice,single rice season,rice straw,biochar_return,SOC,"g organic C kg-1 soil, 0-20 cm",N1C2,N1C0,14.97,13.44,0.710140831103,1.59348674296,3,3,0.107812863337,0.00543583700291,11.3839285714,dong_2024_2017_N1C0_SOC,"Table 6, p. 10","primary table mean ± SE, n=3; delta-method lnRR variance",A_primary_exact_table_mean_SE,A_primary_exact_table_mean_SE,,ADMIT_N_MATCHED_FIXED_FIELD_TRIAL_SHARED_CONTROLS,documented_or_reconstructed,3 biochar subplots share C0 within each N stratum and year; 2015-2017 are repeated measurements of one fixed trial,GWP/GHGI are derived from CH4/N2O and should not be counted as independent endpoints; yearly effects and doses share plots/controls,,,,,,continuous flooding,120.0,automated transcription from primary numeric PDF table with row and anchor assertions
dong_2024_SOC_2017_N1C3_vs_N1C0,dong_harbin_2015_2017,10.3390/agronomy14123050,Biochar: An Option to Maintain Rice Yield and Mitigate Greenhouse Gas Emissions from Rice Fields in Northeast China,Dong et al. 2024,2024,2017,China,"Minzhu, Harbin, Heilongjiang",45.8167,126.8,northern temperate,,rice,rice,single rice season,rice straw,biochar_return,SOC,"g organic C kg-1 soil, 0-20 cm",N1C3,N1C0,15.53,13.44,1.62812775911,1.59348674296,3,3,0.144538302066,0.00834936848925,15.5505952381,dong_2024_2017_N1C0_SOC,"Table 6, p. 10","primary table mean ± SE, n=3; delta-method lnRR variance",A_primary_exact_table_mean_SE,A_primary_exact_table_mean_SE,,ADMIT_N_MATCHED_FIXED_FIELD_TRIAL_SHARED_CONTROLS,documented_or_reconstructed,3 biochar subplots share C0 within each N stratum and year; 2015-2017 are repeated measurements of one fixed trial,GWP/GHGI are derived from CH4/N2O and should not be counted as independent endpoints; yearly effects and doses share plots/controls,,,,,,continuous flooding,120.0,automated transcription from primary numeric PDF table with row and anchor assertions
dong_2024_SOC_2015_N2C1_vs_N2C0,dong_harbin_2015_2017,10.3390/agronomy14123050,Biochar: An Option to Maintain Rice Yield and Mitigate Greenhouse Gas Emissions from Rice Fields in Northeast China,Dong et al. 2024,2024,2015,China,"Minzhu, Harbin, Heilongjiang",45.8167,126.8,northern temperate,,rice,rice,single rice season,rice straw,biochar_return,SOC,"g organic C kg-1 soil, 0-20 cm",N2C1,N2C0,14.1,13.44,0.0692820323028,0.155884572681,3,3,0.0479394622891,5.28900405275e-05,4.91071428571,dong_2024_2015_N2C0_SOC,"Table 6, p. 10","primary table mean ± SE, n=3; delta-method lnRR variance",A_primary_exact_table_mean_SE,A_primary_exact_table_mean_SE,,ADMIT_N_MATCHED_FIXED_FIELD_TRIAL_SHARED_CONTROLS,documented_or_reconstructed,3 biochar subplots share C0 within each N stratum and year; 2015-2017 are repeated measurements of one fixed trial,GWP/GHGI are derived from CH4/N2O and should not be counted as independent endpoints; yearly effects and doses share plots/controls,,,,,,continuous flooding,180.0,automated transcription from primary numeric PDF table with row and anchor assertions
dong_2024_SOC_2015_N2C2_vs_N2C0,dong_harbin_2015_2017,10.3390/agronomy14123050,Biochar: An Option to Maintain Rice Yield and Mitigate Greenhouse Gas Emissions from Rice Fields in Northeast China,Dong et al. 2024,2024,2015,China,"Minzhu, Harbin, Heilongjiang",45.8167,126.8,northern temperate,,rice,rice,single rice season,rice straw,biochar_return,SOC,"g organic C kg-1 soil, 0-20 cm",N2C2,N2C0,14.12,13.44,0.0519615242271,0.155884572681,3,3,0.0493568969701,4.93562757801e-05,5.05952380952,dong_2024_2015_N2C0_SOC,"Table 6, p. 10","primary table mean ± SE, n=3; delta-method lnRR variance",A_primary_exact_table_mean_SE,A_primary_exact_table_mean_SE,,ADMIT_N_MATCHED_FIXED_FIELD_TRIAL_SHARED_CONTROLS,documented_or_reconstructed,3 biochar subplots share C0 within each N stratum and year; 2015-2017 are repeated measurements of one fixed trial,GWP/GHGI are derived from CH4/N2O and should not be counted as independent endpoints; yearly effects and doses share plots/controls,,,,,,continuous flooding,180.0,automated transcription from primary numeric PDF table with row and anchor assertions
dong_2024_SOC_2015_N2C3_vs_N2C0,dong_harbin_2015_2017,10.3390/agronomy14123050,Biochar: An Option to Maintain Rice Yield and Mitigate Greenhouse Gas Emissions from Rice Fields in Northeast China,Dong et al. 2024,2024,2015,China,"Minzhu, Harbin, Heilongjiang",45.8167,126.8,northern temperate,,rice,rice,single rice season,rice straw,biochar_return,SOC,"g organic C kg-1 soil, 0-20 cm",N2C3,N2C0,14.21,13.44,0.259807621135,0.155884572681,3,3,0.055710607014,0.000156270162472,5.72916666667,dong_2024_2015_N2C0_SOC,"Table 6, p. 10","primary table mean ± SE, n=3; delta-method lnRR variance",A_primary_exact_table_mean_SE,A_primary_exact_table_mean_SE,,ADMIT_N_MATCHED_FIXED_FIELD_TRIAL_SHARED_CONTROLS,documented_or_reconstructed,3 biochar subplots share C0 within each N stratum and year; 2015-2017 are repeated measurements of one fixed trial,GWP/GHGI are derived from CH4/N2O and should not be counted as independent endpoints; yearly effects and doses share plots/controls,,,,,,continuous flooding,180.0,automated transcription from primary numeric PDF table with row and anchor assertions
dong_2024_SOC_2016_N2C1_vs_N2C0,dong_harbin_2015_2017,10.3390/agronomy14123050,Biochar: An Option to Maintain Rice Yield and Mitigate Greenhouse Gas Emissions from Rice Fields in Northeast China,Dong et al. 2024,2024,2016,China,"Minzhu, Harbin, Heilongjiang",45.8167,126.8,northern temperate,,rice,rice,single rice season,rice straw,biochar_return,SOC,"g organic C kg-1 soil, 0-20 cm",N2C1,N2C0,13.99,13.68,2.40755062252,0.831384387633,3,3,0.022407876483,0.0111028985709,2.26608187135,dong_2024_2016_N2C0_SOC,"Table 6, p. 10","primary table mean ± SE, n=3; delta-method lnRR variance",A_primary_exact_table_mean_SE,A_primary_exact_table_mean_SE,,ADMIT_N_MATCHED_FIXED_FIELD_TRIAL_SHARED_CONTROLS,documented_or_reconstructed,3 biochar subplots share C0 within each N stratum and year; 2015-2017 are repeated measurements of one fixed trial,GWP/GHGI are derived from CH4/N2O and should not be counted as independent endpoints; yearly effects and doses share plots/controls,,,,,,continuous flooding,180.0,automated transcription from primary numeric PDF table with row and anchor assertions
dong_2024_SOC_2016_N2C2_vs_N2C0,dong_harbin_2015_2017,10.3390/agronomy14123050,Biochar: An Option to Maintain Rice Yield and Mitigate Greenhouse Gas Emissions from Rice Fields in Northeast China,Dong et al. 2024,2024,2016,China,"Minzhu, Harbin, Heilongjiang",45.8167,126.8,northern temperate,,rice,rice,single rice season,rice straw,biochar_return,SOC,"g organic C kg-1 soil, 0-20 cm",N2C2,N2C0,13.99,13.68,0.675499814952,0.831384387633,3,3,0.022407876483,0.00200827824322,2.26608187135,dong_2024_2016_N2C0_SOC,"Table 6, p. 10","primary table mean ± SE, n=3; delta-method lnRR variance",A_primary_exact_table_mean_SE,A_primary_exact_table_mean_SE,,ADMIT_N_MATCHED_FIXED_FIELD_TRIAL_SHARED_CONTROLS,documented_or_reconstructed,3 biochar subplots share C0 within each N stratum and year; 2015-2017 are repeated measurements of one fixed trial,GWP/GHGI are derived from CH4/N2O and should not be counted as independent endpoints; yearly effects and doses share plots/controls,,,,,,continuous flooding,180.0,automated transcription from primary numeric PDF table with row and anchor assertions
dong_2024_SOC_2016_N2C3_vs_N2C0,dong_harbin_2015_2017,10.3390/agronomy14123050,Biochar: An Option to Maintain Rice Yield and Mitigate Greenhouse Gas Emissions from Rice Fields in Northeast China,Dong et al. 2024,2024,2016,China,"Minzhu, Harbin, Heilongjiang",45.8167,126.8,northern temperate,,rice,rice,single rice season,rice straw,biochar_return,SOC,"g organic C kg-1 soil, 0-20 cm",N2C3,N2C0,13.9,13.68,1.62812775911,0.831384387633,3,3,0.0159539279422,0.00580441029906,1.6081871345,dong_2024_2016_N2C0_SOC,"Table 6, p. 10","primary table mean ± SE, n=3; delta-method lnRR variance",A_primary_exact_table_mean_SE,A_primary_exact_table_mean_SE,,ADMIT_N_MATCHED_FIXED_FIELD_TRIAL_SHARED_CONTROLS,documented_or_reconstructed,3 biochar subplots share C0 within each N stratum and year; 2015-2017 are repeated measurements of one fixed trial,GWP/GHGI are derived from CH4/N2O and should not be counted as independent endpoints; yearly effects and doses share plots/controls,,,,,,continuous flooding,180.0,automated transcription from primary numeric PDF table with row and anchor assertions
dong_2024_SOC_2017_N2C1_vs_N2C0,dong_harbin_2015_2017,10.3390/agronomy14123050,Biochar: An Option to Maintain Rice Yield and Mitigate Greenhouse Gas Emissions from Rice Fields in Northeast China,Dong et al. 2024,2024,2017,China,"Minzhu, Harbin, Heilongjiang",45.8167,126.8,northern temperate,,rice,rice,single rice season,rice straw,biochar_return,SOC,"g organic C kg-1 soil, 0-20 cm",N2C1,N2C0,14.18,13.96,0.623538290725,1.16047404107,3,3,0.0156364237698,0.00294799384489,1.57593123209,dong_2024_2017_N2C0_SOC,"Table 6, p. 10","primary table mean ± SE, n=3; delta-method lnRR variance",A_primary_exact_table_mean_SE,A_primary_exact_table_mean_SE,,ADMIT_N_MATCHED_FIXED_FIELD_TRIAL_SHARED_CONTROLS,documented_or_reconstructed,3 biochar subplots share C0 within each N stratum and year; 2015-2017 are repeated measurements of one fixed trial,GWP/GHGI are derived from CH4/N2O and should not be counted as independent endpoints; yearly effects and doses share plots/controls,,,,,,continuous flooding,180.0,automated transcription from primary numeric PDF table with row and anchor assertions
dong_2024_SOC_2017_N2C2_vs_N2C0,dong_harbin_2015_2017,10.3390/agronomy14123050,Biochar: An Option to Maintain Rice Yield and Mitigate Greenhouse Gas Emissions from Rice Fields in Northeast China,Dong et al. 2024,2024,2017,China,"Minzhu, Harbin, Heilongjiang",45.8167,126.8,northern temperate,,rice,rice,single rice season,rice straw,biochar_return,SOC,"g organic C kg-1 soil, 0-20 cm",N2C2,N2C0,14.88,13.96,0.415692193817,1.16047404107,3,3,0.0638219320707,0.00256359557116,6.59025787966,dong_2024_2017_N2C0_SOC,"Table 6, p. 10","primary table mean ± SE, n=3; delta-method lnRR variance",A_primary_exact_table_mean_SE,A_primary_exact_table_mean_SE,,ADMIT_N_MATCHED_FIXED_FIELD_TRIAL_SHARED_CONTROLS,documented_or_reconstructed,3 biochar subplots share C0 within each N stratum and year; 2015-2017 are repeated measurements of one fixed trial,GWP/GHGI are derived from CH4/N2O and should not be counted as independent endpoints; yearly effects and doses share plots/controls,,,,,,continuous flooding,180.0,automated transcription from primary numeric PDF table with row and anchor assertions
dong_2024_SOC_2017_N2C3_vs_N2C0,dong_harbin_2015_2017,10.3390/agronomy14123050,Biochar: An Option to Maintain Rice Yield and Mitigate Greenhouse Gas Emissions from Rice Fields in Northeast China,Dong et al. 2024,2024,2017,China,"Minzhu, Harbin, Heilongjiang",45.8167,126.8,northern temperate,,rice,rice,single rice season,rice straw,biochar_return,SOC,"g organic C kg-1 soil, 0-20 cm",N2C3,N2C0,15.24,13.96,0.467653718044,1.16047404107,3,3,0.0877274529243,0.00261732551733,9.16905444126,dong_2024_2017_N2C0_SOC,"Table 6, p. 10","primary table mean ± SE, n=3; delta-method lnRR variance",A_primary_exact_table_mean_SE,A_primary_exact_table_mean_SE,,ADMIT_N_MATCHED_FIXED_FIELD_TRIAL_SHARED_CONTROLS,documented_or_reconstructed,3 biochar subplots share C0 within each N stratum and year; 2015-2017 are repeated measurements of one fixed trial,GWP/GHGI are derived from CH4/N2O and should not be counted as independent endpoints; yearly effects and doses share plots/controls,,,,,,continuous flooding,180.0,automated transcription from primary numeric PDF table with row and anchor assertions
gupta_2022_R7_vs_R1_pooled_yield,pau_ludhiana_rice_wheat_lte_2008,10.3390/land11101693,Tillage in Combination with Rice Straw Retention in a Rice-Wheat System Improves the Productivity and Quality of Wheat Grain through Improving the Soil Physio-Chemical Properties,Gupta et al. 2022,2022,2017-2019 pooled after experiment initiated in 2008,India,,,,,,wheat in rice-wheat rotation,,,,open_burning,yield,Mg ha-1 grain yield,R7 same crop establishment; standing/loose rice and wheat residues partially burned,R1 puddled transplanted rice plus zero-till drilled wheat; rice and wheat straw removed,5.06,4.91,0.163013549336,0.163013549336,3,3,0.0300925414929,0.000713379704271,3.0549898167,,Table 4,residue main-effect residual SD reconstructed from LSD0.05 with RCBD main-plot error df=(3-1)*(7-1)=12; n=3 independent blocks,A_primary_exact_pair_LSD_reconstructed_variance,A_primary_exact_pair_LSD_reconstructed_variance,,ADMIT_MATCHED_ZERO_TILL_BURNING_VS_REMOVAL; LSD_VARIANCE_SENSITIVITY_REQUIRED,documented_or_reconstructed,one residue main-effect contrast; N subplots and two crop years not counted as independent effects,exclude this study in a variance-provenance sensitivity analysis because SD is reconstructed from LSD,,two-year pooled wheat grain yield after long-term residue management; combustion emissions excluded,,,,,,
gupta_2024_T6_vs_T1_SOC_2020_2021,pau_ludhiana_rice_wheat_lte_2008,10.1038/s41598-024-51399-8,Interactive effects of long-term management of crop residue and phosphorus fertilization on wheat productivity and soil health in the rice-wheat system,Gupta et al. 2024,2024,2019-2021 pooled after experiment initiated in 2008,India,,30.9,75.8,,,wheat in rice-wheat rotation,,,,open_burning,SOC,"SOC percent, 0-15 cm",T6 transplanted rice after wheat-straw burning plus zero-till wheat after partial paddy-straw burning,T1 transplanted rice after wheat-straw removal plus zero-till wheat after paddy-straw removal,0.54,0.49,0.0274835850176,0.0274835850176,3,3,0.0971637484536,0.00191210831759,10.2040816327,,Figure 1d,residue main-effect residual SD reconstructed from LSD0.05 using main-plot error df=(3-1)*(6-1)=10; n=3 blocks,A_primary_exact_pair_digitized_mean_LSD_reconstructed_variance,A_primary_exact_pair_digitized_mean_LSD_reconstructed_variance,,ADMIT_MATCHED_ZERO_TILL_BURNING_VS_REMOVAL; DIGITIZATION_AND_LSD_VARIANCE_SENSITIVITY_REQUIRED,documented_or_reconstructed,same PAU experiment as Gupta et al. 2022; adds SOC outcome but not a new independent study,exclude in figure-digitization and LSD-reconstructed-variance sensitivity analyses,,0-15 cm SOC after long-term residue management; combustion pulse excluded,,,,,,
huang_2021_direct_return_early_rice_TOC,huang_jinxian_2010_2017,10.1016/S2095-3119(20)63347-0,Effects of long-term straw return on soil organic carbon fractions and enzyme activities in a double-cropped rice paddy in South China,Huang et al. 2021,2021,2017,China,"Yangxi Village, Jinxian County, Jiangxi",28.3353,116.0916,,,double-cropped rice,,early rice,,direct_return,SOC,"g total organic C kg-1 soil, 0-20 cm","SR, minced rice straw returned and incorporated","CK, straw removal",23.18,21.58,0.52,0.19,3,3,0.0715228780816,0.000193587908767,7.41427247451,huang_2021_early_rice_TOC_CK,Table 1,"primary Table 1 mean ± SD, n=3; delta-method lnRR variance",A_primary_exact_table_mean_SD,A_primary_exact_table_mean_SD,,ADMIT_MATCHED_NUTRIENTS_SHARED_REMOVAL_CONTROL_REPEATED_SEASONS,documented_or_reconstructed,SR and SBR share CK within season; early and late seasons reuse one long-term trial; one independent experiment,,,terminal 0-20 cm TOC after eight years; burning combustion pulse excluded,,"total organic carbon, potassium dichromate digestion",,,,primary numeric table transcription
huang_2021_open_burning_early_rice_TOC,huang_jinxian_2010_2017,10.1016/S2095-3119(20)63347-0,Effects of long-term straw return on soil organic carbon fractions and enzyme activities in a double-cropped rice paddy in South China,Huang et al. 2021,2021,2017,China,"Yangxi Village, Jinxian County, Jiangxi",28.3353,116.0916,,,double-cropped rice,,early rice,,open_burning,SOC,"g total organic C kg-1 soil, 0-20 cm","SBR, rice straw burned in situ and ash incorporated","CK, straw removal",21.72,21.58,0.4,0.19,3,3,0.00646653523575,0.000138891655858,0.64874884152,huang_2021_early_rice_TOC_CK,Table 1,"primary Table 1 mean ± SD, n=3; delta-method lnRR variance",A_primary_exact_table_mean_SD,A_primary_exact_table_mean_SD,,ADMIT_MATCHED_NUTRIENTS_SHARED_REMOVAL_CONTROL_REPEATED_SEASONS,documented_or_reconstructed,SR and SBR share CK within season; early and late seasons reuse one long-term trial; one independent experiment,,,terminal 0-20 cm TOC after eight years; burning combustion pulse excluded,,"total organic carbon, potassium dichromate digestion",,,,primary numeric table transcription
huang_2021_direct_return_late_rice_TOC,huang_jinxian_2010_2017,10.1016/S2095-3119(20)63347-0,Effects of long-term straw return on soil organic carbon fractions and enzyme activities in a double-cropped rice paddy in South China,Huang et al. 2021,2021,2017,China,"Yangxi Village, Jinxian County, Jiangxi",28.3353,116.0916,,,double-cropped rice,,late rice,,direct_return,SOC,"g total organic C kg-1 soil, 0-20 cm","SR, minced rice straw returned and incorporated","CK, straw removal",22.47,21.21,0.08,0.59,3,3,0.0577083176206,0.000262154998231,5.94059405941,huang_2021_late_rice_TOC_CK,Table 1,"primary Table 1 mean ± SD, n=3; delta-method lnRR variance",A_primary_exact_table_mean_SD,A_primary_exact_table_mean_SD,,ADMIT_MATCHED_NUTRIENTS_SHARED_REMOVAL_CONTROL_REPEATED_SEASONS,documented_or_reconstructed,SR and SBR share CK within season; early and late seasons reuse one long-term trial; one independent experiment,,,terminal 0-20 cm TOC after eight years; burning combustion pulse excluded,,"total organic carbon, potassium dichromate digestion",,,,primary numeric table transcription
huang_2021_open_burning_late_rice_TOC,huang_jinxian_2010_2017,10.1016/S2095-3119(20)63347-0,Effects of long-term straw return on soil organic carbon fractions and enzyme activities in a double-cropped rice paddy in South China,Huang et al. 2021,2021,2017,China,"Yangxi Village, Jinxian County, Jiangxi",28.3353,116.0916,,,double-cropped rice,,late rice,,open_burning,SOC,"g total organic C kg-1 soil, 0-20 cm","SBR, rice straw burned in situ and ash incorporated","CK, straw removal",21.94,21.21,0.2,0.59,3,3,0.0338386862705,0.000285628835917,3.4417727487,huang_2021_late_rice_TOC_CK,Table 1,"primary Table 1 mean ± SD, n=3; delta-method lnRR variance",A_primary_exact_table_mean_SD,A_primary_exact_table_mean_SD,,ADMIT_MATCHED_NUTRIENTS_SHARED_REMOVAL_CONTROL_REPEATED_SEASONS,documented_or_reconstructed,SR and SBR share CK within season; early and late seasons reuse one long-term trial; one independent experiment,,,terminal 0-20 cm TOC after eight years; burning combustion pulse excluded,,"total organic carbon, potassium dichromate digestion",,,,primary numeric table transcription
korav_2024_T1_vs_T2_final_SOC,korav_2024,10.1038/s41598-024-52319-6,"Rice residue management alternatives in rice-wheat cropping system: impact on wheat productivity, soil organic carbon, water and microbial dynamics",Korav et al. 2024,2024,2020,India,,29.728056,76.980556,,,wheat following rice,,,,open_burning,SOC,"SOC percent, 0-15 cm",T1 conventional-tillage wheat after full in-field residue burning,T2 conventional-tillage wheat after complete residue removal,0.33,0.32,0.0346410161514,0.0346410161514,3,3,0.0307716586668,0.00757934458219,3.125,,Table 3,"primary Table 3 mean +/- SE; SD=SE*sqrt(3); randomized complete block, n=3",A_primary_exact_pair,A_primary_exact_pair,,ADMIT_EXACT_BURNING_VS_REMOVAL_MATCHED_TILLAGE,documented_or_reconstructed,one final SOC endpoint from one randomized field contrast,,,final 0-15 cm SOC after two rice-wheat cycles; combustion pulse excluded,,,,,,
korav_2024_T1_vs_T2_yield_2019,korav_2024,10.1038/s41598-024-52319-6,"Rice residue management alternatives in rice-wheat cropping system: impact on wheat productivity, soil organic carbon, water and microbial dynamics",Korav et al. 2024,2024,2019,India,,29.728056,76.980556,,,wheat following rice,,,,open_burning,yield,t ha-1 grain yield,T1 conventional-tillage wheat after full in-field residue burning,T2 conventional-tillage wheat after complete residue removal,6.02,6.05,0.103923048454,0.103923048454,3,3,-0.00497101272202,0.000197690589486,-0.495867768595,,Figure 2,Figure 2 mean +/- SE digitized from calibrated 3x render; n=3 randomized blocks,A_primary_exact_pair_digitized_figure,A_primary_exact_pair_digitized_figure,,ADMIT_EXACT_BURNING_VS_REMOVAL_MATCHED_TILLAGE; DIGITIZATION_SENSITIVITY_REQUIRED,documented_or_reconstructed,two crop years nested within one randomized field study,,,wheat grain yield following rice-residue treatment,,,,,,
korav_2024_T1_vs_T2_yield_2020,korav_2024,10.1038/s41598-024-52319-6,"Rice residue management alternatives in rice-wheat cropping system: impact on wheat productivity, soil organic carbon, water and microbial dynamics",Korav et al. 2024,2024,2020,India,,29.728056,76.980556,,,wheat following rice,,,,open_burning,yield,t ha-1 grain yield,T1 conventional-tillage wheat after full in-field residue burning,T2 conventional-tillage wheat after complete residue removal,6.13,6.16,0.138564064606,0.138564064606,3,3,-0.00488202759731,0.000338979908771,-0.487012987013,,Figure 2,Figure 2 mean +/- SE digitized from calibrated 3x render; n=3 randomized blocks,A_primary_exact_pair_digitized_figure,A_primary_exact_pair_digitized_figure,,ADMIT_EXACT_BURNING_VS_REMOVAL_MATCHED_TILLAGE; DIGITIZATION_SENSITIVITY_REQUIRED,documented_or_reconstructed,two crop years nested within one randomized field study,,,wheat grain yield following rice-residue treatment,,,,,,
mbah_nneji_direct_return_sm_vs_control_yield_2007,mbah_nneji_agbani_2007_2008,10.5897/AJAR09.746,Effect of different crop residue management techniques on selected soil properties and grain production of maize,Mbah and Nneji 2011,2011,Year 1 (2007),Nigeria,,6.417,7.25,"humid bimodal rainfall, 1700-1800 mm yr-1",,maize,,two humid-zone cropping seasons,,direct_return,yield,Mg ha-1 maize grain yield,surface mulch,control with no applied land-clearing residue,3,1.3,0.170536734505,0.170536734505,5,5,0.836248024201,0.0040880328054,130.769230769,mbah_nneji_control_yield_2007,Table 3,RCBD residual SD reconstructed from LSD0.05 with df=(4 treatments-1)*(5 blocks-1)=12,A_primary_exact_pair_LSD_reconstructed_variance,A_primary_exact_pair_LSD_reconstructed_variance,,ADMIT_MATCHED_RESIDUE_MANAGEMENT_VS_NO_RESIDUE_CONTROL; SHARED_CONTROL_AND_REPEATED_YEAR_DEPENDENCE_ENCODED,documented_or_reconstructed,two seasons and multiple treatment arms share one RCBD experiment and control; one independent-study key,exclude in LSD-reconstructed-variance sensitivity analysis; 2010 JASR and 2011 AJAR reports are duplicate publications,land_clearing_residue_not_harvest_straw,field yield or post-season soil organic matter; combustion emissions excluded,,,,,,
mbah_nneji_direct_return_sai_vs_control_yield_2007,mbah_nneji_agbani_2007_2008,10.5897/AJAR09.746,Effect of different crop residue management techniques on selected soil properties and grain production of maize,Mbah and Nneji 2011,2011,Year 1 (2007),Nigeria,,6.417,7.25,"humid bimodal rainfall, 1700-1800 mm yr-1",,maize,,two humid-zone cropping seasons,,direct_return,yield,Mg ha-1 maize grain yield,slash incorporation,control with no applied land-clearing residue,2.1,1.3,0.170536734505,0.170536734505,5,5,0.479573080262,0.00476069569365,61.5384615385,mbah_nneji_control_yield_2007,Table 3,RCBD residual SD reconstructed from LSD0.05 with df=(4 treatments-1)*(5 blocks-1)=12,A_primary_exact_pair_LSD_reconstructed_variance,A_primary_exact_pair_LSD_reconstructed_variance,,ADMIT_MATCHED_RESIDUE_MANAGEMENT_VS_NO_RESIDUE_CONTROL; SHARED_CONTROL_AND_REPEATED_YEAR_DEPENDENCE_ENCODED,documented_or_reconstructed,two seasons and multiple treatment arms share one RCBD experiment and control; one independent-study key,exclude in LSD-reconstructed-variance sensitivity analysis; 2010 JASR and 2011 AJAR reports are duplicate publications,land_clearing_residue_not_harvest_straw,field yield or post-season soil organic matter; combustion emissions excluded,,,,,,
mbah_nneji_open_burning_bai_vs_control_yield_2007,mbah_nneji_agbani_2007_2008,10.5897/AJAR09.746,Effect of different crop residue management techniques on selected soil properties and grain production of maize,Mbah and Nneji 2011,2011,Year 1 (2007),Nigeria,,6.417,7.25,"humid bimodal rainfall, 1700-1800 mm yr-1",,maize,,two humid-zone cropping seasons,,open_burning,yield,Mg ha-1 maize grain yield,burning plus ash incorporation,control with no applied land-clearing residue,2.5,1.3,0.170536734505,0.170536734505,5,5,0.653926467407,0.00437239774404,92.3076923077,mbah_nneji_control_yield_2007,Table 3,RCBD residual SD reconstructed from LSD0.05 with df=(4 treatments-1)*(5 blocks-1)=12,A_primary_exact_pair_LSD_reconstructed_variance,A_primary_exact_pair_LSD_reconstructed_variance,,ADMIT_MATCHED_RESIDUE_MANAGEMENT_VS_NO_RESIDUE_CONTROL; SHARED_CONTROL_AND_REPEATED_YEAR_DEPENDENCE_ENCODED,documented_or_reconstructed,two seasons and multiple treatment arms share one RCBD experiment and control; one independent-study key,exclude in LSD-reconstructed-variance sensitivity analysis; 2010 JASR and 2011 AJAR reports are duplicate publications,land_clearing_residue_not_harvest_straw,field yield or post-season soil organic matter; combustion emissions excluded,,,,,,
mbah_nneji_direct_return_sm_vs_control_yield_2008,mbah_nneji_agbani_2007_2008,10.5897/AJAR09.746,Effect of different crop residue management techniques on selected soil properties and grain production of maize,Mbah and Nneji 2011,2011,Year 2 (2008),Nigeria,,6.417,7.25,"humid bimodal rainfall, 1700-1800 mm yr-1",,maize,,two humid-zone cropping seasons,,direct_return,yield,Mg ha-1 maize grain yield,surface mulch,control with no applied land-clearing residue,3.3,1.2,0.134252322908,0.134252322908,5,5,1.01160091168,0.00283430327165,175,mbah_nneji_control_yield_2008,Table 3,RCBD residual SD reconstructed from LSD0.05 with df=(4 treatments-1)*(5 blocks-1)=12,A_primary_exact_pair_LSD_reconstructed_variance,A_primary_exact_pair_LSD_reconstructed_variance,,ADMIT_MATCHED_RESIDUE_MANAGEMENT_VS_NO_RESIDUE_CONTROL; SHARED_CONTROL_AND_REPEATED_YEAR_DEPENDENCE_ENCODED,documented_or_reconstructed,two seasons and multiple treatment arms share one RCBD experiment and control; one independent-study key,exclude in LSD-reconstructed-variance sensitivity analysis; 2010 JASR and 2011 AJAR reports are duplicate publications,land_clearing_residue_not_harvest_straw,field yield or post-season soil organic matter; combustion emissions excluded,,,,,,
mbah_nneji_direct_return_sai_vs_control_yield_2008,mbah_nneji_agbani_2007_2008,10.5897/AJAR09.746,Effect of different crop residue management techniques on selected soil properties and grain production of maize,Mbah and Nneji 2011,2011,Year 2 (2008),Nigeria,,6.417,7.25,"humid bimodal rainfall, 1700-1800 mm yr-1",,maize,,two humid-zone cropping seasons,,direct_return,yield,Mg ha-1 maize grain yield,slash incorporation,control with no applied land-clearing residue,2.4,1.2,0.134252322908,0.134252322908,5,5,0.69314718056,0.0031291121886,100,mbah_nneji_control_yield_2008,Table 3,RCBD residual SD reconstructed from LSD0.05 with df=(4 treatments-1)*(5 blocks-1)=12,A_primary_exact_pair_LSD_reconstructed_variance,A_primary_exact_pair_LSD_reconstructed_variance,,ADMIT_MATCHED_RESIDUE_MANAGEMENT_VS_NO_RESIDUE_CONTROL; SHARED_CONTROL_AND_REPEATED_YEAR_DEPENDENCE_ENCODED,documented_or_reconstructed,two seasons and multiple treatment arms share one RCBD experiment and control; one independent-study key,exclude in LSD-reconstructed-variance sensitivity analysis; 2010 JASR and 2011 AJAR reports are duplicate publications,land_clearing_residue_not_harvest_straw,field yield or post-season soil organic matter; combustion emissions excluded,,,,,,
mbah_nneji_open_burning_bai_vs_control_yield_2008,mbah_nneji_agbani_2007_2008,10.5897/AJAR09.746,Effect of different crop residue management techniques on selected soil properties and grain production of maize,Mbah and Nneji 2011,2011,Year 2 (2008),Nigeria,,6.417,7.25,"humid bimodal rainfall, 1700-1800 mm yr-1",,maize,,two humid-zone cropping seasons,,open_burning,yield,Mg ha-1 maize grain yield,burning plus ash incorporation,control with no applied land-clearing residue,1.2,1.2,0.134252322908,0.134252322908,5,5,0,0.00500657950175,0,mbah_nneji_control_yield_2008,Table 3,RCBD residual SD reconstructed from LSD0.05 with df=(4 treatments-1)*(5 blocks-1)=12,A_primary_exact_pair_LSD_reconstructed_variance,A_primary_exact_pair_LSD_reconstructed_variance,,ADMIT_MATCHED_RESIDUE_MANAGEMENT_VS_NO_RESIDUE_CONTROL; SHARED_CONTROL_AND_REPEATED_YEAR_DEPENDENCE_ENCODED,documented_or_reconstructed,two seasons and multiple treatment arms share one RCBD experiment and control; one independent-study key,exclude in LSD-reconstructed-variance sensitivity analysis; 2010 JASR and 2011 AJAR reports are duplicate publications,land_clearing_residue_not_harvest_straw,field yield or post-season soil organic matter; combustion emissions excluded,,,,,,
mbah_nneji_direct_return_sm_vs_control_SOC_2007,mbah_nneji_agbani_2007_2008,10.5897/AJAR09.746,Effect of different crop residue management techniques on selected soil properties and grain production of maize,Mbah and Nneji 2011,2011,Year 1 (2007),Nigeria,,6.417,7.25,"humid bimodal rainfall, 1700-1800 mm yr-1",,maize,,two humid-zone cropping seasons,,direct_return,SOC,% soil organic matter (relative SOC proxy),surface mulch,control with no applied land-clearing residue,1.23,0.98,0.0290275292775,0.0290275292775,5,5,0.227216876702,0.00028685641231,25.5102040816,mbah_nneji_control_SOC_2007,Table 2,RCBD residual SD reconstructed from LSD0.05 with df=(4 treatments-1)*(5 blocks-1)=12,A_primary_exact_pair_LSD_reconstructed_variance,A_primary_exact_pair_LSD_reconstructed_variance,,ADMIT_MATCHED_RESIDUE_MANAGEMENT_VS_NO_RESIDUE_CONTROL; SHARED_CONTROL_AND_REPEATED_YEAR_DEPENDENCE_ENCODED,documented_or_reconstructed,two seasons and multiple treatment arms share one RCBD experiment and control; one independent-study key,exclude in LSD-reconstructed-variance sensitivity analysis; 2010 JASR and 2011 AJAR reports are duplicate publications,land_clearing_residue_not_harvest_straw,field yield or post-season soil organic matter; combustion emissions excluded,,Walkley-Black organic matter; relative SOC proxy only,,,,
mbah_nneji_direct_return_sai_vs_control_SOC_2007,mbah_nneji_agbani_2007_2008,10.5897/AJAR09.746,Effect of different crop residue management techniques on selected soil properties and grain production of maize,Mbah and Nneji 2011,2011,Year 1 (2007),Nigeria,,6.417,7.25,"humid bimodal rainfall, 1700-1800 mm yr-1",,maize,,two humid-zone cropping seasons,,direct_return,SOC,% soil organic matter (relative SOC proxy),slash incorporation,control with no applied land-clearing residue,1.25,0.98,0.0290275292775,0.0290275292775,5,5,0.243346258632,0.000283320499343,27.5510204082,mbah_nneji_control_SOC_2007,Table 2,RCBD residual SD reconstructed from LSD0.05 with df=(4 treatments-1)*(5 blocks-1)=12,A_primary_exact_pair_LSD_reconstructed_variance,A_primary_exact_pair_LSD_reconstructed_variance,,ADMIT_MATCHED_RESIDUE_MANAGEMENT_VS_NO_RESIDUE_CONTROL; SHARED_CONTROL_AND_REPEATED_YEAR_DEPENDENCE_ENCODED,documented_or_reconstructed,two seasons and multiple treatment arms share one RCBD experiment and control; one independent-study key,exclude in LSD-reconstructed-variance sensitivity analysis; 2010 JASR and 2011 AJAR reports are duplicate publications,land_clearing_residue_not_harvest_straw,field yield or post-season soil organic matter; combustion emissions excluded,,Walkley-Black organic matter; relative SOC proxy only,,,,
mbah_nneji_open_burning_bai_vs_control_SOC_2007,mbah_nneji_agbani_2007_2008,10.5897/AJAR09.746,Effect of different crop residue management techniques on selected soil properties and grain production of maize,Mbah and Nneji 2011,2011,Year 1 (2007),Nigeria,,6.417,7.25,"humid bimodal rainfall, 1700-1800 mm yr-1",,maize,,two humid-zone cropping seasons,,open_burning,SOC,% soil organic matter (relative SOC proxy),burning plus ash incorporation,control with no applied land-clearing residue,1.19,0.98,0.0290275292775,0.0290275292775,5,5,0.194156014441,0.000294470560953,21.4285714286,mbah_nneji_control_SOC_2007,Table 2,RCBD residual SD reconstructed from LSD0.05 with df=(4 treatments-1)*(5 blocks-1)=12,A_primary_exact_pair_LSD_reconstructed_variance,A_primary_exact_pair_LSD_reconstructed_variance,,ADMIT_MATCHED_RESIDUE_MANAGEMENT_VS_NO_RESIDUE_CONTROL; SHARED_CONTROL_AND_REPEATED_YEAR_DEPENDENCE_ENCODED,documented_or_reconstructed,two seasons and multiple treatment arms share one RCBD experiment and control; one independent-study key,exclude in LSD-reconstructed-variance sensitivity analysis; 2010 JASR and 2011 AJAR reports are duplicate publications,land_clearing_residue_not_harvest_straw,field yield or post-season soil organic matter; combustion emissions excluded,,Walkley-Black organic matter; relative SOC proxy only,,,,
mbah_nneji_direct_return_sm_vs_control_SOC_2008,mbah_nneji_agbani_2007_2008,10.5897/AJAR09.746,Effect of different crop residue management techniques on selected soil properties and grain production of maize,Mbah and Nneji 2011,2011,Year 2 (2008),Nigeria,,6.417,7.25,"humid bimodal rainfall, 1700-1800 mm yr-1",,maize,,two humid-zone cropping seasons,,direct_return,SOC,% soil organic matter (relative SOC proxy),surface mulch,control with no applied land-clearing residue,1.39,0.96,0.0145137646388,0.0145137646388,5,5,0.370125741663,6.75190614163e-05,44.7916666667,mbah_nneji_control_SOC_2008,Table 2,RCBD residual SD reconstructed from LSD0.05 with df=(4 treatments-1)*(5 blocks-1)=12,A_primary_exact_pair_LSD_reconstructed_variance,A_primary_exact_pair_LSD_reconstructed_variance,,ADMIT_MATCHED_RESIDUE_MANAGEMENT_VS_NO_RESIDUE_CONTROL; SHARED_CONTROL_AND_REPEATED_YEAR_DEPENDENCE_ENCODED,documented_or_reconstructed,two seasons and multiple treatment arms share one RCBD experiment and control; one independent-study key,exclude in LSD-reconstructed-variance sensitivity analysis; 2010 JASR and 2011 AJAR reports are duplicate publications,land_clearing_residue_not_harvest_straw,field yield or post-season soil organic matter; combustion emissions excluded,,Walkley-Black organic matter; relative SOC proxy only,,,,
mbah_nneji_direct_return_sai_vs_control_SOC_2008,mbah_nneji_agbani_2007_2008,10.5897/AJAR09.746,Effect of different crop residue management techniques on selected soil properties and grain production of maize,Mbah and Nneji 2011,2011,Year 2 (2008),Nigeria,,6.417,7.25,"humid bimodal rainfall, 1700-1800 mm yr-1",,maize,,two humid-zone cropping seasons,,direct_return,SOC,% soil organic matter (relative SOC proxy),slash incorporation,control with no applied land-clearing residue,1.32,0.96,0.0145137646388,0.0145137646388,5,5,0.318453731119,6.98930575965e-05,37.5,mbah_nneji_control_SOC_2008,Table 2,RCBD residual SD reconstructed from LSD0.05 with df=(4 treatments-1)*(5 blocks-1)=12,A_primary_exact_pair_LSD_reconstructed_variance,A_primary_exact_pair_LSD_reconstructed_variance,,ADMIT_MATCHED_RESIDUE_MANAGEMENT_VS_NO_RESIDUE_CONTROL; SHARED_CONTROL_AND_REPEATED_YEAR_DEPENDENCE_ENCODED,documented_or_reconstructed,two seasons and multiple treatment arms share one RCBD experiment and control; one independent-study key,exclude in LSD-reconstructed-variance sensitivity analysis; 2010 JASR and 2011 AJAR reports are duplicate publications,land_clearing_residue_not_harvest_straw,field yield or post-season soil organic matter; combustion emissions excluded,,Walkley-Black organic matter; relative SOC proxy only,,,,
mbah_nneji_open_burning_bai_vs_control_SOC_2008,mbah_nneji_agbani_2007_2008,10.5897/AJAR09.746,Effect of different crop residue management techniques on selected soil properties and grain production of maize,Mbah and Nneji 2011,2011,Year 2 (2008),Nigeria,,6.417,7.25,"humid bimodal rainfall, 1700-1800 mm yr-1",,maize,,two humid-zone cropping seasons,,open_burning,SOC,% soil organic matter (relative SOC proxy),burning plus ash incorporation,control with no applied land-clearing residue,1.26,0.96,0.0145137646388,0.0145137646388,5,5,0.271933715484,7.22506686097e-05,31.25,mbah_nneji_control_SOC_2008,Table 2,RCBD residual SD reconstructed from LSD0.05 with df=(4 treatments-1)*(5 blocks-1)=12,A_primary_exact_pair_LSD_reconstructed_variance,A_primary_exact_pair_LSD_reconstructed_variance,,ADMIT_MATCHED_RESIDUE_MANAGEMENT_VS_NO_RESIDUE_CONTROL; SHARED_CONTROL_AND_REPEATED_YEAR_DEPENDENCE_ENCODED,documented_or_reconstructed,two seasons and multiple treatment arms share one RCBD experiment and control; one independent-study key,exclude in LSD-reconstructed-variance sensitivity analysis; 2010 JASR and 2011 AJAR reports are duplicate publications,land_clearing_residue_not_harvest_straw,field yield or post-season soil organic matter; combustion emissions excluded,,Walkley-Black organic matter; relative SOC proxy only,,,,
pachauri_2024_burning_vs_removal_yield_2020_21,pachauri_meerut_2020_2022,10.33545/2618060X.2024.v7.i12e.2165,Economic feasibility of different options of rice stubble and weed management on performance of late sown wheat in western UP,Pachauri et al. 2024,2024,2020-21,India,,29.067,77.683,,,late-sown wheat after rice,,Rabi,,open_burning,yield,q ha-1 wheat grain yield,rice stubble burned in field (RB),rice stubble removed (RR),45.18,40.23,1.81865334795,1.81865334795,3,3,0.116041525078,0.00122132099093,12.3042505593,,Table 1,reported residue-main-effect S.Em converted to residual SD as SEm*sqrt(3 blocks),A_primary_exact_pair_reported_SEM,A_primary_exact_pair_reported_SEM,,ADMIT_MATCHED_BURNING_VS_REMOVAL; REPEATED_YEAR_DEPENDENCE_ENCODED,documented_or_reconstructed,two crop years from the same split-plot field experiment; one independent-study key and correlated-year handling required,exclude this experiment in venue-quality sensitivity analysis; later papers reuse the same thesis dataset and must be deduplicated,,subsequent wheat grain yield; combustion emissions excluded,,,,,,
pachauri_2024_burning_vs_removal_yield_2021_22,pachauri_meerut_2020_2022,10.33545/2618060X.2024.v7.i12e.2165,Economic feasibility of different options of rice stubble and weed management on performance of late sown wheat in western UP,Pachauri et al. 2024,2024,2021-22,India,,29.067,77.683,,,late-sown wheat after rice,,Rabi,,open_burning,yield,q ha-1 wheat grain yield,rice stubble burned in field (RB),rice stubble removed (RR),42.68,37.81,1.81865334795,1.81865334795,3,3,0.121156808531,0.00137643984555,12.8801904258,,Table 1,reported residue-main-effect S.Em converted to residual SD as SEm*sqrt(3 blocks),A_primary_exact_pair_reported_SEM,A_primary_exact_pair_reported_SEM,,ADMIT_MATCHED_BURNING_VS_REMOVAL; REPEATED_YEAR_DEPENDENCE_ENCODED,documented_or_reconstructed,two crop years from the same split-plot field experiment; one independent-study key and correlated-year handling required,exclude this experiment in venue-quality sensitivity analysis; later papers reuse the same thesis dataset and must be deduplicated,,subsequent wheat grain yield; combustion emissions excluded,,,,,,
qin_2016_2012_early_BC1_vs_CK_GWP,qin_huizhou_2012_2015,10.1016/j.scitotenv.2016.06.222,Long-term effect of biochar application on yield-scaled greenhouse gas emissions in a rice paddy cropping system: A four-year case study in south China,Qin et al. 2016,2016,2012,China,"Huizhou Institute of Agricultural Sciences, Guangdong",23.1,114.5667,tropical,,rice,rice,early rice,wheat straw,biochar_return,GWP,kg CO2-eq ha-1 per rice season,BC1,CK (chemical fertilizer only),3348.23,4698.56,1698.69150902,2416.71317129,3,3,-0.338824230795,0.173983961423,-28.739230743,qin_2016_2012_early_CK_GWP,"Table 3, p. 1395","primary Table 3 mean ± SE, n=3; delta-method lnRR variance",A_primary_exact_table_mean_SE,A_primary_exact_table_mean_SE,,ADMIT_SEASONAL_MATCHED_FERTILIZER_SHARED_CONTROL,documented_or_reconstructed,all treatment arms share CK within season; eight seasons are repeated measures of the same 18 fixed plots; one independent trial,three biochar doses and plain straw share CK; eight repeated seasons; GWP and GHGI are derived related endpoints,,"seasonal soil CH4+N2O, 100-year AR5 factors; excludes biochar production and SOC change","AR5 100-year, CH4=28; N2O=265",,,intermittent flooding with midseason drainage,,"automated transcription from primary PDF Table 3 with season, arm and anchor assertions"
qin_2016_2012_early_BC1_vs_CK_yield,qin_huizhou_2012_2015,10.1016/j.scitotenv.2016.06.222,Long-term effect of biochar application on yield-scaled greenhouse gas emissions in a rice paddy cropping system: A four-year case study in south China,Qin et al. 2016,2016,2012,China,"Huizhou Institute of Agricultural Sciences, Guangdong",23.1,114.5667,tropical,,rice,rice,early rice,wheat straw,biochar_return,yield,kg rice grain ha-1 per season,BC1,CK (chemical fertilizer only),6853.68,6941.46,1265.40167899,1823.90146189,3,3,-0.0127263927357,0.0343762164165,-1.26457546395,qin_2016_2012_early_CK_yield,"Table 3, p. 1395","primary Table 3 mean ± SE, n=3; delta-method lnRR variance",A_primary_exact_table_mean_SE,A_primary_exact_table_mean_SE,,ADMIT_SEASONAL_MATCHED_FERTILIZER_SHARED_CONTROL,documented_or_reconstructed,all treatment arms share CK within season; eight seasons are repeated measures of the same 18 fixed plots; one independent trial,three biochar doses and plain straw share CK; eight repeated seasons; GWP and GHGI are derived related endpoints,,,,,,intermittent flooding with midseason drainage,,"automated transcription from primary PDF Table 3 with season, arm and anchor assertions"
qin_2016_2012_early_BC1_vs_CK_GHGI,qin_huizhou_2012_2015,10.1016/j.scitotenv.2016.06.222,Long-term effect of biochar application on yield-scaled greenhouse gas emissions in a rice paddy cropping system: A four-year case study in south China,Qin et al. 2016,2016,2012,China,"Huizhou Institute of Agricultural Sciences, Guangdong",23.1,114.5667,tropical,,rice,rice,early rice,wheat straw,biochar_return,GHGI,kg CO2-eq kg-1 rice grain,BC1,CK (chemical fertilizer only),0.49,0.68,0.24248711306,0.346410161514,3,3,-0.327687407065,0.168137843373,-27.9411764706,qin_2016_2012_early_CK_GHGI,"Table 3, p. 1395","primary Table 3 mean ± SE, n=3; delta-method lnRR variance",A_primary_exact_table_mean_SE,A_primary_exact_table_mean_SE,,ADMIT_SEASONAL_MATCHED_FERTILIZER_SHARED_CONTROL,documented_or_reconstructed,all treatment arms share CK within season; eight seasons are repeated measures of the same 18 fixed plots; one independent trial,three biochar doses and plain straw share CK; eight repeated seasons; GWP and GHGI are derived related endpoints,,"seasonal soil CH4+N2O, 100-year AR5 factors; excludes biochar production and SOC change","AR5 100-year, CH4=28; N2O=265",,,intermittent flooding with midseason drainage,,"automated transcription from primary PDF Table 3 with season, arm and anchor assertions"
qin_2016_2012_early_BC2_vs_CK_GWP,qin_huizhou_2012_2015,10.1016/j.scitotenv.2016.06.222,Long-term effect of biochar application on yield-scaled greenhouse gas emissions in a rice paddy cropping system: A four-year case study in south China,Qin et al. 2016,2016,2012,China,"Huizhou Institute of Agricultural Sciences, Guangdong",23.1,114.5667,tropical,,rice,rice,early rice,wheat straw,biochar_return,GWP,kg CO2-eq ha-1 per rice season,BC2,CK (chemical fertilizer only),2887.12,4698.56,1549.31944737,2416.71317129,3,3,-0.486996613336,0.184177063546,-38.5530886059,qin_2016_2012_early_CK_GWP,"Table 3, p. 1395","primary Table 3 mean ± SE, n=3; delta-method lnRR variance",A_primary_exact_table_mean_SE,A_primary_exact_table_mean_SE,,ADMIT_SEASONAL_MATCHED_FERTILIZER_SHARED_CONTROL,documented_or_reconstructed,all treatment arms share CK within season; eight seasons are repeated measures of the same 18 fixed plots; one independent trial,three biochar doses and plain straw share CK; eight repeated seasons; GWP and GHGI are derived related endpoints,,"seasonal soil CH4+N2O, 100-year AR5 factors; excludes biochar production and SOC change","AR5 100-year, CH4=28; N2O=265",,,intermittent flooding with midseason drainage,,"automated transcription from primary PDF Table 3 with season, arm and anchor assertions"
qin_2016_2012_early_BC2_vs_CK_yield,qin_huizhou_2012_2015,10.1016/j.scitotenv.2016.06.222,Long-term effect of biochar application on yield-scaled greenhouse gas emissions in a rice paddy cropping system: A four-year case study in south China,Qin et al. 2016,2016,2012,China,"Huizhou Institute of Agricultural Sciences, Guangdong",23.1,114.5667,tropical,,rice,rice,early rice,wheat straw,biochar_return,yield,kg rice grain ha-1 per season,BC2,CK (chemical fertilizer only),6523.66,6941.46,2288.17768086,1823.90146189,3,3,-0.0620765588988,0.0640220116372,-6.01890668534,qin_2016_2012_early_CK_yield,"Table 3, p. 1395","primary Table 3 mean ± SE, n=3; delta-method lnRR variance",A_primary_exact_table_mean_SE,A_primary_exact_table_mean_SE,,ADMIT_SEASONAL_MATCHED_FERTILIZER_SHARED_CONTROL,documented_or_reconstructed,all treatment arms share CK within season; eight seasons are repeated measures of the same 18 fixed plots; one independent trial,three biochar doses and plain straw share CK; eight repeated seasons; GWP and GHGI are derived related endpoints,,,,,,intermittent flooding with midseason drainage,,"automated transcription from primary PDF Table 3 with season, arm and anchor assertions"
qin_2016_2012_early_BC2_vs_CK_GHGI,qin_huizhou_2012_2015,10.1016/j.scitotenv.2016.06.222,Long-term effect of biochar application on yield-scaled greenhouse gas emissions in a rice paddy cropping system: A four-year case study in south China,Qin et al. 2016,2016,2012,China,"Huizhou Institute of Agricultural Sciences, Guangdong",23.1,114.5667,tropical,,rice,rice,early rice,wheat straw,biochar_return,GHGI,kg CO2-eq kg-1 rice grain,BC2,CK (chemical fertilizer only),0.44,0.68,0.24248711306,0.346410161514,3,3,-0.435318071258,0.187744859733,-35.2941176471,qin_2016_2012_early_CK_GHGI,"Table 3, p. 1395","primary Table 3 mean ± SE, n=3; delta-method lnRR variance",A_primary_exact_table_mean_SE,A_primary_exact_table_mean_SE,,ADMIT_SEASONAL_MATCHED_FERTILIZER_SHARED_CONTROL,documented_or_reconstructed,all treatment arms share CK within season; eight seasons are repeated measures of the same 18 fixed plots; one independent trial,three biochar doses and plain straw share CK; eight repeated seasons; GWP and GHGI are derived related endpoints,,"seasonal soil CH4+N2O, 100-year AR5 factors; excludes biochar production and SOC change","AR5 100-year, CH4=28; N2O=265",,,intermittent flooding with midseason drainage,,"automated transcription from primary PDF Table 3 with season, arm and anchor assertions"
qin_2016_2012_early_BC3_vs_CK_GWP,qin_huizhou_2012_2015,10.1016/j.scitotenv.2016.06.222,Long-term effect of biochar application on yield-scaled greenhouse gas emissions in a rice paddy cropping system: A four-year case study in south China,Qin et al. 2016,2016,2012,China,"Huizhou Institute of Agricultural Sciences, Guangdong",23.1,114.5667,tropical,,rice,rice,early rice,wheat straw,biochar_return,GWP,kg CO2-eq ha-1 per rice season,BC3,CK (chemical fertilizer only),2937.14,4698.56,2338.874808,2416.71317129,3,3,-0.469819760024,0.299555978797,-37.4885071171,qin_2016_2012_early_CK_GWP,"Table 3, p. 1395","primary Table 3 mean ± SE, n=3; delta-method lnRR variance",A_primary_exact_table_mean_SE,A_primary_exact_table_mean_SE,,ADMIT_SEASONAL_MATCHED_FERTILIZER_SHARED_CONTROL,documented_or_reconstructed,all treatment arms share CK within season; eight seasons are repeated measures of the same 18 fixed plots; one independent trial,three biochar doses and plain straw share CK; eight repeated seasons; GWP and GHGI are derived related endpoints,,"seasonal soil CH4+N2O, 100-year AR5 factors; excludes biochar production and SOC change","AR5 100-year, CH4=28; N2O=265",,,intermittent flooding with midseason drainage,,"automated transcription from primary PDF Table 3 with season, arm and anchor assertions"
qin_2016_2012_early_BC3_vs_CK_yield,qin_huizhou_2012_2015,10.1016/j.scitotenv.2016.06.222,Long-term effect of biochar application on yield-scaled greenhouse gas emissions in a rice paddy cropping system: A four-year case study in south China,Qin et al. 2016,2016,2012,China,"Huizhou Institute of Agricultural Sciences, Guangdong",23.1,114.5667,tropical,,rice,rice,early rice,wheat straw,biochar_return,yield,kg rice grain ha-1 per season,BC3,CK (chemical fertilizer only),7152.58,6941.46,1149.37159539,1823.90146189,3,3,0.0299610037471,0.0316207939592,3.04143508714,qin_2016_2012_early_CK_yield,"Table 3, p. 1395","primary Table 3 mean ± SE, n=3; delta-method lnRR variance",A_primary_exact_table_mean_SE,A_primary_exact_table_mean_SE,,ADMIT_SEASONAL_MATCHED_FERTILIZER_SHARED_CONTROL,documented_or_reconstructed,all treatment arms share CK within season; eight seasons are repeated measures of the same 18 fixed plots; one independent trial,three biochar doses and plain straw share CK; eight repeated seasons; GWP and GHGI are derived related endpoints,,,,,,intermittent flooding with midseason drainage,,"automated transcription from primary PDF Table 3 with season, arm and anchor assertions"
qin_2016_2012_early_BC3_vs_CK_GHGI,qin_huizhou_2012_2015,10.1016/j.scitotenv.2016.06.222,Long-term effect of biochar application on yield-scaled greenhouse gas emissions in a rice paddy cropping system: A four-year case study in south China,Qin et al. 2016,2016,2012,China,"Huizhou Institute of Agricultural Sciences, Guangdong",23.1,114.5667,tropical,,rice,rice,early rice,wheat straw,biochar_return,GHGI,kg CO2-eq kg-1 rice grain,BC3,CK (chemical fertilizer only),0.41,0.68,0.329089653438,0.346410161514,3,3,-0.505935638472,0.301258313452,-39.7058823529,qin_2016_2012_early_CK_GHGI,"Table 3, p. 1395","primary Table 3 mean ± SE, n=3; delta-method lnRR variance",A_primary_exact_table_mean_SE,A_primary_exact_table_mean_SE,,ADMIT_SEASONAL_MATCHED_FERTILIZER_SHARED_CONTROL,documented_or_reconstructed,all treatment arms share CK within season; eight seasons are repeated measures of the same 18 fixed plots; one independent trial,three biochar doses and plain straw share CK; eight repeated seasons; GWP and GHGI are derived related endpoints,,"seasonal soil CH4+N2O, 100-year AR5 factors; excludes biochar production and SOC change","AR5 100-year, CH4=28; N2O=265",,,intermittent flooding with midseason drainage,,"automated transcription from primary PDF Table 3 with season, arm and anchor assertions"
qin_2016_2012_early_RS_vs_CK_GWP,qin_huizhou_2012_2015,10.1016/j.scitotenv.2016.06.222,Long-term effect of biochar application on yield-scaled greenhouse gas emissions in a rice paddy cropping system: A four-year case study in south China,Qin et al. 2016,2016,2012,China,"Huizhou Institute of Agricultural Sciences, Guangdong",23.1,114.5667,tropical,,rice,rice,early rice,,direct_return,GWP,kg CO2-eq ha-1 per rice season,RS,CK (chemical fertilizer only),9004.62,4698.56,3889.30276789,2416.71317129,3,3,0.650481700167,0.150371787345,91.6463767622,qin_2016_2012_early_CK_GWP,"Table 3, p. 1395","primary Table 3 mean ± SE, n=3; delta-method lnRR variance",A_primary_exact_table_mean_SE,A_primary_exact_table_mean_SE,,ADMIT_SEASONAL_MATCHED_FERTILIZER_SHARED_CONTROL,documented_or_reconstructed,all treatment arms share CK within season; eight seasons are repeated measures of the same 18 fixed plots; one independent trial,three biochar doses and plain straw share CK; eight repeated seasons; GWP and GHGI are derived related endpoints,,"seasonal soil CH4+N2O, 100-year AR5 factors; excludes biochar production and SOC change","AR5 100-year, CH4=28; N2O=265",,,intermittent flooding with midseason drainage,,"automated transcription from primary PDF Table 3 with season, arm and anchor assertions"
qin_2016_2012_early_RS_vs_CK_yield,qin_huizhou_2012_2015,10.1016/j.scitotenv.2016.06.222,Long-term effect of biochar application on yield-scaled greenhouse gas emissions in a rice paddy cropping system: A four-year case study in south China,Qin et al. 2016,2016,2012,China,"Huizhou Institute of Agricultural Sciences, Guangdong",23.1,114.5667,tropical,,rice,rice,early rice,,direct_return,yield,kg rice grain ha-1 per season,RS,CK (chemical fertilizer only),6332.54,6941.46,2100.70050145,1823.90146189,3,3,-0.0918107075385,0.0596951920773,-8.77221794839,qin_2016_2012_early_CK_yield,"Table 3, p. 1395","primary Table 3 mean ± SE, n=3; delta-method lnRR variance",A_primary_exact_table_mean_SE,A_primary_exact_table_mean_SE,,ADMIT_SEASONAL_MATCHED_FERTILIZER_SHARED_CONTROL,documented_or_reconstructed,all treatment arms share CK within season; eight seasons are repeated measures of the same 18 fixed plots; one independent trial,three biochar doses and plain straw share CK; eight repeated seasons; GWP and GHGI are derived related endpoints,,,,,,intermittent flooding with midseason drainage,,"automated transcription from primary PDF Table 3 with season, arm and anchor assertions"
qin_2016_2012_early_RS_vs_CK_GHGI,qin_huizhou_2012_2015,10.1016/j.scitotenv.2016.06.222,Long-term effect of biochar application on yield-scaled greenhouse gas emissions in a rice paddy cropping system: A four-year case study in south China,Qin et al. 2016,2016,2012,China,"Huizhou Institute of Agricultural Sciences, Guangdong",23.1,114.5667,tropical,,rice,rice,early rice,,direct_return,GHGI,kg CO2-eq kg-1 rice grain,RS,CK (chemical fertilizer only),1.42,0.68,0.606217782649,0.346410161514,3,3,0.736319352425,0.147257025265,108.823529412,qin_2016_2012_early_CK_GHGI,"Table 3, p. 1395","primary Table 3 mean ± SE, n=3; delta-method lnRR variance",A_primary_exact_table_mean_SE,A_primary_exact_table_mean_SE,,ADMIT_SEASONAL_MATCHED_FERTILIZER_SHARED_CONTROL,documented_or_reconstructed,all treatment arms share CK within season; eight seasons are repeated measures of the same 18 fixed plots; one independent trial,three biochar doses and plain straw share CK; eight repeated seasons; GWP and GHGI are derived related endpoints,,"seasonal soil CH4+N2O, 100-year AR5 factors; excludes biochar production and SOC change","AR5 100-year, CH4=28; N2O=265",,,intermittent flooding with midseason drainage,,"automated transcription from primary PDF Table 3 with season, arm and anchor assertions"
qin_2016_2012_late_BC1_vs_CK_GWP,qin_huizhou_2012_2015,10.1016/j.scitotenv.2016.06.222,Long-term effect of biochar application on yield-scaled greenhouse gas emissions in a rice paddy cropping system: A four-year case study in south China,Qin et al. 2016,2016,2012,China,"Huizhou Institute of Agricultural Sciences, Guangdong",23.1,114.5667,tropical,,rice,rice,late rice,wheat straw,biochar_return,GWP,kg CO2-eq ha-1 per rice season,BC1,CK (chemical fertilizer only),2128.47,2604.24,591.235543164,1067.4455922,3,3,-0.201737474244,0.0817222371488,-18.2690535435,qin_2016_2012_late_CK_GWP,"Table 3, p. 1395","primary Table 3 mean ± SE, n=3; delta-method lnRR variance",A_primary_exact_table_mean_SE,A_primary_exact_table_mean_SE,,ADMIT_SEASONAL_MATCHED_FERTILIZER_SHARED_CONTROL,documented_or_reconstructed,all treatment arms share CK within season; eight seasons are repeated measures of the same 18 fixed plots; one independent trial,three biochar doses and plain straw share CK; eight repeated seasons; GWP and GHGI are derived related endpoints,,"seasonal soil CH4+N2O, 100-year AR5 factors; excludes biochar production and SOC change","AR5 100-year, CH4=28; N2O=265",,,intermittent flooding with midseason drainage,,"automated transcription from primary PDF Table 3 with season, arm and anchor assertions"
qin_2016_2012_late_BC1_vs_CK_yield,qin_huizhou_2012_2015,10.1016/j.scitotenv.2016.06.222,Long-term effect of biochar application on yield-scaled greenhouse gas emissions in a rice paddy cropping system: A four-year case study in south China,Qin et al. 2016,2016,2012,China,"Huizhou Institute of Agricultural Sciences, Guangdong",23.1,114.5667,tropical,,rice,rice,late rice,wheat straw,biochar_return,yield,kg rice grain ha-1 per season,BC1,CK (chemical fertilizer only),6763.38,6553.28,866.78750614,944.123574698,3,3,0.0315570774307,0.0123935153811,3.20602812637,qin_2016_2012_late_CK_yield,"Table 3, p. 1395","primary Table 3 mean ± SE, n=3; delta-method lnRR variance",A_primary_exact_table_mean_SE,A_primary_exact_table_mean_SE,,ADMIT_SEASONAL_MATCHED_FERTILIZER_SHARED_CONTROL,documented_or_reconstructed,all treatment arms share CK within season; eight seasons are repeated measures of the same 18 fixed plots; one independent trial,three biochar doses and plain straw share CK; eight repeated seasons; GWP and GHGI are derived related endpoints,,,,,,intermittent flooding with midseason drainage,,"automated transcription from primary PDF Table 3 with season, arm and anchor assertions"
qin_2016_2012_late_BC1_vs_CK_GHGI,qin_huizhou_2012_2015,10.1016/j.scitotenv.2016.06.222,Long-term effect of biochar application on yield-scaled greenhouse gas emissions in a rice paddy cropping system: A four-year case study in south China,Qin et al. 2016,2016,2012,China,"Huizhou Institute of Agricultural Sciences, Guangdong",23.1,114.5667,tropical,,rice,rice,late rice,wheat straw,biochar_return,GHGI,kg CO2-eq kg-1 rice grain,BC1,CK (chemical fertilizer only),0.3,0.4,0.12124355653,0.155884572681,3,3,-0.287682072452,0.105069444444,-25,qin_2016_2012_late_CK_GHGI,"Table 3, p. 1395","primary Table 3 mean ± SE, n=3; delta-method lnRR variance",A_primary_exact_table_mean_SE,A_primary_exact_table_mean_SE,,ADMIT_SEASONAL_MATCHED_FERTILIZER_SHARED_CONTROL,documented_or_reconstructed,all treatment arms share CK within season; eight seasons are repeated measures of the same 18 fixed plots; one independent trial,three biochar doses and plain straw share CK; eight repeated seasons; GWP and GHGI are derived related endpoints,,"seasonal soil CH4+N2O, 100-year AR5 factors; excludes biochar production and SOC change","AR5 100-year, CH4=28; N2O=265",,,intermittent flooding with midseason drainage,,"automated transcription from primary PDF Table 3 with season, arm and anchor assertions"
qin_2016_2012_late_BC2_vs_CK_GWP,qin_huizhou_2012_2015,10.1016/j.scitotenv.2016.06.222,Long-term effect of biochar application on yield-scaled greenhouse gas emissions in a rice paddy cropping system: A four-year case study in south China,Qin et al. 2016,2016,2012,China,"Huizhou Institute of Agricultural Sciences, Guangdong",23.1,114.5667,tropical,,rice,rice,late rice,wheat straw,biochar_return,GWP,kg CO2-eq ha-1 per rice season,BC2,CK (chemical fertilizer only),3940.33,2604.24,2192.53383527,1067.4455922,3,3,0.41412359015,0.159208894486,51.3044112678,qin_2016_2012_late_CK_GWP,"Table 3, p. 1395","primary Table 3 mean ± SE, n=3; delta-method lnRR variance",A_primary_exact_table_mean_SE,A_primary_exact_table_mean_SE,,ADMIT_SEASONAL_MATCHED_FERTILIZER_SHARED_CONTROL,documented_or_reconstructed,all treatment arms share CK within season; eight seasons are repeated measures of the same 18 fixed plots; one independent trial,three biochar doses and plain straw share CK; eight repeated seasons; GWP and GHGI are derived related endpoints,,"seasonal soil CH4+N2O, 100-year AR5 factors; excludes biochar production and SOC change","AR5 100-year, CH4=28; N2O=265",,,intermittent flooding with midseason drainage,,"automated transcription from primary PDF Table 3 with season, arm and anchor assertions"
qin_2016_2012_late_BC2_vs_CK_yield,qin_huizhou_2012_2015,10.1016/j.scitotenv.2016.06.222,Long-term effect of biochar application on yield-scaled greenhouse gas emissions in a rice paddy cropping system: A four-year case study in south China,Qin et al. 2016,2016,2012,China,"Huizhou Institute of Agricultural Sciences, Guangdong",23.1,114.5667,tropical,,rice,rice,late rice,wheat straw,biochar_return,yield,kg rice grain ha-1 per season,BC2,CK (chemical fertilizer only),7099.1,6553.28,1881.3882282,944.123574698,3,3,0.0800023277833,0.0303300992496,8.32895893354,qin_2016_2012_late_CK_yield,"Table 3, p. 1395","primary Table 3 mean ± SE, n=3; delta-method lnRR variance",A_primary_exact_table_mean_SE,A_primary_exact_table_mean_SE,,ADMIT_SEASONAL_MATCHED_FERTILIZER_SHARED_CONTROL,documented_or_reconstructed,all treatment arms share CK within season; eight seasons are repeated measures of the same 18 fixed plots; one independent trial,three biochar doses and plain straw share CK; eight repeated seasons; GWP and GHGI are derived related endpoints,,,,,,intermittent flooding with midseason drainage,,"automated transcription from primary PDF Table 3 with season, arm and anchor assertions"
qin_2016_2012_late_BC2_vs_CK_GHGI,qin_huizhou_2012_2015,10.1016/j.scitotenv.2016.06.222,Long-term effect of biochar application on yield-scaled greenhouse gas emissions in a rice paddy cropping system: A four-year case study in south China,Qin et al. 2016,2016,2012,China,"Huizhou Institute of Agricultural Sciences, Guangdong",23.1,114.5667,tropical,,rice,rice,late rice,wheat straw,biochar_return,GHGI,kg CO2-eq kg-1 rice grain,BC2,CK (chemical fertilizer only),0.53,0.4,0.363730669589,0.155884572681,3,3,0.281412459438,0.207620372019,32.5,qin_2016_2012_late_CK_GHGI,"Table 3, p. 1395","primary Table 3 mean ± SE, n=3; delta-method lnRR variance",A_primary_exact_table_mean_SE,A_primary_exact_table_mean_SE,,ADMIT_SEASONAL_MATCHED_FERTILIZER_SHARED_CONTROL,documented_or_reconstructed,all treatment arms share CK within season; eight seasons are repeated measures of the same 18 fixed plots; one independent trial,three biochar doses and plain straw share CK; eight repeated seasons; GWP and GHGI are derived related endpoints,,"seasonal soil CH4+N2O, 100-year AR5 factors; excludes biochar production and SOC change","AR5 100-year, CH4=28; N2O=265",,,intermittent flooding with midseason drainage,,"automated transcription from primary PDF Table 3 with season, arm and anchor assertions"
qin_2016_2012_late_BC3_vs_CK_GWP,qin_huizhou_2012_2015,10.1016/j.scitotenv.2016.06.222,Long-term effect of biochar application on yield-scaled greenhouse gas emissions in a rice paddy cropping system: A four-year case study in south China,Qin et al. 2016,2016,2012,China,"Huizhou Institute of Agricultural Sciences, Guangdong",23.1,114.5667,tropical,,rice,rice,late rice,wheat straw,biochar_return,GWP,kg CO2-eq ha-1 per rice season,BC3,CK (chemical fertilizer only),2411.63,2604.24,1407.72429385,1067.4455922,3,3,-0.0768380185682,0.169580182679,-7.3960157282,qin_2016_2012_late_CK_GWP,"Table 3, p. 1395","primary Table 3 mean ± SE, n=3; delta-method lnRR variance",A_primary_exact_table_mean_SE,A_primary_exact_table_mean_SE,,ADMIT_SEASONAL_MATCHED_FERTILIZER_SHARED_CONTROL,documented_or_reconstructed,all treatment arms share CK within season; eight seasons are repeated measures of the same 18 fixed plots; one independent trial,three biochar doses and plain straw share CK; eight repeated seasons; GWP and GHGI are derived related endpoints,,"seasonal soil CH4+N2O, 100-year AR5 factors; excludes biochar production and SOC change","AR5 100-year, CH4=28; N2O=265",,,intermittent flooding with midseason drainage,,"automated transcription from primary PDF Table 3 with season, arm and anchor assertions"
qin_2016_2012_late_BC3_vs_CK_yield,qin_huizhou_2012_2015,10.1016/j.scitotenv.2016.06.222,Long-term effect of biochar application on yield-scaled greenhouse gas emissions in a rice paddy cropping system: A four-year case study in south China,Qin et al. 2016,2016,2012,China,"Huizhou Institute of Agricultural Sciences, Guangdong",23.1,114.5667,tropical,,rice,rice,late rice,wheat straw,biochar_return,yield,kg rice grain ha-1 per season,BC3,CK (chemical fertilizer only),6845.64,6553.28,2621.14712811,944.123574698,3,3,0.0436462656082,0.0557876096048,4.46127740612,qin_2016_2012_late_CK_yield,"Table 3, p. 1395","primary Table 3 mean ± SE, n=3; delta-method lnRR variance",A_primary_exact_table_mean_SE,A_primary_exact_table_mean_SE,,ADMIT_SEASONAL_MATCHED_FERTILIZER_SHARED_CONTROL,documented_or_reconstructed,all treatment arms share CK within season; eight seasons are repeated measures of the same 18 fixed plots; one independent trial,three biochar doses and plain straw share CK; eight repeated seasons; GWP and GHGI are derived related endpoints,,,,,,intermittent flooding with midseason drainage,,"automated transcription from primary PDF Table 3 with season, arm and anchor assertions"
qin_2016_2012_late_BC3_vs_CK_GHGI,qin_huizhou_2012_2015,10.1016/j.scitotenv.2016.06.222,Long-term effect of biochar application on yield-scaled greenhouse gas emissions in a rice paddy cropping system: A four-year case study in south China,Qin et al. 2016,2016,2012,China,"Huizhou Institute of Agricultural Sciences, Guangdong",23.1,114.5667,tropical,,rice,rice,late rice,wheat straw,biochar_return,GHGI,kg CO2-eq kg-1 rice grain,BC3,CK (chemical fertilizer only),0.33,0.4,0.259807621135,0.155884572681,3,3,-0.192371892647,0.257236570248,-17.5,qin_2016_2012_late_CK_GHGI,"Table 3, p. 1395","primary Table 3 mean ± SE, n=3; delta-method lnRR variance",A_primary_exact_table_mean_SE,A_primary_exact_table_mean_SE,,ADMIT_SEASONAL_MATCHED_FERTILIZER_SHARED_CONTROL,documented_or_reconstructed,all treatment arms share CK within season; eight seasons are repeated measures of the same 18 fixed plots; one independent trial,three biochar doses and plain straw share CK; eight repeated seasons; GWP and GHGI are derived related endpoints,,"seasonal soil CH4+N2O, 100-year AR5 factors; excludes biochar production and SOC change","AR5 100-year, CH4=28; N2O=265",,,intermittent flooding with midseason drainage,,"automated transcription from primary PDF Table 3 with season, arm and anchor assertions"
qin_2016_2012_late_RS_vs_CK_GWP,qin_huizhou_2012_2015,10.1016/j.scitotenv.2016.06.222,Long-term effect of biochar application on yield-scaled greenhouse gas emissions in a rice paddy cropping system: A four-year case study in south China,Qin et al. 2016,2016,2012,China,"Huizhou Institute of Agricultural Sciences, Guangdong",23.1,114.5667,tropical,,rice,rice,late rice,,direct_return,GWP,kg CO2-eq ha-1 per rice season,RS,CK (chemical fertilizer only),5978.51,2604.24,2476.71141127,1067.4455922,3,3,0.831030487039,0.113208875832,129.568319356,qin_2016_2012_late_CK_GWP,"Table 3, p. 1395","primary Table 3 mean ± SE, n=3; delta-method lnRR variance",A_primary_exact_table_mean_SE,A_primary_exact_table_mean_SE,,ADMIT_SEASONAL_MATCHED_FERTILIZER_SHARED_CONTROL,documented_or_reconstructed,all treatment arms share CK within season; eight seasons are repeated measures of the same 18 fixed plots; one independent trial,three biochar doses and plain straw share CK; eight repeated seasons; GWP and GHGI are derived related endpoints,,"seasonal soil CH4+N2O, 100-year AR5 factors; excludes biochar production and SOC change","AR5 100-year, CH4=28; N2O=265",,,intermittent flooding with midseason drainage,,"automated transcription from primary PDF Table 3 with season, arm and anchor assertions"
qin_2016_2012_late_RS_vs_CK_yield,qin_huizhou_2012_2015,10.1016/j.scitotenv.2016.06.222,Long-term effect of biochar application on yield-scaled greenhouse gas emissions in a rice paddy cropping system: A four-year case study in south China,Qin et al. 2016,2016,2012,China,"Huizhou Institute of Agricultural Sciences, Guangdong",23.1,114.5667,tropical,,rice,rice,late rice,,direct_return,yield,kg rice grain ha-1 per season,RS,CK (chemical fertilizer only),6781.17,6553.28,2895.59057857,944.123574698,3,3,0.0341839657703,0.0676962462887,3.47749523903,qin_2016_2012_late_CK_yield,"Table 3, p. 1395","primary Table 3 mean ± SE, n=3; delta-method lnRR variance",A_primary_exact_table_mean_SE,A_primary_exact_table_mean_SE,,ADMIT_SEASONAL_MATCHED_FERTILIZER_SHARED_CONTROL,documented_or_reconstructed,all treatment arms share CK within season; eight seasons are repeated measures of the same 18 fixed plots; one independent trial,three biochar doses and plain straw share CK; eight repeated seasons; GWP and GHGI are derived related endpoints,,,,,,intermittent flooding with midseason drainage,,"automated transcription from primary PDF Table 3 with season, arm and anchor assertions"
qin_2016_2012_late_RS_vs_CK_GHGI,qin_huizhou_2012_2015,10.1016/j.scitotenv.2016.06.222,Long-term effect of biochar application on yield-scaled greenhouse gas emissions in a rice paddy cropping system: A four-year case study in south China,Qin et al. 2016,2016,2012,China,"Huizhou Institute of Agricultural Sciences, Guangdong",23.1,114.5667,tropical,,rice,rice,late rice,,direct_return,GHGI,kg CO2-eq kg-1 rice grain,RS,CK (chemical fertilizer only),0.86,0.4,0.415692193817,0.155884572681,3,3,0.76546784214,0.1285049351,115,qin_2016_2012_late_CK_GHGI,"Table 3, p. 1395","primary Table 3 mean ± SE, n=3; delta-method lnRR variance",A_primary_exact_table_mean_SE,A_primary_exact_table_mean_SE,,ADMIT_SEASONAL_MATCHED_FERTILIZER_SHARED_CONTROL,documented_or_reconstructed,all treatment arms share CK within season; eight seasons are repeated measures of the same 18 fixed plots; one independent trial,three biochar doses and plain straw share CK; eight repeated seasons; GWP and GHGI are derived related endpoints,,"seasonal soil CH4+N2O, 100-year AR5 factors; excludes biochar production and SOC change","AR5 100-year, CH4=28; N2O=265",,,intermittent flooding with midseason drainage,,"automated transcription from primary PDF Table 3 with season, arm and anchor assertions"
qin_2016_2013_early_BC1_vs_CK_GWP,qin_huizhou_2012_2015,10.1016/j.scitotenv.2016.06.222,Long-term effect of biochar application on yield-scaled greenhouse gas emissions in a rice paddy cropping system: A four-year case study in south China,Qin et al. 2016,2016,2013,China,"Huizhou Institute of Agricultural Sciences, Guangdong",23.1,114.5667,tropical,,rice,rice,early rice,wheat straw,biochar_return,GWP,kg CO2-eq ha-1 per rice season,BC1,CK (chemical fertilizer only),2686.9,3485.58,1672.81466995,1717.17249113,3,3,-0.260246345197,0.210104124874,-22.9138335657,qin_2016_2013_early_CK_GWP,"Table 3, p. 1395","primary Table 3 mean ± SE, n=3; delta-method lnRR variance",A_primary_exact_table_mean_SE,A_primary_exact_table_mean_SE,,ADMIT_SEASONAL_MATCHED_FERTILIZER_SHARED_CONTROL,documented_or_reconstructed,all treatment arms share CK within season; eight seasons are repeated measures of the same 18 fixed plots; one independent trial,three biochar doses and plain straw share CK; eight repeated seasons; GWP and GHGI are derived related endpoints,,"seasonal soil CH4+N2O, 100-year AR5 factors; excludes biochar production and SOC change","AR5 100-year, CH4=28; N2O=265",,,intermittent flooding with midseason drainage,,"automated transcription from primary PDF Table 3 with season, arm and anchor assertions"
qin_2016_2013_early_BC1_vs_CK_yield,qin_huizhou_2012_2015,10.1016/j.scitotenv.2016.06.222,Long-term effect of biochar application on yield-scaled greenhouse gas emissions in a rice paddy cropping system: A four-year case study in south China,Qin et al. 2016,2016,2013,China,"Huizhou Institute of Agricultural Sciences, Guangdong",23.1,114.5667,tropical,,rice,rice,early rice,wheat straw,biochar_return,yield,kg rice grain ha-1 per season,BC1,CK (chemical fertilizer only),6805.87,6550.31,1581.44898985,2362.79442965,3,3,0.0382730983314,0.0613696463641,3.90149473842,qin_2016_2013_early_CK_yield,"Table 3, p. 1395","primary Table 3 mean ± SE, n=3; delta-method lnRR variance",A_primary_exact_table_mean_SE,A_primary_exact_table_mean_SE,,ADMIT_SEASONAL_MATCHED_FERTILIZER_SHARED_CONTROL,documented_or_reconstructed,all treatment arms share CK within season; eight seasons are repeated measures of the same 18 fixed plots; one independent trial,three biochar doses and plain straw share CK; eight repeated seasons; GWP and GHGI are derived related endpoints,,,,,,intermittent flooding with midseason drainage,,"automated transcription from primary PDF Table 3 with season, arm and anchor assertions"
qin_2016_2013_early_BC1_vs_CK_GHGI,qin_huizhou_2012_2015,10.1016/j.scitotenv.2016.06.222,Long-term effect of biochar application on yield-scaled greenhouse gas emissions in a rice paddy cropping system: A four-year case study in south China,Qin et al. 2016,2016,2013,China,"Huizhou Institute of Agricultural Sciences, Guangdong",23.1,114.5667,tropical,,rice,rice,early rice,wheat straw,biochar_return,GHGI,kg CO2-eq kg-1 rice grain,BC1,CK (chemical fertilizer only),0.39,0.53,0.24248711306,0.259807621135,3,3,-0.306730267422,0.208962270002,-26.4150943396,qin_2016_2013_early_CK_GHGI,"Table 3, p. 1395","primary Table 3 mean ± SE, n=3; delta-method lnRR variance",A_primary_exact_table_mean_SE,A_primary_exact_table_mean_SE,,ADMIT_SEASONAL_MATCHED_FERTILIZER_SHARED_CONTROL,documented_or_reconstructed,all treatment arms share CK within season; eight seasons are repeated measures of the same 18 fixed plots; one independent trial,three biochar doses and plain straw share CK; eight repeated seasons; GWP and GHGI are derived related endpoints,,"seasonal soil CH4+N2O, 100-year AR5 factors; excludes biochar production and SOC change","AR5 100-year, CH4=28; N2O=265",,,intermittent flooding with midseason drainage,,"automated transcription from primary PDF Table 3 with season, arm and anchor assertions"
qin_2016_2013_early_BC2_vs_CK_GWP,qin_huizhou_2012_2015,10.1016/j.scitotenv.2016.06.222,Long-term effect of biochar application on yield-scaled greenhouse gas emissions in a rice paddy cropping system: A four-year case study in south China,Qin et al. 2016,2016,2013,China,"Huizhou Institute of Agricultural Sciences, Guangdong",23.1,114.5667,tropical,,rice,rice,early rice,wheat straw,biochar_return,GWP,kg CO2-eq ha-1 per rice season,BC2,CK (chemical fertilizer only),2070.26,3485.58,1429.39224945,1717.17249113,3,3,-0.520960254657,0.239804377328,-40.6050069142,qin_2016_2013_early_CK_GWP,"Table 3, p. 1395","primary Table 3 mean ± SE, n=3; delta-method lnRR variance",A_primary_exact_table_mean_SE,A_primary_exact_table_mean_SE,,ADMIT_SEASONAL_MATCHED_FERTILIZER_SHARED_CONTROL,documented_or_reconstructed,all treatment arms share CK within season; eight seasons are repeated measures of the same 18 fixed plots; one independent trial,three biochar doses and plain straw share CK; eight repeated seasons; GWP and GHGI are derived related endpoints,,"seasonal soil CH4+N2O, 100-year AR5 factors; excludes biochar production and SOC change","AR5 100-year, CH4=28; N2O=265",,,intermittent flooding with midseason drainage,,"automated transcription from primary PDF Table 3 with season, arm and anchor assertions"
qin_2016_2013_early_BC2_vs_CK_yield,qin_huizhou_2012_2015,10.1016/j.scitotenv.2016.06.222,Long-term effect of biochar application on yield-scaled greenhouse gas emissions in a rice paddy cropping system: A four-year case study in south China,Qin et al. 2016,2016,2013,China,"Huizhou Institute of Agricultural Sciences, Guangdong",23.1,114.5667,tropical,,rice,rice,early rice,wheat straw,biochar_return,yield,kg rice grain ha-1 per season,BC2,CK (chemical fertilizer only),6872.54,6550.31,785.086669547,2362.79442965,3,3,0.0480213845671,0.0477216481044,4.91930916247,qin_2016_2013_early_CK_yield,"Table 3, p. 1395","primary Table 3 mean ± SE, n=3; delta-method lnRR variance",A_primary_exact_table_mean_SE,A_primary_exact_table_mean_SE,,ADMIT_SEASONAL_MATCHED_FERTILIZER_SHARED_CONTROL,documented_or_reconstructed,all treatment arms share CK within season; eight seasons are repeated measures of the same 18 fixed plots; one independent trial,three biochar doses and plain straw share CK; eight repeated seasons; GWP and GHGI are derived related endpoints,,,,,,intermittent flooding with midseason drainage,,"automated transcription from primary PDF Table 3 with season, arm and anchor assertions"
qin_2016_2013_early_BC2_vs_CK_GHGI,qin_huizhou_2012_2015,10.1016/j.scitotenv.2016.06.222,Long-term effect of biochar application on yield-scaled greenhouse gas emissions in a rice paddy cropping system: A four-year case study in south China,Qin et al. 2016,2016,2013,China,"Huizhou Institute of Agricultural Sciences, Guangdong",23.1,114.5667,tropical,,rice,rice,early rice,wheat straw,biochar_return,GHGI,kg CO2-eq kg-1 rice grain,BC2,CK (chemical fertilizer only),0.3,0.53,0.207846096908,0.259807621135,3,3,-0.56909453189,0.240099679601,-43.3962264151,qin_2016_2013_early_CK_GHGI,"Table 3, p. 1395","primary Table 3 mean ± SE, n=3; delta-method lnRR variance",A_primary_exact_table_mean_SE,A_primary_exact_table_mean_SE,,ADMIT_SEASONAL_MATCHED_FERTILIZER_SHARED_CONTROL,documented_or_reconstructed,all treatment arms share CK within season; eight seasons are repeated measures of the same 18 fixed plots; one independent trial,three biochar doses and plain straw share CK; eight repeated seasons; GWP and GHGI are derived related endpoints,,"seasonal soil CH4+N2O, 100-year AR5 factors; excludes biochar production and SOC change","AR5 100-year, CH4=28; N2O=265",,,intermittent flooding with midseason drainage,,"automated transcription from primary PDF Table 3 with season, arm and anchor assertions"
qin_2016_2013_early_BC3_vs_CK_GWP,qin_huizhou_2012_2015,10.1016/j.scitotenv.2016.06.222,Long-term effect of biochar application on yield-scaled greenhouse gas emissions in a rice paddy cropping system: A four-year case study in south China,Qin et al. 2016,2016,2013,China,"Huizhou Institute of Agricultural Sciences, Guangdong",23.1,114.5667,tropical,,rice,rice,early rice,wheat straw,biochar_return,GWP,kg CO2-eq ha-1 per rice season,BC3,CK (chemical fertilizer only),1015.37,3485.58,773.256762531,1717.17249113,3,3,-1.23338137982,0.274221819604,-70.8694105429,qin_2016_2013_early_CK_GWP,"Table 3, p. 1395","primary Table 3 mean ± SE, n=3; delta-method lnRR variance",A_primary_exact_table_mean_SE,A_primary_exact_table_mean_SE,,ADMIT_SEASONAL_MATCHED_FERTILIZER_SHARED_CONTROL,documented_or_reconstructed,all treatment arms share CK within season; eight seasons are repeated measures of the same 18 fixed plots; one independent trial,three biochar doses and plain straw share CK; eight repeated seasons; GWP and GHGI are derived related endpoints,,"seasonal soil CH4+N2O, 100-year AR5 factors; excludes biochar production and SOC change","AR5 100-year, CH4=28; N2O=265",,,intermittent flooding with midseason drainage,,"automated transcription from primary PDF Table 3 with season, arm and anchor assertions"
qin_2016_2013_early_BC3_vs_CK_yield,qin_huizhou_2012_2015,10.1016/j.scitotenv.2016.06.222,Long-term effect of biochar application on yield-scaled greenhouse gas emissions in a rice paddy cropping system: A four-year case study in south China,Qin et al. 2016,2016,2013,China,"Huizhou Institute of Agricultural Sciences, Guangdong",23.1,114.5667,tropical,,rice,rice,early rice,wheat straw,biochar_return,yield,kg rice grain ha-1 per season,BC3,CK (chemical fertilizer only),7172.56,6550.31,3772.99555616,2362.79442965,3,3,0.090750257351,0.135608276141,9.49955040296,qin_2016_2013_early_CK_yield,"Table 3, p. 1395","primary Table 3 mean ± SE, n=3; delta-method lnRR variance",A_primary_exact_table_mean_SE,A_primary_exact_table_mean_SE,,ADMIT_SEASONAL_MATCHED_FERTILIZER_SHARED_CONTROL,documented_or_reconstructed,all treatment arms share CK within season; eight seasons are repeated measures of the same 18 fixed plots; one independent trial,three biochar doses and plain straw share CK; eight repeated seasons; GWP and GHGI are derived related endpoints,,,,,,intermittent flooding with midseason drainage,,"automated transcription from primary PDF Table 3 with season, arm and anchor assertions"
qin_2016_2013_early_BC3_vs_CK_GHGI,qin_huizhou_2012_2015,10.1016/j.scitotenv.2016.06.222,Long-term effect of biochar application on yield-scaled greenhouse gas emissions in a rice paddy cropping system: A four-year case study in south China,Qin et al. 2016,2016,2013,China,"Huizhou Institute of Agricultural Sciences, Guangdong",23.1,114.5667,tropical,,rice,rice,early rice,wheat straw,biochar_return,GHGI,kg CO2-eq kg-1 rice grain,BC3,CK (chemical fertilizer only),0.14,0.53,0.103923048454,0.259807621135,3,3,-1.33123458394,0.263773148989,-73.5849056604,qin_2016_2013_early_CK_GHGI,"Table 3, p. 1395","primary Table 3 mean ± SE, n=3; delta-method lnRR variance",A_primary_exact_table_mean_SE,A_primary_exact_table_mean_SE,,ADMIT_SEASONAL_MATCHED_FERTILIZER_SHARED_CONTROL,documented_or_reconstructed,all treatment arms share CK within season; eight seasons are repeated measures of the same 18 fixed plots; one independent trial,three biochar doses and plain straw share CK; eight repeated seasons; GWP and GHGI are derived related endpoints,,"seasonal soil CH4+N2O, 100-year AR5 factors; excludes biochar production and SOC change","AR5 100-year, CH4=28; N2O=265",,,intermittent flooding with midseason drainage,,"automated transcription from primary PDF Table 3 with season, arm and anchor assertions"
qin_2016_2013_early_RS_vs_CK_GWP,qin_huizhou_2012_2015,10.1016/j.scitotenv.2016.06.222,Long-term effect of biochar application on yield-scaled greenhouse gas emissions in a rice paddy cropping system: A four-year case study in south China,Qin et al. 2016,2016,2013,China,"Huizhou Institute of Agricultural Sciences, Guangdong",23.1,114.5667,tropical,,rice,rice,early rice,,direct_return,GWP,kg CO2-eq ha-1 per rice season,RS,CK (chemical fertilizer only),5115.49,3485.58,2297.66931929,1717.17249113,3,3,0.38363873358,0.14814947372,46.7615145829,qin_2016_2013_early_CK_GWP,"Table 3, p. 1395","primary Table 3 mean ± SE, n=3; delta-method lnRR variance",A_primary_exact_table_mean_SE,A_primary_exact_table_mean_SE,,ADMIT_SEASONAL_MATCHED_FERTILIZER_SHARED_CONTROL,documented_or_reconstructed,all treatment arms share CK within season; eight seasons are repeated measures of the same 18 fixed plots; one independent trial,three biochar doses and plain straw share CK; eight repeated seasons; GWP and GHGI are derived related endpoints,,"seasonal soil CH4+N2O, 100-year AR5 factors; excludes biochar production and SOC change","AR5 100-year, CH4=28; N2O=265",,,intermittent flooding with midseason drainage,,"automated transcription from primary PDF Table 3 with season, arm and anchor assertions"
qin_2016_2013_early_RS_vs_CK_yield,qin_huizhou_2012_2015,10.1016/j.scitotenv.2016.06.222,Long-term effect of biochar application on yield-scaled greenhouse gas emissions in a rice paddy cropping system: A four-year case study in south China,Qin et al. 2016,2016,2013,China,"Huizhou Institute of Agricultural Sciences, Guangdong",23.1,114.5667,tropical,,rice,rice,early rice,,direct_return,yield,kg rice grain ha-1 per season,RS,CK (chemical fertilizer only),6883.66,6550.31,942.859177608,2362.79442965,3,3,0.0496381104685,0.0496253970808,5.08907212025,qin_2016_2013_early_CK_yield,"Table 3, p. 1395","primary Table 3 mean ± SE, n=3; delta-method lnRR variance",A_primary_exact_table_mean_SE,A_primary_exact_table_mean_SE,,ADMIT_SEASONAL_MATCHED_FERTILIZER_SHARED_CONTROL,documented_or_reconstructed,all treatment arms share CK within season; eight seasons are repeated measures of the same 18 fixed plots; one independent trial,three biochar doses and plain straw share CK; eight repeated seasons; GWP and GHGI are derived related endpoints,,,,,,intermittent flooding with midseason drainage,,"automated transcription from primary PDF Table 3 with season, arm and anchor assertions"
qin_2016_2013_early_RS_vs_CK_GHGI,qin_huizhou_2012_2015,10.1016/j.scitotenv.2016.06.222,Long-term effect of biochar application on yield-scaled greenhouse gas emissions in a rice paddy cropping system: A four-year case study in south China,Qin et al. 2016,2016,2013,China,"Huizhou Institute of Agricultural Sciences, Guangdong",23.1,114.5667,tropical,,rice,rice,early rice,,direct_return,GHGI,kg CO2-eq kg-1 rice grain,RS,CK (chemical fertilizer only),0.74,0.53,0.329089653438,0.259807621135,3,3,0.333773179652,0.146023711742,39.6226415094,qin_2016_2013_early_CK_GHGI,"Table 3, p. 1395","primary Table 3 mean ± SE, n=3; delta-method lnRR variance",A_primary_exact_table_mean_SE,A_primary_exact_table_mean_SE,,ADMIT_SEASONAL_MATCHED_FERTILIZER_SHARED_CONTROL,documented_or_reconstructed,all treatment arms share CK within season; eight seasons are repeated measures of the same 18 fixed plots; one independent trial,three biochar doses and plain straw share CK; eight repeated seasons; GWP and GHGI are derived related endpoints,,"seasonal soil CH4+N2O, 100-year AR5 factors; excludes biochar production and SOC change","AR5 100-year, CH4=28; N2O=265",,,intermittent flooding with midseason drainage,,"automated transcription from primary PDF Table 3 with season, arm and anchor assertions"
qin_2016_2013_late_BC1_vs_CK_GWP,qin_huizhou_2012_2015,10.1016/j.scitotenv.2016.06.222,Long-term effect of biochar application on yield-scaled greenhouse gas emissions in a rice paddy cropping system: A four-year case study in south China,Qin et al. 2016,2016,2013,China,"Huizhou Institute of Agricultural Sciences, Guangdong",23.1,114.5667,tropical,,rice,rice,late rice,wheat straw,biochar_return,GWP,kg CO2-eq ha-1 per rice season,BC1,CK (chemical fertilizer only),1713.39,2118.67,1050.24632768,1144.6604172,3,3,-0.21231466914,0.222539949681,-19.1289818613,qin_2016_2013_late_CK_GWP,"Table 3, p. 1395","primary Table 3 mean ± SE, n=3; delta-method lnRR variance",A_primary_exact_table_mean_SE,A_primary_exact_table_mean_SE,,ADMIT_SEASONAL_MATCHED_FERTILIZER_SHARED_CONTROL,documented_or_reconstructed,all treatment arms share CK within season; eight seasons are repeated measures of the same 18 fixed plots; one independent trial,three biochar doses and plain straw share CK; eight repeated seasons; GWP and GHGI are derived related endpoints,,"seasonal soil CH4+N2O, 100-year AR5 factors; excludes biochar production and SOC change","AR5 100-year, CH4=28; N2O=265",,,intermittent flooding with midseason drainage,,"automated transcription from primary PDF Table 3 with season, arm and anchor assertions"
qin_2016_2013_late_BC1_vs_CK_yield,qin_huizhou_2012_2015,10.1016/j.scitotenv.2016.06.222,Long-term effect of biochar application on yield-scaled greenhouse gas emissions in a rice paddy cropping system: A four-year case study in south China,Qin et al. 2016,2016,2013,China,"Huizhou Institute of Agricultural Sciences, Guangdong",23.1,114.5667,tropical,,rice,rice,late rice,wheat straw,biochar_return,yield,kg rice grain ha-1 per season,BC1,CK (chemical fertilizer only),6920.35,6673.67,1268.90042162,2519.80483536,3,3,0.0362964128884,0.0587274286177,3.69631701897,qin_2016_2013_late_CK_yield,"Table 3, p. 1395","primary Table 3 mean ± SE, n=3; delta-method lnRR variance",A_primary_exact_table_mean_SE,A_primary_exact_table_mean_SE,,ADMIT_SEASONAL_MATCHED_FERTILIZER_SHARED_CONTROL,documented_or_reconstructed,all treatment arms share CK within season; eight seasons are repeated measures of the same 18 fixed plots; one independent trial,three biochar doses and plain straw share CK; eight repeated seasons; GWP and GHGI are derived related endpoints,,,,,,intermittent flooding with midseason drainage,,"automated transcription from primary PDF Table 3 with season, arm and anchor assertions"
qin_2016_2013_late_BC1_vs_CK_GHGI,qin_huizhou_2012_2015,10.1016/j.scitotenv.2016.06.222,Long-term effect of biochar application on yield-scaled greenhouse gas emissions in a rice paddy cropping system: A four-year case study in south China,Qin et al. 2016,2016,2013,China,"Huizhou Institute of Agricultural Sciences, Guangdong",23.1,114.5667,tropical,,rice,rice,late rice,wheat straw,biochar_return,GHGI,kg CO2-eq kg-1 rice grain,BC1,CK (chemical fertilizer only),0.25,0.32,0.155884572681,0.173205080757,3,3,-0.246860077932,0.22725625,-21.875,qin_2016_2013_late_CK_GHGI,"Table 3, p. 1395","primary Table 3 mean ± SE, n=3; delta-method lnRR variance",A_primary_exact_table_mean_SE,A_primary_exact_table_mean_SE,,ADMIT_SEASONAL_MATCHED_FERTILIZER_SHARED_CONTROL,documented_or_reconstructed,all treatment arms share CK within season; eight seasons are repeated measures of the same 18 fixed plots; one independent trial,three biochar doses and plain straw share CK; eight repeated seasons; GWP and GHGI are derived related endpoints,,"seasonal soil CH4+N2O, 100-year AR5 factors; excludes biochar production and SOC change","AR5 100-year, CH4=28; N2O=265",,,intermittent flooding with midseason drainage,,"automated transcription from primary PDF Table 3 with season, arm and anchor assertions"
qin_2016_2013_late_BC2_vs_CK_GWP,qin_huizhou_2012_2015,10.1016/j.scitotenv.2016.06.222,Long-term effect of biochar application on yield-scaled greenhouse gas emissions in a rice paddy cropping system: A four-year case study in south China,Qin et al. 2016,2016,2013,China,"Huizhou Institute of Agricultural Sciences, Guangdong",23.1,114.5667,tropical,,rice,rice,late rice,wheat straw,biochar_return,GWP,kg CO2-eq ha-1 per rice season,BC2,CK (chemical fertilizer only),1775.73,2118.67,1142.28750759,1144.6604172,3,3,-0.176576927336,0.23523374143,-16.1865698764,qin_2016_2013_late_CK_GWP,"Table 3, p. 1395","primary Table 3 mean ± SE, n=3; delta-method lnRR variance",A_primary_exact_table_mean_SE,A_primary_exact_table_mean_SE,,ADMIT_SEASONAL_MATCHED_FERTILIZER_SHARED_CONTROL,documented_or_reconstructed,all treatment arms share CK within season; eight seasons are repeated measures of the same 18 fixed plots; one independent trial,three biochar doses and plain straw share CK; eight repeated seasons; GWP and GHGI are derived related endpoints,,"seasonal soil CH4+N2O, 100-year AR5 factors; excludes biochar production and SOC change","AR5 100-year, CH4=28; N2O=265",,,intermittent flooding with midseason drainage,,"automated transcription from primary PDF Table 3 with season, arm and anchor assertions"
qin_2016_2013_late_BC2_vs_CK_yield,qin_huizhou_2012_2015,10.1016/j.scitotenv.2016.06.222,Long-term effect of biochar application on yield-scaled greenhouse gas emissions in a rice paddy cropping system: A four-year case study in south China,Qin et al. 2016,2016,2013,China,"Huizhou Institute of Agricultural Sciences, Guangdong",23.1,114.5667,tropical,,rice,rice,late rice,wheat straw,biochar_return,yield,kg rice grain ha-1 per season,BC2,CK (chemical fertilizer only),6667,6673.67,1705.0827765,2519.80483536,3,3,-0.000999949860956,0.0693233538112,-0.0999450077693,qin_2016_2013_late_CK_yield,"Table 3, p. 1395","primary Table 3 mean ± SE, n=3; delta-method lnRR variance",A_primary_exact_table_mean_SE,A_primary_exact_table_mean_SE,,ADMIT_SEASONAL_MATCHED_FERTILIZER_SHARED_CONTROL,documented_or_reconstructed,all treatment arms share CK within season; eight seasons are repeated measures of the same 18 fixed plots; one independent trial,three biochar doses and plain straw share CK; eight repeated seasons; GWP and GHGI are derived related endpoints,,,,,,intermittent flooding with midseason drainage,,"automated transcription from primary PDF Table 3 with season, arm and anchor assertions"
qin_2016_2013_late_BC2_vs_CK_GHGI,qin_huizhou_2012_2015,10.1016/j.scitotenv.2016.06.222,Long-term effect of biochar application on yield-scaled greenhouse gas emissions in a rice paddy cropping system: A four-year case study in south China,Qin et al. 2016,2016,2013,China,"Huizhou Institute of Agricultural Sciences, Guangdong",23.1,114.5667,tropical,,rice,rice,late rice,wheat straw,biochar_return,GHGI,kg CO2-eq kg-1 rice grain,BC2,CK (chemical fertilizer only),0.27,0.32,0.173205080757,0.173205080757,3,3,-0.169899036795,0.234830461248,-15.625,qin_2016_2013_late_CK_GHGI,"Table 3, p. 1395","primary Table 3 mean ± SE, n=3; delta-method lnRR variance",A_primary_exact_table_mean_SE,A_primary_exact_table_mean_SE,,ADMIT_SEASONAL_MATCHED_FERTILIZER_SHARED_CONTROL,documented_or_reconstructed,all treatment arms share CK within season; eight seasons are repeated measures of the same 18 fixed plots; one independent trial,three biochar doses and plain straw share CK; eight repeated seasons; GWP and GHGI are derived related endpoints,,"seasonal soil CH4+N2O, 100-year AR5 factors; excludes biochar production and SOC change","AR5 100-year, CH4=28; N2O=265",,,intermittent flooding with midseason drainage,,"automated transcription from primary PDF Table 3 with season, arm and anchor assertions"
qin_2016_2013_late_BC3_vs_CK_GWP,qin_huizhou_2012_2015,10.1016/j.scitotenv.2016.06.222,Long-term effect of biochar application on yield-scaled greenhouse gas emissions in a rice paddy cropping system: A four-year case study in south China,Qin et al. 2016,2016,2013,China,"Huizhou Institute of Agricultural Sciences, Guangdong",23.1,114.5667,tropical,,rice,rice,late rice,wheat straw,biochar_return,GWP,kg CO2-eq ha-1 per rice season,BC3,CK (chemical fertilizer only),1145.05,2118.67,641.880708777,1144.6604172,3,3,-0.615340229147,0.202044593808,-45.9543015193,qin_2016_2013_late_CK_GWP,"Table 3, p. 1395","primary Table 3 mean ± SE, n=3; delta-method lnRR variance",A_primary_exact_table_mean_SE,A_primary_exact_table_mean_SE,,ADMIT_SEASONAL_MATCHED_FERTILIZER_SHARED_CONTROL,documented_or_reconstructed,all treatment arms share CK within season; eight seasons are repeated measures of the same 18 fixed plots; one independent trial,three biochar doses and plain straw share CK; eight repeated seasons; GWP and GHGI are derived related endpoints,,"seasonal soil CH4+N2O, 100-year AR5 factors; excludes biochar production and SOC change","AR5 100-year, CH4=28; N2O=265",,,intermittent flooding with midseason drainage,,"automated transcription from primary PDF Table 3 with season, arm and anchor assertions"
qin_2016_2013_late_BC3_vs_CK_yield,qin_huizhou_2012_2015,10.1016/j.scitotenv.2016.06.222,Long-term effect of biochar application on yield-scaled greenhouse gas emissions in a rice paddy cropping system: A four-year case study in south China,Qin et al. 2016,2016,2013,China,"Huizhou Institute of Agricultural Sciences, Guangdong",23.1,114.5667,tropical,,rice,rice,late rice,wheat straw,biochar_return,yield,kg rice grain ha-1 per season,BC3,CK (chemical fertilizer only),7060.35,6673.67,1313.51805043,2519.80483536,3,3,0.0563246918503,0.0590578751917,5.794113284,qin_2016_2013_late_CK_yield,"Table 3, p. 1395","primary Table 3 mean ± SE, n=3; delta-method lnRR variance",A_primary_exact_table_mean_SE,A_primary_exact_table_mean_SE,,ADMIT_SEASONAL_MATCHED_FERTILIZER_SHARED_CONTROL,documented_or_reconstructed,all treatment arms share CK within season; eight seasons are repeated measures of the same 18 fixed plots; one independent trial,three biochar doses and plain straw share CK; eight repeated seasons; GWP and GHGI are derived related endpoints,,,,,,intermittent flooding with midseason drainage,,"automated transcription from primary PDF Table 3 with season, arm and anchor assertions"
qin_2016_2013_late_BC3_vs_CK_GHGI,qin_huizhou_2012_2015,10.1016/j.scitotenv.2016.06.222,Long-term effect of biochar application on yield-scaled greenhouse gas emissions in a rice paddy cropping system: A four-year case study in south China,Qin et al. 2016,2016,2013,China,"Huizhou Institute of Agricultural Sciences, Guangdong",23.1,114.5667,tropical,,rice,rice,late rice,wheat straw,biochar_return,GHGI,kg CO2-eq kg-1 rice grain,BC3,CK (chemical fertilizer only),0.16,0.32,0.0866025403784,0.173205080757,3,3,-0.69314718056,0.1953125,-50,qin_2016_2013_late_CK_GHGI,"Table 3, p. 1395","primary Table 3 mean ± SE, n=3; delta-method lnRR variance",A_primary_exact_table_mean_SE,A_primary_exact_table_mean_SE,,ADMIT_SEASONAL_MATCHED_FERTILIZER_SHARED_CONTROL,documented_or_reconstructed,all treatment arms share CK within season; eight seasons are repeated measures of the same 18 fixed plots; one independent trial,three biochar doses and plain straw share CK; eight repeated seasons; GWP and GHGI are derived related endpoints,,"seasonal soil CH4+N2O, 100-year AR5 factors; excludes biochar production and SOC change","AR5 100-year, CH4=28; N2O=265",,,intermittent flooding with midseason drainage,,"automated transcription from primary PDF Table 3 with season, arm and anchor assertions"
qin_2016_2013_late_RS_vs_CK_GWP,qin_huizhou_2012_2015,10.1016/j.scitotenv.2016.06.222,Long-term effect of biochar application on yield-scaled greenhouse gas emissions in a rice paddy cropping system: A four-year case study in south China,Qin et al. 2016,2016,2013,China,"Huizhou Institute of Agricultural Sciences, Guangdong",23.1,114.5667,tropical,,rice,rice,late rice,,direct_return,GWP,kg CO2-eq ha-1 per rice season,RS,CK (chemical fertilizer only),2522.79,2118.67,940.676793591,1144.6604172,3,3,0.174576898628,0.143642757231,19.0742305314,qin_2016_2013_late_CK_GWP,"Table 3, p. 1395","primary Table 3 mean ± SE, n=3; delta-method lnRR variance",A_primary_exact_table_mean_SE,A_primary_exact_table_mean_SE,,ADMIT_SEASONAL_MATCHED_FERTILIZER_SHARED_CONTROL,documented_or_reconstructed,all treatment arms share CK within season; eight seasons are repeated measures of the same 18 fixed plots; one independent trial,three biochar doses and plain straw share CK; eight repeated seasons; GWP and GHGI are derived related endpoints,,"seasonal soil CH4+N2O, 100-year AR5 factors; excludes biochar production and SOC change","AR5 100-year, CH4=28; N2O=265",,,intermittent flooding with midseason drainage,,"automated transcription from primary PDF Table 3 with season, arm and anchor assertions"
qin_2016_2013_late_RS_vs_CK_yield,qin_huizhou_2012_2015,10.1016/j.scitotenv.2016.06.222,Long-term effect of biochar application on yield-scaled greenhouse gas emissions in a rice paddy cropping system: A four-year case study in south China,Qin et al. 2016,2016,2013,China,"Huizhou Institute of Agricultural Sciences, Guangdong",23.1,114.5667,tropical,,rice,rice,late rice,,direct_return,yield,kg rice grain ha-1 per season,RS,CK (chemical fertilizer only),6240.31,6673.67,1241.13564718,2519.80483536,3,3,-0.0671400728623,0.0607064819151,-6.49357849579,qin_2016_2013_late_CK_yield,"Table 3, p. 1395","primary Table 3 mean ± SE, n=3; delta-method lnRR variance",A_primary_exact_table_mean_SE,A_primary_exact_table_mean_SE,,ADMIT_SEASONAL_MATCHED_FERTILIZER_SHARED_CONTROL,documented_or_reconstructed,all treatment arms share CK within season; eight seasons are repeated measures of the same 18 fixed plots; one independent trial,three biochar doses and plain straw share CK; eight repeated seasons; GWP and GHGI are derived related endpoints,,,,,,intermittent flooding with midseason drainage,,"automated transcription from primary PDF Table 3 with season, arm and anchor assertions"
qin_2016_2013_late_RS_vs_CK_GHGI,qin_huizhou_2012_2015,10.1016/j.scitotenv.2016.06.222,Long-term effect of biochar application on yield-scaled greenhouse gas emissions in a rice paddy cropping system: A four-year case study in south China,Qin et al. 2016,2016,2013,China,"Huizhou Institute of Agricultural Sciences, Guangdong",23.1,114.5667,tropical,,rice,rice,late rice,,direct_return,GHGI,kg CO2-eq kg-1 rice grain,RS,CK (chemical fertilizer only),0.4,0.32,0.155884572681,0.173205080757,3,3,0.223143551314,0.14828125,25,qin_2016_2013_late_CK_GHGI,"Table 3, p. 1395","primary Table 3 mean ± SE, n=3; delta-method lnRR variance",A_primary_exact_table_mean_SE,A_primary_exact_table_mean_SE,,ADMIT_SEASONAL_MATCHED_FERTILIZER_SHARED_CONTROL,documented_or_reconstructed,all treatment arms share CK within season; eight seasons are repeated measures of the same 18 fixed plots; one independent trial,three biochar doses and plain straw share CK; eight repeated seasons; GWP and GHGI are derived related endpoints,,"seasonal soil CH4+N2O, 100-year AR5 factors; excludes biochar production and SOC change","AR5 100-year, CH4=28; N2O=265",,,intermittent flooding with midseason drainage,,"automated transcription from primary PDF Table 3 with season, arm and anchor assertions"
qin_2016_2014_early_BC1_vs_CK_GWP,qin_huizhou_2012_2015,10.1016/j.scitotenv.2016.06.222,Long-term effect of biochar application on yield-scaled greenhouse gas emissions in a rice paddy cropping system: A four-year case study in south China,Qin et al. 2016,2016,2014,China,"Huizhou Institute of Agricultural Sciences, Guangdong",23.1,114.5667,tropical,,rice,rice,early rice,wheat straw,biochar_return,GWP,kg CO2-eq ha-1 per rice season,BC1,CK (chemical fertilizer only),1682.83,2219.68,1231.97309841,1178.48736947,3,3,-0.276886141344,0.272610099073,-24.185918691,qin_2016_2014_early_CK_GWP,"Table 3, p. 1395","primary Table 3 mean ± SE, n=3; delta-method lnRR variance",A_primary_exact_table_mean_SE,A_primary_exact_table_mean_SE,,ADMIT_SEASONAL_MATCHED_FERTILIZER_SHARED_CONTROL,documented_or_reconstructed,all treatment arms share CK within season; eight seasons are repeated measures of the same 18 fixed plots; one independent trial,three biochar doses and plain straw share CK; eight repeated seasons; GWP and GHGI are derived related endpoints,,"seasonal soil CH4+N2O, 100-year AR5 factors; excludes biochar production and SOC change","AR5 100-year, CH4=28; N2O=265",,,intermittent flooding with midseason drainage,,"automated transcription from primary PDF Table 3 with season, arm and anchor assertions"
qin_2016_2014_early_BC1_vs_CK_yield,qin_huizhou_2012_2015,10.1016/j.scitotenv.2016.06.222,Long-term effect of biochar application on yield-scaled greenhouse gas emissions in a rice paddy cropping system: A four-year case study in south China,Qin et al. 2016,2016,2014,China,"Huizhou Institute of Agricultural Sciences, Guangdong",23.1,114.5667,tropical,,rice,rice,early rice,wheat straw,biochar_return,yield,kg rice grain ha-1 per season,BC1,CK (chemical fertilizer only),4650.55,4593.96,1405.81903796,1418.86138054,3,3,0.0122430949548,0.0622567954603,1.23183484401,qin_2016_2014_early_CK_yield,"Table 3, p. 1395","primary Table 3 mean ± SE, n=3; delta-method lnRR variance",A_primary_exact_table_mean_SE,A_primary_exact_table_mean_SE,,ADMIT_SEASONAL_MATCHED_FERTILIZER_SHARED_CONTROL,documented_or_reconstructed,all treatment arms share CK within season; eight seasons are repeated measures of the same 18 fixed plots; one independent trial,three biochar doses and plain straw share CK; eight repeated seasons; GWP and GHGI are derived related endpoints,,,,,,intermittent flooding with midseason drainage,,"automated transcription from primary PDF Table 3 with season, arm and anchor assertions"
qin_2016_2014_early_BC1_vs_CK_GHGI,qin_huizhou_2012_2015,10.1016/j.scitotenv.2016.06.222,Long-term effect of biochar application on yield-scaled greenhouse gas emissions in a rice paddy cropping system: A four-year case study in south China,Qin et al. 2016,2016,2014,China,"Huizhou Institute of Agricultural Sciences, Guangdong",23.1,114.5667,tropical,,rice,rice,early rice,wheat straw,biochar_return,GHGI,kg CO2-eq kg-1 rice grain,BC1,CK (chemical fertilizer only),0.36,0.48,0.259807621135,0.259807621135,3,3,-0.287682072452,0.271267361111,-25,qin_2016_2014_early_CK_GHGI,"Table 3, p. 1395","primary Table 3 mean ± SE, n=3; delta-method lnRR variance",A_primary_exact_table_mean_SE,A_primary_exact_table_mean_SE,,ADMIT_SEASONAL_MATCHED_FERTILIZER_SHARED_CONTROL,documented_or_reconstructed,all treatment arms share CK within season; eight seasons are repeated measures of the same 18 fixed plots; one independent trial,three biochar doses and plain straw share CK; eight repeated seasons; GWP and GHGI are derived related endpoints,,"seasonal soil CH4+N2O, 100-year AR5 factors; excludes biochar production and SOC change","AR5 100-year, CH4=28; N2O=265",,,intermittent flooding with midseason drainage,,"automated transcription from primary PDF Table 3 with season, arm and anchor assertions"
qin_2016_2014_early_BC2_vs_CK_GWP,qin_huizhou_2012_2015,10.1016/j.scitotenv.2016.06.222,Long-term effect of biochar application on yield-scaled greenhouse gas emissions in a rice paddy cropping system: A four-year case study in south China,Qin et al. 2016,2016,2014,China,"Huizhou Institute of Agricultural Sciences, Guangdong",23.1,114.5667,tropical,,rice,rice,early rice,wheat straw,biochar_return,GWP,kg CO2-eq ha-1 per rice season,BC2,CK (chemical fertilizer only),2107.66,2219.68,1494.98501354,1178.48736947,3,3,-0.0517847140024,0.261668101164,-5.04667339436,qin_2016_2014_early_CK_GWP,"Table 3, p. 1395","primary Table 3 mean ± SE, n=3; delta-method lnRR variance",A_primary_exact_table_mean_SE,A_primary_exact_table_mean_SE,,ADMIT_SEASONAL_MATCHED_FERTILIZER_SHARED_CONTROL,documented_or_reconstructed,all treatment arms share CK within season; eight seasons are repeated measures of the same 18 fixed plots; one independent trial,three biochar doses and plain straw share CK; eight repeated seasons; GWP and GHGI are derived related endpoints,,"seasonal soil CH4+N2O, 100-year AR5 factors; excludes biochar production and SOC change","AR5 100-year, CH4=28; N2O=265",,,intermittent flooding with midseason drainage,,"automated transcription from primary PDF Table 3 with season, arm and anchor assertions"
qin_2016_2014_early_BC2_vs_CK_yield,qin_huizhou_2012_2015,10.1016/j.scitotenv.2016.06.222,Long-term effect of biochar application on yield-scaled greenhouse gas emissions in a rice paddy cropping system: A four-year case study in south China,Qin et al. 2016,2016,2014,China,"Huizhou Institute of Agricultural Sciences, Guangdong",23.1,114.5667,tropical,,rice,rice,early rice,wheat straw,biochar_return,yield,kg rice grain ha-1 per season,BC2,CK (chemical fertilizer only),5047.97,4593.96,1444.73821961,1418.86138054,3,3,0.0942437850537,0.059100689973,9.88275910108,qin_2016_2014_early_CK_yield,"Table 3, p. 1395","primary Table 3 mean ± SE, n=3; delta-method lnRR variance",A_primary_exact_table_mean_SE,A_primary_exact_table_mean_SE,,ADMIT_SEASONAL_MATCHED_FERTILIZER_SHARED_CONTROL,documented_or_reconstructed,all treatment arms share CK within season; eight seasons are repeated measures of the same 18 fixed plots; one independent trial,three biochar doses and plain straw share CK; eight repeated seasons; GWP and GHGI are derived related endpoints,,,,,,intermittent flooding with midseason drainage,,"automated transcription from primary PDF Table 3 with season, arm and anchor assertions"
qin_2016_2014_early_BC2_vs_CK_GHGI,qin_huizhou_2012_2015,10.1016/j.scitotenv.2016.06.222,Long-term effect of biochar application on yield-scaled greenhouse gas emissions in a rice paddy cropping system: A four-year case study in south China,Qin et al. 2016,2016,2014,China,"Huizhou Institute of Agricultural Sciences, Guangdong",23.1,114.5667,tropical,,rice,rice,early rice,wheat straw,biochar_return,GHGI,kg CO2-eq kg-1 rice grain,BC2,CK (chemical fertilizer only),0.42,0.48,0.294448637287,0.259807621135,3,3,-0.133531392625,0.261488449546,-12.5,qin_2016_2014_early_CK_GHGI,"Table 3, p. 1395","primary Table 3 mean ± SE, n=3; delta-method lnRR variance",A_primary_exact_table_mean_SE,A_primary_exact_table_mean_SE,,ADMIT_SEASONAL_MATCHED_FERTILIZER_SHARED_CONTROL,documented_or_reconstructed,all treatment arms share CK within season; eight seasons are repeated measures of the same 18 fixed plots; one independent trial,three biochar doses and plain straw share CK; eight repeated seasons; GWP and GHGI are derived related endpoints,,"seasonal soil CH4+N2O, 100-year AR5 factors; excludes biochar production and SOC change","AR5 100-year, CH4=28; N2O=265",,,intermittent flooding with midseason drainage,,"automated transcription from primary PDF Table 3 with season, arm and anchor assertions"
qin_2016_2014_early_BC3_vs_CK_GWP,qin_huizhou_2012_2015,10.1016/j.scitotenv.2016.06.222,Long-term effect of biochar application on yield-scaled greenhouse gas emissions in a rice paddy cropping system: A four-year case study in south China,Qin et al. 2016,2016,2014,China,"Huizhou Institute of Agricultural Sciences, Guangdong",23.1,114.5667,tropical,,rice,rice,early rice,wheat straw,biochar_return,GWP,kg CO2-eq ha-1 per rice season,BC3,CK (chemical fertilizer only),1976.57,2219.68,1651.73561162,1178.48736947,3,3,-0.116000022083,0.326735556927,-10.9524796367,qin_2016_2014_early_CK_GWP,"Table 3, p. 1395","primary Table 3 mean ± SE, n=3; delta-method lnRR variance",A_primary_exact_table_mean_SE,A_primary_exact_table_mean_SE,,ADMIT_SEASONAL_MATCHED_FERTILIZER_SHARED_CONTROL,documented_or_reconstructed,all treatment arms share CK within season; eight seasons are repeated measures of the same 18 fixed plots; one independent trial,three biochar doses and plain straw share CK; eight repeated seasons; GWP and GHGI are derived related endpoints,,"seasonal soil CH4+N2O, 100-year AR5 factors; excludes biochar production and SOC change","AR5 100-year, CH4=28; N2O=265",,,intermittent flooding with midseason drainage,,"automated transcription from primary PDF Table 3 with season, arm and anchor assertions"
qin_2016_2014_early_BC3_vs_CK_yield,qin_huizhou_2012_2015,10.1016/j.scitotenv.2016.06.222,Long-term effect of biochar application on yield-scaled greenhouse gas emissions in a rice paddy cropping system: A four-year case study in south China,Qin et al. 2016,2016,2014,China,"Huizhou Institute of Agricultural Sciences, Guangdong",23.1,114.5667,tropical,,rice,rice,early rice,wheat straw,biochar_return,yield,kg rice grain ha-1 per season,BC3,CK (chemical fertilizer only),5352.9,4593.96,1548.28021689,1418.86138054,3,3,0.152896072903,0.0596837218794,16.5203876394,qin_2016_2014_early_CK_yield,"Table 3, p. 1395","primary Table 3 mean ± SE, n=3; delta-method lnRR variance",A_primary_exact_table_mean_SE,A_primary_exact_table_mean_SE,,ADMIT_SEASONAL_MATCHED_FERTILIZER_SHARED_CONTROL,documented_or_reconstructed,all treatment arms share CK within season; eight seasons are repeated measures of the same 18 fixed plots; one independent trial,three biochar doses and plain straw share CK; eight repeated seasons; GWP and GHGI are derived related endpoints,,,,,,intermittent flooding with midseason drainage,,"automated transcription from primary PDF Table 3 with season, arm and anchor assertions"
qin_2016_2014_early_BC3_vs_CK_GHGI,qin_huizhou_2012_2015,10.1016/j.scitotenv.2016.06.222,Long-term effect of biochar application on yield-scaled greenhouse gas emissions in a rice paddy cropping system: A four-year case study in south China,Qin et al. 2016,2016,2014,China,"Huizhou Institute of Agricultural Sciences, Guangdong",23.1,114.5667,tropical,,rice,rice,early rice,wheat straw,biochar_return,GHGI,kg CO2-eq kg-1 rice grain,BC3,CK (chemical fertilizer only),0.37,0.48,0.311769145362,0.259807621135,3,3,-0.260283098264,0.334325351534,-22.9166666667,qin_2016_2014_early_CK_GHGI,"Table 3, p. 1395","primary Table 3 mean ± SE, n=3; delta-method lnRR variance",A_primary_exact_table_mean_SE,A_primary_exact_table_mean_SE,,ADMIT_SEASONAL_MATCHED_FERTILIZER_SHARED_CONTROL,documented_or_reconstructed,all treatment arms share CK within season; eight seasons are repeated measures of the same 18 fixed plots; one independent trial,three biochar doses and plain straw share CK; eight repeated seasons; GWP and GHGI are derived related endpoints,,"seasonal soil CH4+N2O, 100-year AR5 factors; excludes biochar production and SOC change","AR5 100-year, CH4=28; N2O=265",,,intermittent flooding with midseason drainage,,"automated transcription from primary PDF Table 3 with season, arm and anchor assertions"
qin_2016_2014_early_RS_vs_CK_GWP,qin_huizhou_2012_2015,10.1016/j.scitotenv.2016.06.222,Long-term effect of biochar application on yield-scaled greenhouse gas emissions in a rice paddy cropping system: A four-year case study in south China,Qin et al. 2016,2016,2014,China,"Huizhou Institute of Agricultural Sciences, Guangdong",23.1,114.5667,tropical,,rice,rice,early rice,,direct_return,GWP,kg CO2-eq ha-1 per rice season,RS,CK (chemical fertilizer only),7222.07,2219.68,3254.0558137,1178.48736947,3,3,1.17977857406,0.161632482282,225.365367981,qin_2016_2014_early_CK_GWP,"Table 3, p. 1395","primary Table 3 mean ± SE, n=3; delta-method lnRR variance",A_primary_exact_table_mean_SE,A_primary_exact_table_mean_SE,,ADMIT_SEASONAL_MATCHED_FERTILIZER_SHARED_CONTROL,documented_or_reconstructed,all treatment arms share CK within season; eight seasons are repeated measures of the same 18 fixed plots; one independent trial,three biochar doses and plain straw share CK; eight repeated seasons; GWP and GHGI are derived related endpoints,,"seasonal soil CH4+N2O, 100-year AR5 factors; excludes biochar production and SOC change","AR5 100-year, CH4=28; N2O=265",,,intermittent flooding with midseason drainage,,"automated transcription from primary PDF Table 3 with season, arm and anchor assertions"
qin_2016_2014_early_RS_vs_CK_yield,qin_huizhou_2012_2015,10.1016/j.scitotenv.2016.06.222,Long-term effect of biochar application on yield-scaled greenhouse gas emissions in a rice paddy cropping system: A four-year case study in south China,Qin et al. 2016,2016,2014,China,"Huizhou Institute of Agricultural Sciences, Guangdong",23.1,114.5667,tropical,,rice,rice,early rice,,direct_return,yield,kg rice grain ha-1 per season,RS,CK (chemical fertilizer only),4803.73,4593.96,1643.56033181,1418.86138054,3,3,0.0446503022544,0.0708173654539,4.56621302754,qin_2016_2014_early_CK_yield,"Table 3, p. 1395","primary Table 3 mean ± SE, n=3; delta-method lnRR variance",A_primary_exact_table_mean_SE,A_primary_exact_table_mean_SE,,ADMIT_SEASONAL_MATCHED_FERTILIZER_SHARED_CONTROL,documented_or_reconstructed,all treatment arms share CK within season; eight seasons are repeated measures of the same 18 fixed plots; one independent trial,three biochar doses and plain straw share CK; eight repeated seasons; GWP and GHGI are derived related endpoints,,,,,,intermittent flooding with midseason drainage,,"automated transcription from primary PDF Table 3 with season, arm and anchor assertions"
qin_2016_2014_early_RS_vs_CK_GHGI,qin_huizhou_2012_2015,10.1016/j.scitotenv.2016.06.222,Long-term effect of biochar application on yield-scaled greenhouse gas emissions in a rice paddy cropping system: A four-year case study in south China,Qin et al. 2016,2016,2014,China,"Huizhou Institute of Agricultural Sciences, Guangdong",23.1,114.5667,tropical,,rice,rice,early rice,,direct_return,GHGI,kg CO2-eq kg-1 rice grain,RS,CK (chemical fertilizer only),1.5,0.48,0.675499814952,0.259807621135,3,3,1.13943428319,0.16525625,212.5,qin_2016_2014_early_CK_GHGI,"Table 3, p. 1395","primary Table 3 mean ± SE, n=3; delta-method lnRR variance",A_primary_exact_table_mean_SE,A_primary_exact_table_mean_SE,,ADMIT_SEASONAL_MATCHED_FERTILIZER_SHARED_CONTROL,documented_or_reconstructed,all treatment arms share CK within season; eight seasons are repeated measures of the same 18 fixed plots; one independent trial,three biochar doses and plain straw share CK; eight repeated seasons; GWP and GHGI are derived related endpoints,,"seasonal soil CH4+N2O, 100-year AR5 factors; excludes biochar production and SOC change","AR5 100-year, CH4=28; N2O=265",,,intermittent flooding with midseason drainage,,"automated transcription from primary PDF Table 3 with season, arm and anchor assertions"
qin_2016_2014_late_BC1_vs_CK_GWP,qin_huizhou_2012_2015,10.1016/j.scitotenv.2016.06.222,Long-term effect of biochar application on yield-scaled greenhouse gas emissions in a rice paddy cropping system: A four-year case study in south China,Qin et al. 2016,2016,2014,China,"Huizhou Institute of Agricultural Sciences, Guangdong",23.1,114.5667,tropical,,rice,rice,late rice,wheat straw,biochar_return,GWP,kg CO2-eq ha-1 per rice season,BC1,CK (chemical fertilizer only),1433.55,1812.17,204.416636309,141.802999616,3,3,-0.234371136806,0.008818790664,-20.8931833106,qin_2016_2014_late_CK_GWP,"Table 3, p. 1395","primary Table 3 mean ± SE, n=3; delta-method lnRR variance",A_primary_exact_table_mean_SE,A_primary_exact_table_mean_SE,,ADMIT_SEASONAL_MATCHED_FERTILIZER_SHARED_CONTROL,documented_or_reconstructed,all treatment arms share CK within season; eight seasons are repeated measures of the same 18 fixed plots; one independent trial,three biochar doses and plain straw share CK; eight repeated seasons; GWP and GHGI are derived related endpoints,,"seasonal soil CH4+N2O, 100-year AR5 factors; excludes biochar production and SOC change","AR5 100-year, CH4=28; N2O=265",,,intermittent flooding with midseason drainage,,"automated transcription from primary PDF Table 3 with season, arm and anchor assertions"
qin_2016_2014_late_BC1_vs_CK_yield,qin_huizhou_2012_2015,10.1016/j.scitotenv.2016.06.222,Long-term effect of biochar application on yield-scaled greenhouse gas emissions in a rice paddy cropping system: A four-year case study in south China,Qin et al. 2016,2016,2014,China,"Huizhou Institute of Agricultural Sciences, Guangdong",23.1,114.5667,tropical,,rice,rice,late rice,wheat straw,biochar_return,yield,kg rice grain ha-1 per season,BC1,CK (chemical fertilizer only),5258.18,4744.59,312.202158064,258.421980489,3,3,0.102779937686,0.00216398547688,10.824749873,qin_2016_2014_late_CK_yield,"Table 3, p. 1395","primary Table 3 mean ± SE, n=3; delta-method lnRR variance",A_primary_exact_table_mean_SE,A_primary_exact_table_mean_SE,,ADMIT_SEASONAL_MATCHED_FERTILIZER_SHARED_CONTROL,documented_or_reconstructed,all treatment arms share CK within season; eight seasons are repeated measures of the same 18 fixed plots; one independent trial,three biochar doses and plain straw share CK; eight repeated seasons; GWP and GHGI are derived related endpoints,,,,,,intermittent flooding with midseason drainage,,"automated transcription from primary PDF Table 3 with season, arm and anchor assertions"
qin_2016_2014_late_BC1_vs_CK_GHGI,qin_huizhou_2012_2015,10.1016/j.scitotenv.2016.06.222,Long-term effect of biochar application on yield-scaled greenhouse gas emissions in a rice paddy cropping system: A four-year case study in south China,Qin et al. 2016,2016,2014,China,"Huizhou Institute of Agricultural Sciences, Guangdong",23.1,114.5667,tropical,,rice,rice,late rice,wheat straw,biochar_return,GHGI,kg CO2-eq kg-1 rice grain,BC1,CK (chemical fertilizer only),0.27,0.38,0.0346410161514,0.0346410161514,3,3,-0.341749293722,0.00825705155242,-28.9473684211,qin_2016_2014_late_CK_GHGI,"Table 3, p. 1395","primary Table 3 mean ± SE, n=3; delta-method lnRR variance",A_primary_exact_table_mean_SE,A_primary_exact_table_mean_SE,,ADMIT_SEASONAL_MATCHED_FERTILIZER_SHARED_CONTROL,documented_or_reconstructed,all treatment arms share CK within season; eight seasons are repeated measures of the same 18 fixed plots; one independent trial,three biochar doses and plain straw share CK; eight repeated seasons; GWP and GHGI are derived related endpoints,,"seasonal soil CH4+N2O, 100-year AR5 factors; excludes biochar production and SOC change","AR5 100-year, CH4=28; N2O=265",,,intermittent flooding with midseason drainage,,"automated transcription from primary PDF Table 3 with season, arm and anchor assertions"
qin_2016_2014_late_BC2_vs_CK_GWP,qin_huizhou_2012_2015,10.1016/j.scitotenv.2016.06.222,Long-term effect of biochar application on yield-scaled greenhouse gas emissions in a rice paddy cropping system: A four-year case study in south China,Qin et al. 2016,2016,2014,China,"Huizhou Institute of Agricultural Sciences, Guangdong",23.1,114.5667,tropical,,rice,rice,late rice,wheat straw,biochar_return,GWP,kg CO2-eq ha-1 per rice season,BC2,CK (chemical fertilizer only),989.55,1812.17,106.20935552,141.802999616,3,3,-0.60503000685,0.00588101951899,-45.3941959088,qin_2016_2014_late_CK_GWP,"Table 3, p. 1395","primary Table 3 mean ± SE, n=3; delta-method lnRR variance",A_primary_exact_table_mean_SE,A_primary_exact_table_mean_SE,,ADMIT_SEASONAL_MATCHED_FERTILIZER_SHARED_CONTROL,documented_or_reconstructed,all treatment arms share CK within season; eight seasons are repeated measures of the same 18 fixed plots; one independent trial,three biochar doses and plain straw share CK; eight repeated seasons; GWP and GHGI are derived related endpoints,,"seasonal soil CH4+N2O, 100-year AR5 factors; excludes biochar production and SOC change","AR5 100-year, CH4=28; N2O=265",,,intermittent flooding with midseason drainage,,"automated transcription from primary PDF Table 3 with season, arm and anchor assertions"
qin_2016_2014_late_BC2_vs_CK_yield,qin_huizhou_2012_2015,10.1016/j.scitotenv.2016.06.222,Long-term effect of biochar application on yield-scaled greenhouse gas emissions in a rice paddy cropping system: A four-year case study in south China,Qin et al. 2016,2016,2014,China,"Huizhou Institute of Agricultural Sciences, Guangdong",23.1,114.5667,tropical,,rice,rice,late rice,wheat straw,biochar_return,yield,kg rice grain ha-1 per season,BC2,CK (chemical fertilizer only),5558.33,4744.59,410.132310724,258.421980489,3,3,0.158292681849,0.00280371124717,17.1509023962,qin_2016_2014_late_CK_yield,"Table 3, p. 1395","primary Table 3 mean ± SE, n=3; delta-method lnRR variance",A_primary_exact_table_mean_SE,A_primary_exact_table_mean_SE,,ADMIT_SEASONAL_MATCHED_FERTILIZER_SHARED_CONTROL,documented_or_reconstructed,all treatment arms share CK within season; eight seasons are repeated measures of the same 18 fixed plots; one independent trial,three biochar doses and plain straw share CK; eight repeated seasons; GWP and GHGI are derived related endpoints,,,,,,intermittent flooding with midseason drainage,,"automated transcription from primary PDF Table 3 with season, arm and anchor assertions"
qin_2016_2014_late_BC2_vs_CK_GHGI,qin_huizhou_2012_2015,10.1016/j.scitotenv.2016.06.222,Long-term effect of biochar application on yield-scaled greenhouse gas emissions in a rice paddy cropping system: A four-year case study in south China,Qin et al. 2016,2016,2014,China,"Huizhou Institute of Agricultural Sciences, Guangdong",23.1,114.5667,tropical,,rice,rice,late rice,wheat straw,biochar_return,GHGI,kg CO2-eq kg-1 rice grain,BC2,CK (chemical fertilizer only),0.18,0.38,0.0173205080757,0.0346410161514,3,3,-0.74721440183,0.00585650285558,-52.6315789474,qin_2016_2014_late_CK_GHGI,"Table 3, p. 1395","primary Table 3 mean ± SE, n=3; delta-method lnRR variance",A_primary_exact_table_mean_SE,A_primary_exact_table_mean_SE,,ADMIT_SEASONAL_MATCHED_FERTILIZER_SHARED_CONTROL,documented_or_reconstructed,all treatment arms share CK within season; eight seasons are repeated measures of the same 18 fixed plots; one independent trial,three biochar doses and plain straw share CK; eight repeated seasons; GWP and GHGI are derived related endpoints,,"seasonal soil CH4+N2O, 100-year AR5 factors; excludes biochar production and SOC change","AR5 100-year, CH4=28; N2O=265",,,intermittent flooding with midseason drainage,,"automated transcription from primary PDF Table 3 with season, arm and anchor assertions"
qin_2016_2014_late_BC3_vs_CK_GWP,qin_huizhou_2012_2015,10.1016/j.scitotenv.2016.06.222,Long-term effect of biochar application on yield-scaled greenhouse gas emissions in a rice paddy cropping system: A four-year case study in south China,Qin et al. 2016,2016,2014,China,"Huizhou Institute of Agricultural Sciences, Guangdong",23.1,114.5667,tropical,,rice,rice,late rice,wheat straw,biochar_return,GWP,kg CO2-eq ha-1 per rice season,BC3,CK (chemical fertilizer only),1314.89,1812.17,116.982711543,141.802999616,3,3,-0.320772010264,0.00467945687467,-27.4411341099,qin_2016_2014_late_CK_GWP,"Table 3, p. 1395","primary Table 3 mean ± SE, n=3; delta-method lnRR variance",A_primary_exact_table_mean_SE,A_primary_exact_table_mean_SE,,ADMIT_SEASONAL_MATCHED_FERTILIZER_SHARED_CONTROL,documented_or_reconstructed,all treatment arms share CK within season; eight seasons are repeated measures of the same 18 fixed plots; one independent trial,three biochar doses and plain straw share CK; eight repeated seasons; GWP and GHGI are derived related endpoints,,"seasonal soil CH4+N2O, 100-year AR5 factors; excludes biochar production and SOC change","AR5 100-year, CH4=28; N2O=265",,,intermittent flooding with midseason drainage,,"automated transcription from primary PDF Table 3 with season, arm and anchor assertions"
qin_2016_2014_late_BC3_vs_CK_yield,qin_huizhou_2012_2015,10.1016/j.scitotenv.2016.06.222,Long-term effect of biochar application on yield-scaled greenhouse gas emissions in a rice paddy cropping system: A four-year case study in south China,Qin et al. 2016,2016,2014,China,"Huizhou Institute of Agricultural Sciences, Guangdong",23.1,114.5667,tropical,,rice,rice,late rice,wheat straw,biochar_return,yield,kg rice grain ha-1 per season,BC3,CK (chemical fertilizer only),5231.5,4744.59,285.407332071,258.421980489,3,3,0.0976930222543,0.00198097491362,10.2624252043,qin_2016_2014_late_CK_yield,"Table 3, p. 1395","primary Table 3 mean ± SE, n=3; delta-method lnRR variance",A_primary_exact_table_mean_SE,A_primary_exact_table_mean_SE,,ADMIT_SEASONAL_MATCHED_FERTILIZER_SHARED_CONTROL,documented_or_reconstructed,all treatment arms share CK within season; eight seasons are repeated measures of the same 18 fixed plots; one independent trial,three biochar doses and plain straw share CK; eight repeated seasons; GWP and GHGI are derived related endpoints,,,,,,intermittent flooding with midseason drainage,,"automated transcription from primary PDF Table 3 with season, arm and anchor assertions"
qin_2016_2014_late_BC3_vs_CK_GHGI,qin_huizhou_2012_2015,10.1016/j.scitotenv.2016.06.222,Long-term effect of biochar application on yield-scaled greenhouse gas emissions in a rice paddy cropping system: A four-year case study in south China,Qin et al. 2016,2016,2014,China,"Huizhou Institute of Agricultural Sciences, Guangdong",23.1,114.5667,tropical,,rice,rice,late rice,wheat straw,biochar_return,GHGI,kg CO2-eq kg-1 rice grain,BC3,CK (chemical fertilizer only),0.25,0.38,0.0173205080757,0.0346410161514,3,3,-0.418710334858,0.00437008310249,-34.2105263158,qin_2016_2014_late_CK_GHGI,"Table 3, p. 1395","primary Table 3 mean ± SE, n=3; delta-method lnRR variance",A_primary_exact_table_mean_SE,A_primary_exact_table_mean_SE,,ADMIT_SEASONAL_MATCHED_FERTILIZER_SHARED_CONTROL,documented_or_reconstructed,all treatment arms share CK within season; eight seasons are repeated measures of the same 18 fixed plots; one independent trial,three biochar doses and plain straw share CK; eight repeated seasons; GWP and GHGI are derived related endpoints,,"seasonal soil CH4+N2O, 100-year AR5 factors; excludes biochar production and SOC change","AR5 100-year, CH4=28; N2O=265",,,intermittent flooding with midseason drainage,,"automated transcription from primary PDF Table 3 with season, arm and anchor assertions"
qin_2016_2014_late_RS_vs_CK_GWP,qin_huizhou_2012_2015,10.1016/j.scitotenv.2016.06.222,Long-term effect of biochar application on yield-scaled greenhouse gas emissions in a rice paddy cropping system: A four-year case study in south China,Qin et al. 2016,2016,2014,China,"Huizhou Institute of Agricultural Sciences, Guangdong",23.1,114.5667,tropical,,rice,rice,late rice,,direct_return,GWP,kg CO2-eq ha-1 per rice season,RS,CK (chemical fertilizer only),6083.1,1812.17,1527.61685075,141.802999616,3,3,1.21098941226,0.0230622510636,235.680427333,qin_2016_2014_late_CK_GWP,"Table 3, p. 1395","primary Table 3 mean ± SE, n=3; delta-method lnRR variance",A_primary_exact_table_mean_SE,A_primary_exact_table_mean_SE,,ADMIT_SEASONAL_MATCHED_FERTILIZER_SHARED_CONTROL,documented_or_reconstructed,all treatment arms share CK within season; eight seasons are repeated measures of the same 18 fixed plots; one independent trial,three biochar doses and plain straw share CK; eight repeated seasons; GWP and GHGI are derived related endpoints,,"seasonal soil CH4+N2O, 100-year AR5 factors; excludes biochar production and SOC change","AR5 100-year, CH4=28; N2O=265",,,intermittent flooding with midseason drainage,,"automated transcription from primary PDF Table 3 with season, arm and anchor assertions"
qin_2016_2014_late_RS_vs_CK_yield,qin_huizhou_2012_2015,10.1016/j.scitotenv.2016.06.222,Long-term effect of biochar application on yield-scaled greenhouse gas emissions in a rice paddy cropping system: A four-year case study in south China,Qin et al. 2016,2016,2014,China,"Huizhou Institute of Agricultural Sciences, Guangdong",23.1,114.5667,tropical,,rice,rice,late rice,,direct_return,yield,kg rice grain ha-1 per season,RS,CK (chemical fertilizer only),4946.92,4744.59,104.823714874,258.421980489,3,3,0.0417601391131,0.00113854012096,4.26443591543,qin_2016_2014_late_CK_yield,"Table 3, p. 1395","primary Table 3 mean ± SE, n=3; delta-method lnRR variance",A_primary_exact_table_mean_SE,A_primary_exact_table_mean_SE,,ADMIT_SEASONAL_MATCHED_FERTILIZER_SHARED_CONTROL,documented_or_reconstructed,all treatment arms share CK within season; eight seasons are repeated measures of the same 18 fixed plots; one independent trial,three biochar doses and plain straw share CK; eight repeated seasons; GWP and GHGI are derived related endpoints,,,,,,intermittent flooding with midseason drainage,,"automated transcription from primary PDF Table 3 with season, arm and anchor assertions"
qin_2016_2014_late_RS_vs_CK_GHGI,qin_huizhou_2012_2015,10.1016/j.scitotenv.2016.06.222,Long-term effect of biochar application on yield-scaled greenhouse gas emissions in a rice paddy cropping system: A four-year case study in south China,Qin et al. 2016,2016,2014,China,"Huizhou Institute of Agricultural Sciences, Guangdong",23.1,114.5667,tropical,,rice,rice,late rice,,direct_return,GHGI,kg CO2-eq kg-1 rice grain,RS,CK (chemical fertilizer only),1.23,0.38,0.311769145362,0.0346410161514,3,3,1.17459819565,0.0241859070168,223.684210526,qin_2016_2014_late_CK_GHGI,"Table 3, p. 1395","primary Table 3 mean ± SE, n=3; delta-method lnRR variance",A_primary_exact_table_mean_SE,A_primary_exact_table_mean_SE,,ADMIT_SEASONAL_MATCHED_FERTILIZER_SHARED_CONTROL,documented_or_reconstructed,all treatment arms share CK within season; eight seasons are repeated measures of the same 18 fixed plots; one independent trial,three biochar doses and plain straw share CK; eight repeated seasons; GWP and GHGI are derived related endpoints,,"seasonal soil CH4+N2O, 100-year AR5 factors; excludes biochar production and SOC change","AR5 100-year, CH4=28; N2O=265",,,intermittent flooding with midseason drainage,,"automated transcription from primary PDF Table 3 with season, arm and anchor assertions"
qin_2016_2015_early_BC1_vs_CK_GWP,qin_huizhou_2012_2015,10.1016/j.scitotenv.2016.06.222,Long-term effect of biochar application on yield-scaled greenhouse gas emissions in a rice paddy cropping system: A four-year case study in south China,Qin et al. 2016,2016,2015,China,"Huizhou Institute of Agricultural Sciences, Guangdong",23.1,114.5667,tropical,,rice,rice,early rice,wheat straw,biochar_return,GWP,kg CO2-eq ha-1 per rice season,BC1,CK (chemical fertilizer only),1534.25,1934.65,875.170632048,941.785306108,3,3,-0.231884769281,0.187451612731,-20.6962499677,qin_2016_2015_early_CK_GWP,"Table 3, p. 1395","primary Table 3 mean ± SE, n=3; delta-method lnRR variance",A_primary_exact_table_mean_SE,A_primary_exact_table_mean_SE,,ADMIT_SEASONAL_MATCHED_FERTILIZER_SHARED_CONTROL,documented_or_reconstructed,all treatment arms share CK within season; eight seasons are repeated measures of the same 18 fixed plots; one independent trial,three biochar doses and plain straw share CK; eight repeated seasons; GWP and GHGI are derived related endpoints,,"seasonal soil CH4+N2O, 100-year AR5 factors; excludes biochar production and SOC change","AR5 100-year, CH4=28; N2O=265",,,intermittent flooding with midseason drainage,,"automated transcription from primary PDF Table 3 with season, arm and anchor assertions"
qin_2016_2015_early_BC1_vs_CK_yield,qin_huizhou_2012_2015,10.1016/j.scitotenv.2016.06.222,Long-term effect of biochar application on yield-scaled greenhouse gas emissions in a rice paddy cropping system: A four-year case study in south China,Qin et al. 2016,2016,2015,China,"Huizhou Institute of Agricultural Sciences, Guangdong",23.1,114.5667,tropical,,rice,rice,early rice,wheat straw,biochar_return,yield,kg rice grain ha-1 per season,BC1,CK (chemical fertilizer only),5011.84,4948.25,1381.72621123,1462.00676616,3,3,0.0127691344217,0.0544341776183,1.28510079321,qin_2016_2015_early_CK_yield,"Table 3, p. 1395","primary Table 3 mean ± SE, n=3; delta-method lnRR variance",A_primary_exact_table_mean_SE,A_primary_exact_table_mean_SE,,ADMIT_SEASONAL_MATCHED_FERTILIZER_SHARED_CONTROL,documented_or_reconstructed,all treatment arms share CK within season; eight seasons are repeated measures of the same 18 fixed plots; one independent trial,three biochar doses and plain straw share CK; eight repeated seasons; GWP and GHGI are derived related endpoints,,,,,,intermittent flooding with midseason drainage,,"automated transcription from primary PDF Table 3 with season, arm and anchor assertions"
qin_2016_2015_early_BC1_vs_CK_GHGI,qin_huizhou_2012_2015,10.1016/j.scitotenv.2016.06.222,Long-term effect of biochar application on yield-scaled greenhouse gas emissions in a rice paddy cropping system: A four-year case study in south China,Qin et al. 2016,2016,2015,China,"Huizhou Institute of Agricultural Sciences, Guangdong",23.1,114.5667,tropical,,rice,rice,early rice,wheat straw,biochar_return,GHGI,kg CO2-eq kg-1 rice grain,BC1,CK (chemical fertilizer only),0.31,0.39,0.173205080757,0.190525588833,3,3,-0.229574441645,0.183611198339,-20.5128205128,qin_2016_2015_early_CK_GHGI,"Table 3, p. 1395","primary Table 3 mean ± SE, n=3; delta-method lnRR variance",A_primary_exact_table_mean_SE,A_primary_exact_table_mean_SE,,ADMIT_SEASONAL_MATCHED_FERTILIZER_SHARED_CONTROL,documented_or_reconstructed,all treatment arms share CK within season; eight seasons are repeated measures of the same 18 fixed plots; one independent trial,three biochar doses and plain straw share CK; eight repeated seasons; GWP and GHGI are derived related endpoints,,"seasonal soil CH4+N2O, 100-year AR5 factors; excludes biochar production and SOC change","AR5 100-year, CH4=28; N2O=265",,,intermittent flooding with midseason drainage,,"automated transcription from primary PDF Table 3 with season, arm and anchor assertions"
qin_2016_2015_early_BC2_vs_CK_GWP,qin_huizhou_2012_2015,10.1016/j.scitotenv.2016.06.222,Long-term effect of biochar application on yield-scaled greenhouse gas emissions in a rice paddy cropping system: A four-year case study in south China,Qin et al. 2016,2016,2015,China,"Huizhou Institute of Agricultural Sciences, Guangdong",23.1,114.5667,tropical,,rice,rice,early rice,wheat straw,biochar_return,GWP,kg CO2-eq ha-1 per rice season,BC2,CK (chemical fertilizer only),1434.27,1934.65,1074.89341067,941.785306108,3,3,-0.299270422595,0.266209075114,-25.8641097873,qin_2016_2015_early_CK_GWP,"Table 3, p. 1395","primary Table 3 mean ± SE, n=3; delta-method lnRR variance",A_primary_exact_table_mean_SE,A_primary_exact_table_mean_SE,,ADMIT_SEASONAL_MATCHED_FERTILIZER_SHARED_CONTROL,documented_or_reconstructed,all treatment arms share CK within season; eight seasons are repeated measures of the same 18 fixed plots; one independent trial,three biochar doses and plain straw share CK; eight repeated seasons; GWP and GHGI are derived related endpoints,,"seasonal soil CH4+N2O, 100-year AR5 factors; excludes biochar production and SOC change","AR5 100-year, CH4=28; N2O=265",,,intermittent flooding with midseason drainage,,"automated transcription from primary PDF Table 3 with season, arm and anchor assertions"
qin_2016_2015_early_BC2_vs_CK_yield,qin_huizhou_2012_2015,10.1016/j.scitotenv.2016.06.222,Long-term effect of biochar application on yield-scaled greenhouse gas emissions in a rice paddy cropping system: A four-year case study in south China,Qin et al. 2016,2016,2015,China,"Huizhou Institute of Agricultural Sciences, Guangdong",23.1,114.5667,tropical,,rice,rice,early rice,wheat straw,biochar_return,yield,kg rice grain ha-1 per season,BC2,CK (chemical fertilizer only),4985.83,4948.25,1513.58723921,1462.00676616,3,3,0.00756591033409,0.0598185683067,0.759460415298,qin_2016_2015_early_CK_yield,"Table 3, p. 1395","primary Table 3 mean ± SE, n=3; delta-method lnRR variance",A_primary_exact_table_mean_SE,A_primary_exact_table_mean_SE,,ADMIT_SEASONAL_MATCHED_FERTILIZER_SHARED_CONTROL,documented_or_reconstructed,all treatment arms share CK within season; eight seasons are repeated measures of the same 18 fixed plots; one independent trial,three biochar doses and plain straw share CK; eight repeated seasons; GWP and GHGI are derived related endpoints,,,,,,intermittent flooding with midseason drainage,,"automated transcription from primary PDF Table 3 with season, arm and anchor assertions"
qin_2016_2015_early_BC2_vs_CK_GHGI,qin_huizhou_2012_2015,10.1016/j.scitotenv.2016.06.222,Long-term effect of biochar application on yield-scaled greenhouse gas emissions in a rice paddy cropping system: A four-year case study in south China,Qin et al. 2016,2016,2015,China,"Huizhou Institute of Agricultural Sciences, Guangdong",23.1,114.5667,tropical,,rice,rice,early rice,wheat straw,biochar_return,GHGI,kg CO2-eq kg-1 rice grain,BC2,CK (chemical fertilizer only),0.29,0.39,0.207846096908,0.190525588833,3,3,-0.296265816143,0.250777658168,-25.641025641,qin_2016_2015_early_CK_GHGI,"Table 3, p. 1395","primary Table 3 mean ± SE, n=3; delta-method lnRR variance",A_primary_exact_table_mean_SE,A_primary_exact_table_mean_SE,,ADMIT_SEASONAL_MATCHED_FERTILIZER_SHARED_CONTROL,documented_or_reconstructed,all treatment arms share CK within season; eight seasons are repeated measures of the same 18 fixed plots; one independent trial,three biochar doses and plain straw share CK; eight repeated seasons; GWP and GHGI are derived related endpoints,,"seasonal soil CH4+N2O, 100-year AR5 factors; excludes biochar production and SOC change","AR5 100-year, CH4=28; N2O=265",,,intermittent flooding with midseason drainage,,"automated transcription from primary PDF Table 3 with season, arm and anchor assertions"
qin_2016_2015_early_BC3_vs_CK_GWP,qin_huizhou_2012_2015,10.1016/j.scitotenv.2016.06.222,Long-term effect of biochar application on yield-scaled greenhouse gas emissions in a rice paddy cropping system: A four-year case study in south China,Qin et al. 2016,2016,2015,China,"Huizhou Institute of Agricultural Sciences, Guangdong",23.1,114.5667,tropical,,rice,rice,early rice,wheat straw,biochar_return,GWP,kg CO2-eq ha-1 per rice season,BC3,CK (chemical fertilizer only),1220.48,1934.65,703.680281591,941.785306108,3,3,-0.460682207578,0.189798274525,-36.9146874112,qin_2016_2015_early_CK_GWP,"Table 3, p. 1395","primary Table 3 mean ± SE, n=3; delta-method lnRR variance",A_primary_exact_table_mean_SE,A_primary_exact_table_mean_SE,,ADMIT_SEASONAL_MATCHED_FERTILIZER_SHARED_CONTROL,documented_or_reconstructed,all treatment arms share CK within season; eight seasons are repeated measures of the same 18 fixed plots; one independent trial,three biochar doses and plain straw share CK; eight repeated seasons; GWP and GHGI are derived related endpoints,,"seasonal soil CH4+N2O, 100-year AR5 factors; excludes biochar production and SOC change","AR5 100-year, CH4=28; N2O=265",,,intermittent flooding with midseason drainage,,"automated transcription from primary PDF Table 3 with season, arm and anchor assertions"
qin_2016_2015_early_BC3_vs_CK_yield,qin_huizhou_2012_2015,10.1016/j.scitotenv.2016.06.222,Long-term effect of biochar application on yield-scaled greenhouse gas emissions in a rice paddy cropping system: A four-year case study in south China,Qin et al. 2016,2016,2015,China,"Huizhou Institute of Agricultural Sciences, Guangdong",23.1,114.5667,tropical,,rice,rice,early rice,wheat straw,biochar_return,yield,kg rice grain ha-1 per season,BC3,CK (chemical fertilizer only),5126.01,4948.25,1380.5830577,1462.00676616,3,3,0.0352936000601,0.0532781109366,3.59238114485,qin_2016_2015_early_CK_yield,"Table 3, p. 1395","primary Table 3 mean ± SE, n=3; delta-method lnRR variance",A_primary_exact_table_mean_SE,A_primary_exact_table_mean_SE,,ADMIT_SEASONAL_MATCHED_FERTILIZER_SHARED_CONTROL,documented_or_reconstructed,all treatment arms share CK within season; eight seasons are repeated measures of the same 18 fixed plots; one independent trial,three biochar doses and plain straw share CK; eight repeated seasons; GWP and GHGI are derived related endpoints,,,,,,intermittent flooding with midseason drainage,,"automated transcription from primary PDF Table 3 with season, arm and anchor assertions"
qin_2016_2015_early_BC3_vs_CK_GHGI,qin_huizhou_2012_2015,10.1016/j.scitotenv.2016.06.222,Long-term effect of biochar application on yield-scaled greenhouse gas emissions in a rice paddy cropping system: A four-year case study in south China,Qin et al. 2016,2016,2015,China,"Huizhou Institute of Agricultural Sciences, Guangdong",23.1,114.5667,tropical,,rice,rice,early rice,wheat straw,biochar_return,GHGI,kg CO2-eq kg-1 rice grain,BC3,CK (chemical fertilizer only),0.24,0.39,0.138564064606,0.190525588833,3,3,-0.485507815782,0.190664036818,-38.4615384615,qin_2016_2015_early_CK_GHGI,"Table 3, p. 1395","primary Table 3 mean ± SE, n=3; delta-method lnRR variance",A_primary_exact_table_mean_SE,A_primary_exact_table_mean_SE,,ADMIT_SEASONAL_MATCHED_FERTILIZER_SHARED_CONTROL,documented_or_reconstructed,all treatment arms share CK within season; eight seasons are repeated measures of the same 18 fixed plots; one independent trial,three biochar doses and plain straw share CK; eight repeated seasons; GWP and GHGI are derived related endpoints,,"seasonal soil CH4+N2O, 100-year AR5 factors; excludes biochar production and SOC change","AR5 100-year, CH4=28; N2O=265",,,intermittent flooding with midseason drainage,,"automated transcription from primary PDF Table 3 with season, arm and anchor assertions"
qin_2016_2015_early_RS_vs_CK_GWP,qin_huizhou_2012_2015,10.1016/j.scitotenv.2016.06.222,Long-term effect of biochar application on yield-scaled greenhouse gas emissions in a rice paddy cropping system: A four-year case study in south China,Qin et al. 2016,2016,2015,China,"Huizhou Institute of Agricultural Sciences, Guangdong",23.1,114.5667,tropical,,rice,rice,early rice,,direct_return,GWP,kg CO2-eq ha-1 per rice season,RS,CK (chemical fertilizer only),4193.05,1934.65,2571.40262892,941.785306108,3,3,0.773501961186,0.20435098091,116.734293025,qin_2016_2015_early_CK_GWP,"Table 3, p. 1395","primary Table 3 mean ± SE, n=3; delta-method lnRR variance",A_primary_exact_table_mean_SE,A_primary_exact_table_mean_SE,,ADMIT_SEASONAL_MATCHED_FERTILIZER_SHARED_CONTROL,documented_or_reconstructed,all treatment arms share CK within season; eight seasons are repeated measures of the same 18 fixed plots; one independent trial,three biochar doses and plain straw share CK; eight repeated seasons; GWP and GHGI are derived related endpoints,,"seasonal soil CH4+N2O, 100-year AR5 factors; excludes biochar production and SOC change","AR5 100-year, CH4=28; N2O=265",,,intermittent flooding with midseason drainage,,"automated transcription from primary PDF Table 3 with season, arm and anchor assertions"
qin_2016_2015_early_RS_vs_CK_yield,qin_huizhou_2012_2015,10.1016/j.scitotenv.2016.06.222,Long-term effect of biochar application on yield-scaled greenhouse gas emissions in a rice paddy cropping system: A four-year case study in south China,Qin et al. 2016,2016,2015,China,"Huizhou Institute of Agricultural Sciences, Guangdong",23.1,114.5667,tropical,,rice,rice,early rice,,direct_return,yield,kg rice grain ha-1 per season,RS,CK (chemical fertilizer only),5032.07,4948.25,1703.00431553,1462.00676616,3,3,0.0167974515525,0.0672770710971,1.69393219825,qin_2016_2015_early_CK_yield,"Table 3, p. 1395","primary Table 3 mean ± SE, n=3; delta-method lnRR variance",A_primary_exact_table_mean_SE,A_primary_exact_table_mean_SE,,ADMIT_SEASONAL_MATCHED_FERTILIZER_SHARED_CONTROL,documented_or_reconstructed,all treatment arms share CK within season; eight seasons are repeated measures of the same 18 fixed plots; one independent trial,three biochar doses and plain straw share CK; eight repeated seasons; GWP and GHGI are derived related endpoints,,,,,,intermittent flooding with midseason drainage,,"automated transcription from primary PDF Table 3 with season, arm and anchor assertions"
qin_2016_2015_early_RS_vs_CK_GHGI,qin_huizhou_2012_2015,10.1016/j.scitotenv.2016.06.222,Long-term effect of biochar application on yield-scaled greenhouse gas emissions in a rice paddy cropping system: A four-year case study in south China,Qin et al. 2016,2016,2015,China,"Huizhou Institute of Agricultural Sciences, Guangdong",23.1,114.5667,tropical,,rice,rice,early rice,,direct_return,GHGI,kg CO2-eq kg-1 rice grain,RS,CK (chemical fertilizer only),0.83,0.39,0.519615242271,0.190525588833,3,3,0.755278961667,0.210195979851,112.820512821,qin_2016_2015_early_CK_GHGI,"Table 3, p. 1395","primary Table 3 mean ± SE, n=3; delta-method lnRR variance",A_primary_exact_table_mean_SE,A_primary_exact_table_mean_SE,,ADMIT_SEASONAL_MATCHED_FERTILIZER_SHARED_CONTROL,documented_or_reconstructed,all treatment arms share CK within season; eight seasons are repeated measures of the same 18 fixed plots; one independent trial,three biochar doses and plain straw share CK; eight repeated seasons; GWP and GHGI are derived related endpoints,,"seasonal soil CH4+N2O, 100-year AR5 factors; excludes biochar production and SOC change","AR5 100-year, CH4=28; N2O=265",,,intermittent flooding with midseason drainage,,"automated transcription from primary PDF Table 3 with season, arm and anchor assertions"
qin_2016_2015_late_BC1_vs_CK_GWP,qin_huizhou_2012_2015,10.1016/j.scitotenv.2016.06.222,Long-term effect of biochar application on yield-scaled greenhouse gas emissions in a rice paddy cropping system: A four-year case study in south China,Qin et al. 2016,2016,2015,China,"Huizhou Institute of Agricultural Sciences, Guangdong",23.1,114.5667,tropical,,rice,rice,late rice,wheat straw,biochar_return,GWP,kg CO2-eq ha-1 per rice season,BC1,CK (chemical fertilizer only),1246.77,1329.08,757.269933577,713.206561033,3,3,-0.0639307665314,0.218958191494,-6.19300568815,qin_2016_2015_late_CK_GWP,"Table 3, p. 1395","primary Table 3 mean ± SE, n=3; delta-method lnRR variance",A_primary_exact_table_mean_SE,A_primary_exact_table_mean_SE,,ADMIT_SEASONAL_MATCHED_FERTILIZER_SHARED_CONTROL,documented_or_reconstructed,all treatment arms share CK within season; eight seasons are repeated measures of the same 18 fixed plots; one independent trial,three biochar doses and plain straw share CK; eight repeated seasons; GWP and GHGI are derived related endpoints,,"seasonal soil CH4+N2O, 100-year AR5 factors; excludes biochar production and SOC change","AR5 100-year, CH4=28; N2O=265",,,intermittent flooding with midseason drainage,,"automated transcription from primary PDF Table 3 with season, arm and anchor assertions"
qin_2016_2015_late_BC1_vs_CK_yield,qin_huizhou_2012_2015,10.1016/j.scitotenv.2016.06.222,Long-term effect of biochar application on yield-scaled greenhouse gas emissions in a rice paddy cropping system: A four-year case study in south China,Qin et al. 2016,2016,2015,China,"Huizhou Institute of Agricultural Sciences, Guangdong",23.1,114.5667,tropical,,rice,rice,late rice,wheat straw,biochar_return,yield,kg rice grain ha-1 per season,BC1,CK (chemical fertilizer only),5462.73,5412.15,1387.25145331,1540.13957809,3,3,0.00930223868776,0.0484900975269,0.934563897896,qin_2016_2015_late_CK_yield,"Table 3, p. 1395","primary Table 3 mean ± SE, n=3; delta-method lnRR variance",A_primary_exact_table_mean_SE,A_primary_exact_table_mean_SE,,ADMIT_SEASONAL_MATCHED_FERTILIZER_SHARED_CONTROL,documented_or_reconstructed,all treatment arms share CK within season; eight seasons are repeated measures of the same 18 fixed plots; one independent trial,three biochar doses and plain straw share CK; eight repeated seasons; GWP and GHGI are derived related endpoints,,,,,,intermittent flooding with midseason drainage,,"automated transcription from primary PDF Table 3 with season, arm and anchor assertions"
qin_2016_2015_late_BC1_vs_CK_GHGI,qin_huizhou_2012_2015,10.1016/j.scitotenv.2016.06.222,Long-term effect of biochar application on yield-scaled greenhouse gas emissions in a rice paddy cropping system: A four-year case study in south China,Qin et al. 2016,2016,2015,China,"Huizhou Institute of Agricultural Sciences, Guangdong",23.1,114.5667,tropical,,rice,rice,late rice,wheat straw,biochar_return,GHGI,kg CO2-eq kg-1 rice grain,BC1,CK (chemical fertilizer only),0.23,0.25,0.138564064606,0.138564064606,3,3,-0.0833816089391,0.223382986767,-8,qin_2016_2015_late_CK_GHGI,"Table 3, p. 1395","primary Table 3 mean ± SE, n=3; delta-method lnRR variance",A_primary_exact_table_mean_SE,A_primary_exact_table_mean_SE,,ADMIT_SEASONAL_MATCHED_FERTILIZER_SHARED_CONTROL,documented_or_reconstructed,all treatment arms share CK within season; eight seasons are repeated measures of the same 18 fixed plots; one independent trial,three biochar doses and plain straw share CK; eight repeated seasons; GWP and GHGI are derived related endpoints,,"seasonal soil CH4+N2O, 100-year AR5 factors; excludes biochar production and SOC change","AR5 100-year, CH4=28; N2O=265",,,intermittent flooding with midseason drainage,,"automated transcription from primary PDF Table 3 with season, arm and anchor assertions"
qin_2016_2015_late_BC2_vs_CK_GWP,qin_huizhou_2012_2015,10.1016/j.scitotenv.2016.06.222,Long-term effect of biochar application on yield-scaled greenhouse gas emissions in a rice paddy cropping system: A four-year case study in south China,Qin et al. 2016,2016,2015,China,"Huizhou Institute of Agricultural Sciences, Guangdong",23.1,114.5667,tropical,,rice,rice,late rice,wheat straw,biochar_return,GWP,kg CO2-eq ha-1 per rice season,BC2,CK (chemical fertilizer only),1111.68,1329.08,881.509938004,713.206561033,3,3,-0.178614588925,0.305577299155,-16.3571794023,qin_2016_2015_late_CK_GWP,"Table 3, p. 1395","primary Table 3 mean ± SE, n=3; delta-method lnRR variance",A_primary_exact_table_mean_SE,A_primary_exact_table_mean_SE,,ADMIT_SEASONAL_MATCHED_FERTILIZER_SHARED_CONTROL,documented_or_reconstructed,all treatment arms share CK within season; eight seasons are repeated measures of the same 18 fixed plots; one independent trial,three biochar doses and plain straw share CK; eight repeated seasons; GWP and GHGI are derived related endpoints,,"seasonal soil CH4+N2O, 100-year AR5 factors; excludes biochar production and SOC change","AR5 100-year, CH4=28; N2O=265",,,intermittent flooding with midseason drainage,,"automated transcription from primary PDF Table 3 with season, arm and anchor assertions"
qin_2016_2015_late_BC2_vs_CK_yield,qin_huizhou_2012_2015,10.1016/j.scitotenv.2016.06.222,Long-term effect of biochar application on yield-scaled greenhouse gas emissions in a rice paddy cropping system: A four-year case study in south China,Qin et al. 2016,2016,2015,China,"Huizhou Institute of Agricultural Sciences, Guangdong",23.1,114.5667,tropical,,rice,rice,late rice,wheat straw,biochar_return,yield,kg rice grain ha-1 per season,BC2,CK (chemical fertilizer only),5313.88,5412.15,1373.9319826,1540.13957809,3,3,-0.0183241608873,0.0492771227804,-1.81572942361,qin_2016_2015_late_CK_yield,"Table 3, p. 1395","primary Table 3 mean ± SE, n=3; delta-method lnRR variance",A_primary_exact_table_mean_SE,A_primary_exact_table_mean_SE,,ADMIT_SEASONAL_MATCHED_FERTILIZER_SHARED_CONTROL,documented_or_reconstructed,all treatment arms share CK within season; eight seasons are repeated measures of the same 18 fixed plots; one independent trial,three biochar doses and plain straw share CK; eight repeated seasons; GWP and GHGI are derived related endpoints,,,,,,intermittent flooding with midseason drainage,,"automated transcription from primary PDF Table 3 with season, arm and anchor assertions"
qin_2016_2015_late_BC2_vs_CK_GHGI,qin_huizhou_2012_2015,10.1016/j.scitotenv.2016.06.222,Long-term effect of biochar application on yield-scaled greenhouse gas emissions in a rice paddy cropping system: A four-year case study in south China,Qin et al. 2016,2016,2015,China,"Huizhou Institute of Agricultural Sciences, Guangdong",23.1,114.5667,tropical,,rice,rice,late rice,wheat straw,biochar_return,GHGI,kg CO2-eq kg-1 rice grain,BC2,CK (chemical fertilizer only),0.21,0.25,0.173205080757,0.138564064606,3,3,-0.174353387145,0.329157369615,-16,qin_2016_2015_late_CK_GHGI,"Table 3, p. 1395","primary Table 3 mean ± SE, n=3; delta-method lnRR variance",A_primary_exact_table_mean_SE,A_primary_exact_table_mean_SE,,ADMIT_SEASONAL_MATCHED_FERTILIZER_SHARED_CONTROL,documented_or_reconstructed,all treatment arms share CK within season; eight seasons are repeated measures of the same 18 fixed plots; one independent trial,three biochar doses and plain straw share CK; eight repeated seasons; GWP and GHGI are derived related endpoints,,"seasonal soil CH4+N2O, 100-year AR5 factors; excludes biochar production and SOC change","AR5 100-year, CH4=28; N2O=265",,,intermittent flooding with midseason drainage,,"automated transcription from primary PDF Table 3 with season, arm and anchor assertions"
qin_2016_2015_late_BC3_vs_CK_GWP,qin_huizhou_2012_2015,10.1016/j.scitotenv.2016.06.222,Long-term effect of biochar application on yield-scaled greenhouse gas emissions in a rice paddy cropping system: A four-year case study in south China,Qin et al. 2016,2016,2015,China,"Huizhou Institute of Agricultural Sciences, Guangdong",23.1,114.5667,tropical,,rice,rice,late rice,wheat straw,biochar_return,GWP,kg CO2-eq ha-1 per rice season,BC3,CK (chemical fertilizer only),918.59,1329.08,393.902994657,713.206561033,3,3,-0.369402366836,0.157279261791,-30.8852740241,qin_2016_2015_late_CK_GWP,"Table 3, p. 1395","primary Table 3 mean ± SE, n=3; delta-method lnRR variance",A_primary_exact_table_mean_SE,A_primary_exact_table_mean_SE,,ADMIT_SEASONAL_MATCHED_FERTILIZER_SHARED_CONTROL,documented_or_reconstructed,all treatment arms share CK within season; eight seasons are repeated measures of the same 18 fixed plots; one independent trial,three biochar doses and plain straw share CK; eight repeated seasons; GWP and GHGI are derived related endpoints,,"seasonal soil CH4+N2O, 100-year AR5 factors; excludes biochar production and SOC change","AR5 100-year, CH4=28; N2O=265",,,intermittent flooding with midseason drainage,,"automated transcription from primary PDF Table 3 with season, arm and anchor assertions"
qin_2016_2015_late_BC3_vs_CK_yield,qin_huizhou_2012_2015,10.1016/j.scitotenv.2016.06.222,Long-term effect of biochar application on yield-scaled greenhouse gas emissions in a rice paddy cropping system: A four-year case study in south China,Qin et al. 2016,2016,2015,China,"Huizhou Institute of Agricultural Sciences, Guangdong",23.1,114.5667,tropical,,rice,rice,late rice,wheat straw,biochar_return,yield,kg rice grain ha-1 per season,BC3,CK (chemical fertilizer only),5942.53,5412.15,1471.63696865,1540.13957809,3,3,0.0934885425091,0.0474361614388,9.79980229668,qin_2016_2015_late_CK_yield,"Table 3, p. 1395","primary Table 3 mean ± SE, n=3; delta-method lnRR variance",A_primary_exact_table_mean_SE,A_primary_exact_table_mean_SE,,ADMIT_SEASONAL_MATCHED_FERTILIZER_SHARED_CONTROL,documented_or_reconstructed,all treatment arms share CK within season; eight seasons are repeated measures of the same 18 fixed plots; one independent trial,three biochar doses and plain straw share CK; eight repeated seasons; GWP and GHGI are derived related endpoints,,,,,,intermittent flooding with midseason drainage,,"automated transcription from primary PDF Table 3 with season, arm and anchor assertions"
qin_2016_2015_late_BC3_vs_CK_GHGI,qin_huizhou_2012_2015,10.1016/j.scitotenv.2016.06.222,Long-term effect of biochar application on yield-scaled greenhouse gas emissions in a rice paddy cropping system: A four-year case study in south China,Qin et al. 2016,2016,2015,China,"Huizhou Institute of Agricultural Sciences, Guangdong",23.1,114.5667,tropical,,rice,rice,late rice,wheat straw,biochar_return,GHGI,kg CO2-eq kg-1 rice grain,BC3,CK (chemical fertilizer only),0.15,0.25,0.0692820323028,0.138564064606,3,3,-0.510825623766,0.173511111111,-40,qin_2016_2015_late_CK_GHGI,"Table 3, p. 1395","primary Table 3 mean ± SE, n=3; delta-method lnRR variance",A_primary_exact_table_mean_SE,A_primary_exact_table_mean_SE,,ADMIT_SEASONAL_MATCHED_FERTILIZER_SHARED_CONTROL,documented_or_reconstructed,all treatment arms share CK within season; eight seasons are repeated measures of the same 18 fixed plots; one independent trial,three biochar doses and plain straw share CK; eight repeated seasons; GWP and GHGI are derived related endpoints,,"seasonal soil CH4+N2O, 100-year AR5 factors; excludes biochar production and SOC change","AR5 100-year, CH4=28; N2O=265",,,intermittent flooding with midseason drainage,,"automated transcription from primary PDF Table 3 with season, arm and anchor assertions"
qin_2016_2015_late_RS_vs_CK_GWP,qin_huizhou_2012_2015,10.1016/j.scitotenv.2016.06.222,Long-term effect of biochar application on yield-scaled greenhouse gas emissions in a rice paddy cropping system: A four-year case study in south China,Qin et al. 2016,2016,2015,China,"Huizhou Institute of Agricultural Sciences, Guangdong",23.1,114.5667,tropical,,rice,rice,late rice,,direct_return,GWP,kg CO2-eq ha-1 per rice season,RS,CK (chemical fertilizer only),3246.18,1329.08,1146.13266038,713.206561033,3,3,0.892991946865,0.137538927842,144.242634002,qin_2016_2015_late_CK_GWP,"Table 3, p. 1395","primary Table 3 mean ± SE, n=3; delta-method lnRR variance",A_primary_exact_table_mean_SE,A_primary_exact_table_mean_SE,,ADMIT_SEASONAL_MATCHED_FERTILIZER_SHARED_CONTROL,documented_or_reconstructed,all treatment arms share CK within season; eight seasons are repeated measures of the same 18 fixed plots; one independent trial,three biochar doses and plain straw share CK; eight repeated seasons; GWP and GHGI are derived related endpoints,,"seasonal soil CH4+N2O, 100-year AR5 factors; excludes biochar production and SOC change","AR5 100-year, CH4=28; N2O=265",,,intermittent flooding with midseason drainage,,"automated transcription from primary PDF Table 3 with season, arm and anchor assertions"
qin_2016_2015_late_RS_vs_CK_yield,qin_huizhou_2012_2015,10.1016/j.scitotenv.2016.06.222,Long-term effect of biochar application on yield-scaled greenhouse gas emissions in a rice paddy cropping system: A four-year case study in south China,Qin et al. 2016,2016,2015,China,"Huizhou Institute of Agricultural Sciences, Guangdong",23.1,114.5667,tropical,,rice,rice,late rice,,direct_return,yield,kg rice grain ha-1 per season,RS,CK (chemical fertilizer only),5386.14,5412.15,1518.02128928,1540.13957809,3,3,-0.00481743874312,0.0534711389031,-0.48058534963,qin_2016_2015_late_CK_yield,"Table 3, p. 1395","primary Table 3 mean ± SE, n=3; delta-method lnRR variance",A_primary_exact_table_mean_SE,A_primary_exact_table_mean_SE,,ADMIT_SEASONAL_MATCHED_FERTILIZER_SHARED_CONTROL,documented_or_reconstructed,all treatment arms share CK within season; eight seasons are repeated measures of the same 18 fixed plots; one independent trial,three biochar doses and plain straw share CK; eight repeated seasons; GWP and GHGI are derived related endpoints,,,,,,intermittent flooding with midseason drainage,,"automated transcription from primary PDF Table 3 with season, arm and anchor assertions"
qin_2016_2015_late_RS_vs_CK_GHGI,qin_huizhou_2012_2015,10.1016/j.scitotenv.2016.06.222,Long-term effect of biochar application on yield-scaled greenhouse gas emissions in a rice paddy cropping system: A four-year case study in south China,Qin et al. 2016,2016,2015,China,"Huizhou Institute of Agricultural Sciences, Guangdong",23.1,114.5667,tropical,,rice,rice,late rice,,direct_return,GHGI,kg CO2-eq kg-1 rice grain,RS,CK (chemical fertilizer only),0.6,0.25,0.207846096908,0.138564064606,3,3,0.875468737354,0.1424,140,qin_2016_2015_late_CK_GHGI,"Table 3, p. 1395","primary Table 3 mean ± SE, n=3; delta-method lnRR variance",A_primary_exact_table_mean_SE,A_primary_exact_table_mean_SE,,ADMIT_SEASONAL_MATCHED_FERTILIZER_SHARED_CONTROL,documented_or_reconstructed,all treatment arms share CK within season; eight seasons are repeated measures of the same 18 fixed plots; one independent trial,three biochar doses and plain straw share CK; eight repeated seasons; GWP and GHGI are derived related endpoints,,"seasonal soil CH4+N2O, 100-year AR5 factors; excludes biochar production and SOC change","AR5 100-year, CH4=28; N2O=265",,,intermittent flooding with midseason drainage,,"automated transcription from primary PDF Table 3 with season, arm and anchor assertions"
shittu_2006_burning_vs_baling_maize_yield_2001,shittu_ado_ekiti_2001_2002,10.1300/J064v28n02_05,"Comparative Effect of Different Residue Management on Maize Yield at Ado-Ekiti, Nigeria",Shittu and Fasina 2006,2006,2001,Nigeria,,7.3,5.3,tropical humid,,maize,,,,open_burning,yield,t ha-1 maize grain yield,plant residues burned in situ,plant residues baled and removed,3.2,3.8,0.623538290725,0.623538290725,3,3,-0.171850256927,0.0216313192521,-15.7894736842,,Table 3,Table 3 common grain-yield SE=0.36 t ha-1; residual SD=SE*sqrt(3 RCBD blocks),A_primary_exact_pair_reported_common_SE,A_primary_exact_pair_reported_common_SE,,ADMIT_MATCHED_IN_SITU_BURNING_VS_BALING; REPEATED_YEAR_DEPENDENCE_ENCODED,documented_or_reconstructed,same plots re-prepared and treatments re-imposed in year two; annual effects share one independent-study key,common SE applies to the grain-yield section of Table 3; retain a study-level deletion sensitivity,,annual maize grain yield after residue management; combustion emissions excluded,,,,,,
shittu_2006_burning_vs_baling_maize_yield_2002,shittu_ado_ekiti_2001_2002,10.1300/J064v28n02_05,"Comparative Effect of Different Residue Management on Maize Yield at Ado-Ekiti, Nigeria",Shittu and Fasina 2006,2006,2002,Nigeria,,7.3,5.3,tropical humid,,maize,,,,open_burning,yield,t ha-1 maize grain yield,plant residues burned in situ,plant residues baled and removed,3.1,2.1,0.623538290725,0.623538290725,3,3,0.389464766762,0.0428737072352,47.619047619,,Table 3,Table 3 common grain-yield SE=0.36 t ha-1; residual SD=SE*sqrt(3 RCBD blocks),A_primary_exact_pair_reported_common_SE,A_primary_exact_pair_reported_common_SE,,ADMIT_MATCHED_IN_SITU_BURNING_VS_BALING; REPEATED_YEAR_DEPENDENCE_ENCODED,documented_or_reconstructed,same plots re-prepared and treatments re-imposed in year two; annual effects share one independent-study key,common SE applies to the grain-yield section of Table 3; retain a study-level deletion sensitivity,,annual maize grain yield after residue management; combustion emissions excluded,,,,,,
rice_primary_rice_ext_pair_0013_yield,rice_primary_140,10.3390/agronomy13030880,Plough Tillage Maintains High Rice Yield and Lowers Greenhouse Gas Emissions under Straw Incorporation in Three Rice-Based Cropping Systems,Danso 2023,2023,2019,China,,,,D,Dwa,rice in rice-wheat cropping system,rice,,,direct_return,yield,kg ha-1 grain yield,RoT + S,RoT - S,7000,7700,900.666,207.846,3,3,-0.0953101798043,0.00576123598369,-9.09090909091,rice_ext_pair_0013_control,Table 2 (yield/GWP/GHGI); Figures 3 and 5 (CH4/N2O),primary reports mean ± SE (n=3); external extraction stores SD=SE*sqrt(3); sampling variance recomputed from matched arms,,,,ADMIT_MATCHED_TILLAGE_STRAW_CONTRAST,documented_or_reconstructed,multiple outcomes share an experimental contrast; cluster by experiment and study; do not treat outcomes or N strata as independent studies,crop and arms backfilled from primary Table 2; other outcomes not reconciled,primary_table_metadata_backfilled,,,,,Alternate_Wet_Dry,270.0,
rice_primary_rice_ext_pair_0013_CH4,rice_primary_140,10.3390/agronomy13030880,Plough Tillage Maintains High Rice Yield and Lowers Greenhouse Gas Emissions under Straw Incorporation in Three Rice-Based Cropping Systems,Danso 2023,2023,2019,China,,,,D,Dwa,,,,,direct_return,CH4,,,,948.571,268.572,29.692,9.897,3,3,1.26183760718,0.00077925331501,253.190578318,rice_ext_pair_0013_control,Table 2 (yield/GWP/GHGI); Figures 3 and 5 (CH4/N2O),primary reports mean ± SE (n=3); external extraction stores SD=SE*sqrt(3); sampling variance recomputed from matched arms,,,,ADMIT_MATCHED_TILLAGE_STRAW_CONTRAST,documented_or_reconstructed,multiple outcomes share an experimental contrast; cluster by experiment and study; do not treat outcomes or N strata as independent studies,,primary_non_yield_arm_and_value_recheck,,,,,Alternate_Wet_Dry,270.0,
rice_primary_rice_ext_pair_0013_N2O,rice_primary_140,10.3390/agronomy13030880,Plough Tillage Maintains High Rice Yield and Lowers Greenhouse Gas Emissions under Straw Incorporation in Three Rice-Based Cropping Systems,Danso 2023,2023,2019,China,,,,D,Dwa,,,,,direct_return,N2O,,,,3.265,2.211,1.738,1.532,3,3,0.389814860853,0.254488571629,47.670737223,rice_ext_pair_0013_control,Table 2 (yield/GWP/GHGI); Figures 3 and 5 (CH4/N2O),primary reports mean ± SE (n=3); external extraction stores SD=SE*sqrt(3); sampling variance recomputed from matched arms,,,,ADMIT_MATCHED_TILLAGE_STRAW_CONTRAST,documented_or_reconstructed,multiple outcomes share an experimental contrast; cluster by experiment and study; do not treat outcomes or N strata as independent studies,,primary_non_yield_arm_and_value_recheck,,,,,Alternate_Wet_Dry,270.0,
rice_primary_rice_ext_pair_0013_GWP,rice_primary_140,10.3390/agronomy13030880,Plough Tillage Maintains High Rice Yield and Lowers Greenhouse Gas Emissions under Straw Incorporation in Three Rice-Based Cropping Systems,Danso 2023,2023,2019,China,,,,D,Dwa,,,,,direct_return,GWP,,,,27356.569,8096.717,954.663,501.112,3,3,1.21749801197,0.00168275644417,237.872362341,rice_ext_pair_0013_control,Table 2 (yield/GWP/GHGI); Figures 3 and 5 (CH4/N2O),primary reports mean ± SE (n=3); external extraction stores SD=SE*sqrt(3); sampling variance recomputed from matched arms,,,,ADMIT_MATCHED_TILLAGE_STRAW_CONTRAST,documented_or_reconstructed,multiple outcomes share an experimental contrast; cluster by experiment and study; do not treat outcomes or N strata as independent studies,,primary_non_yield_arm_and_value_recheck,,,,,Alternate_Wet_Dry,270.0,
rice_primary_rice_ext_pair_0013_GHGI,rice_primary_140,10.3390/agronomy13030880,Plough Tillage Maintains High Rice Yield and Lowers Greenhouse Gas Emissions under Straw Incorporation in Three Rice-Based Cropping Systems,Danso 2023,2023,2019,China,,,,D,Dwa,,,,,direct_return,GHGI,,,,3.908,1.052,0.521,0.071,3,3,1.31233261987,0.00744273193869,271.482889734,rice_ext_pair_0013_control,Table 2 (yield/GWP/GHGI); Figures 3 and 5 (CH4/N2O),primary reports mean ± SE (n=3); external extraction stores SD=SE*sqrt(3); sampling variance recomputed from matched arms,,,,ADMIT_MATCHED_TILLAGE_STRAW_CONTRAST,documented_or_reconstructed,multiple outcomes share an experimental contrast; cluster by experiment and study; do not treat outcomes or N strata as independent studies,,primary_non_yield_arm_and_value_recheck,,,,,Alternate_Wet_Dry,270.0,
rice_primary_rice_ext_pair_0014_yield,rice_primary_140,10.3390/agronomy13030880,Plough Tillage Maintains High Rice Yield and Lowers Greenhouse Gas Emissions under Straw Incorporation in Three Rice-Based Cropping Systems,Danso 2023,2023,2019,China,,,,D,Dwa,single rice,rice,,,direct_return,yield,kg ha-1 grain yield,PT + S,PT - S,9100,8800,363.731,225.167,3,3,0.0335226920386,0.000750779582999,3.40909090909,rice_ext_pair_0014_control,Table 2 (yield/GWP/GHGI); Figures 3 and 5 (CH4/N2O),primary reports mean ± SE (n=3); external extraction stores SD=SE*sqrt(3); sampling variance recomputed from matched arms,,,,ADMIT_MATCHED_TILLAGE_STRAW_CONTRAST,documented_or_reconstructed,multiple outcomes share an experimental contrast; cluster by experiment and study; do not treat outcomes or N strata as independent studies,crop and arms backfilled from primary Table 2; other outcomes not reconciled,primary_table_metadata_backfilled,,,,,Continuous_Flooding,180.0,
rice_primary_rice_ext_pair_0014_CH4,rice_primary_140,10.3390/agronomy13030880,Plough Tillage Maintains High Rice Yield and Lowers Greenhouse Gas Emissions under Straw Incorporation in Three Rice-Based Cropping Systems,Danso 2023,2023,2019,China,,,,D,Dwa,,,,,direct_return,CH4,,,,257.143,222.857,49.487,19.795,3,3,0.143102040222,0.0149754701667,15.3847534518,rice_ext_pair_0014_control,Table 2 (yield/GWP/GHGI); Figures 3 and 5 (CH4/N2O),primary reports mean ± SE (n=3); external extraction stores SD=SE*sqrt(3); sampling variance recomputed from matched arms,,,,ADMIT_MATCHED_TILLAGE_STRAW_CONTRAST,documented_or_reconstructed,multiple outcomes share an experimental contrast; cluster by experiment and study; do not treat outcomes or N strata as independent studies,,primary_non_yield_arm_and_value_recheck,,,,,Continuous_Flooding,180.0,
rice_primary_rice_ext_pair_0014_N2O,rice_primary_140,10.3390/agronomy13030880,Plough Tillage Maintains High Rice Yield and Lowers Greenhouse Gas Emissions under Straw Incorporation in Three Rice-Based Cropping Systems,Danso 2023,2023,2019,China,,,,D,Dwa,,,,,direct_return,N2O,,,,0.187,0.238,0.059,0.265,3,3,-0.241162056817,0.446435307229,-21.4285714286,rice_ext_pair_0014_control,Table 2 (yield/GWP/GHGI); Figures 3 and 5 (CH4/N2O),primary reports mean ± SE (n=3); external extraction stores SD=SE*sqrt(3); sampling variance recomputed from matched arms,,,,ADMIT_MATCHED_TILLAGE_STRAW_CONTRAST,documented_or_reconstructed,multiple outcomes share an experimental contrast; cluster by experiment and study; do not treat outcomes or N strata as independent studies,,primary_non_yield_arm_and_value_recheck,,,,,Continuous_Flooding,180.0,
rice_primary_rice_ext_pair_0014_GWP,rice_primary_140,10.3390/agronomy13030880,Plough Tillage Maintains High Rice Yield and Lowers Greenhouse Gas Emissions under Straw Incorporation in Three Rice-Based Cropping Systems,Danso 2023,2023,2019,China,,,,D,Dwa,,,,,direct_return,GWP,,,,7225.357,6282.714,1380.79,557.003,3,3,0.139794591814,0.0147934856532,15.0037547468,rice_ext_pair_0014_control,Table 2 (yield/GWP/GHGI); Figures 3 and 5 (CH4/N2O),primary reports mean ± SE (n=3); external extraction stores SD=SE*sqrt(3); sampling variance recomputed from matched arms,,,,ADMIT_MATCHED_TILLAGE_STRAW_CONTRAST,documented_or_reconstructed,multiple outcomes share an experimental contrast; cluster by experiment and study; do not treat outcomes or N strata as independent studies,,primary_non_yield_arm_and_value_recheck,,,,,Continuous_Flooding,180.0,
rice_primary_rice_ext_pair_0014_GHGI,rice_primary_140,10.3390/agronomy13030880,Plough Tillage Maintains High Rice Yield and Lowers Greenhouse Gas Emissions under Straw Incorporation in Three Rice-Based Cropping Systems,Danso 2023,2023,2019,China,,,,D,Dwa,,,,,direct_return,GHGI,,,,0.794,0.714,0.155,0.066,3,3,0.106200498908,0.0155510471363,11.2044817927,rice_ext_pair_0014_control,Table 2 (yield/GWP/GHGI); Figures 3 and 5 (CH4/N2O),primary reports mean ± SE (n=3); external extraction stores SD=SE*sqrt(3); sampling variance recomputed from matched arms,,,,ADMIT_MATCHED_TILLAGE_STRAW_CONTRAST,documented_or_reconstructed,multiple outcomes share an experimental contrast; cluster by experiment and study; do not treat outcomes or N strata as independent studies,,primary_non_yield_arm_and_value_recheck,,,,,Continuous_Flooding,180.0,
rice_primary_rice_ext_pair_0015_yield,rice_primary_140,10.3390/agronomy13030880,Plough Tillage Maintains High Rice Yield and Lowers Greenhouse Gas Emissions under Straw Incorporation in Three Rice-Based Cropping Systems,Danso 2023,2023,2019,China,,,,D,Dwa,double rice,rice,Late_Season,,direct_return,yield,kg ha-1 grain yield,RoT + S,RoT - S,8200,9100,536.936,900.666,3,3,-0.104140259253,0.00469451321088,-9.89010989011,rice_ext_pair_0015_control,Table 2 (yield/GWP/GHGI); Figures 3 and 5 (CH4/N2O),primary reports mean ± SE (n=3); external extraction stores SD=SE*sqrt(3); sampling variance recomputed from matched arms,,,,ADMIT_MATCHED_TILLAGE_STRAW_CONTRAST,documented_or_reconstructed,multiple outcomes share an experimental contrast; cluster by experiment and study; do not treat outcomes or N strata as independent studies,crop and arms backfilled from primary Table 2; other outcomes not reconciled,primary_table_metadata_backfilled,,,,,Continuous_Flooding,195.0,
rice_primary_rice_ext_pair_0015_CH4,rice_primary_140,10.3390/agronomy13030880,Plough Tillage Maintains High Rice Yield and Lowers Greenhouse Gas Emissions under Straw Incorporation in Three Rice-Based Cropping Systems,Danso 2023,2023,2019,China,,,,D,Dwa,,,Late_Season,,direct_return,CH4,,,,1748.571,977.143,158.359,237.538,3,3,0.581921154153,0.0224322921369,78.9472983995,rice_ext_pair_0015_control,Table 2 (yield/GWP/GHGI); Figures 3 and 5 (CH4/N2O),primary reports mean ± SE (n=3); external extraction stores SD=SE*sqrt(3); sampling variance recomputed from matched arms,,,,ADMIT_MATCHED_TILLAGE_STRAW_CONTRAST,documented_or_reconstructed,multiple outcomes share an experimental contrast; cluster by experiment and study; do not treat outcomes or N strata as independent studies,,primary_non_yield_arm_and_value_recheck,,,,,Continuous_Flooding,195.0,
rice_primary_rice_ext_pair_0015_N2O,rice_primary_140,10.3390/agronomy13030880,Plough Tillage Maintains High Rice Yield and Lowers Greenhouse Gas Emissions under Straw Incorporation in Three Rice-Based Cropping Systems,Danso 2023,2023,2019,China,,,,D,Dwa,,,Late_Season,,direct_return,N2O,,,,2.704,0.663,1.708,1.62,3,3,1.40571244698,2.12312801518,307.843137255,rice_ext_pair_0015_control,Table 2 (yield/GWP/GHGI); Figures 3 and 5 (CH4/N2O),primary reports mean ± SE (n=3); external extraction stores SD=SE*sqrt(3); sampling variance recomputed from matched arms,,,,ADMIT_MATCHED_TILLAGE_STRAW_CONTRAST,documented_or_reconstructed,multiple outcomes share an experimental contrast; cluster by experiment and study; do not treat outcomes or N strata as independent studies,,primary_non_yield_arm_and_value_recheck,,,,,Continuous_Flooding,195.0,
rice_primary_rice_ext_pair_0015_GWP,rice_primary_140,10.3390/agronomy13030880,Plough Tillage Maintains High Rice Yield and Lowers Greenhouse Gas Emissions under Straw Incorporation in Three Rice-Based Cropping Systems,Danso 2023,2023,2019,China,,,,D,Dwa,,,Late_Season,,direct_return,GWP,,,,49523.357,27443.357,4442.761,6642.064,3,3,0.590320281845,0.0222085226587,80.4566292673,rice_ext_pair_0015_control,Table 2 (yield/GWP/GHGI); Figures 3 and 5 (CH4/N2O),primary reports mean ± SE (n=3); external extraction stores SD=SE*sqrt(3); sampling variance recomputed from matched arms,,,,ADMIT_MATCHED_TILLAGE_STRAW_CONTRAST,documented_or_reconstructed,multiple outcomes share an experimental contrast; cluster by experiment and study; do not treat outcomes or N strata as independent studies,,primary_non_yield_arm_and_value_recheck,,,,,Continuous_Flooding,195.0,
rice_primary_rice_ext_pair_0015_GHGI,rice_primary_140,10.3390/agronomy13030880,Plough Tillage Maintains High Rice Yield and Lowers Greenhouse Gas Emissions under Straw Incorporation in Three Rice-Based Cropping Systems,Danso 2023,2023,2019,China,,,,D,Dwa,,,Late_Season,,direct_return,GHGI,,,,6.039,3.016,0.671,0.789,3,3,0.69430698518,0.0269275790241,100.232095491,rice_ext_pair_0015_control,Table 2 (yield/GWP/GHGI); Figures 3 and 5 (CH4/N2O),primary reports mean ± SE (n=3); external extraction stores SD=SE*sqrt(3); sampling variance recomputed from matched arms,,,,ADMIT_MATCHED_TILLAGE_STRAW_CONTRAST,documented_or_reconstructed,multiple outcomes share an experimental contrast; cluster by experiment and study; do not treat outcomes or N strata as independent studies,,primary_non_yield_arm_and_value_recheck,,,,,Continuous_Flooding,195.0,
rice_primary_rice_ext_pair_0117_yield,rice_primary_164,10.1007/s10333-021-00877-0,Improved water and rice residue managements reduce greenhouse gas emissions from paddy soil and increase rice yields,Hung 2022,2022,2017,Vietnam,,,,C,Cwa,,,Summer,,open_burning,yield,,,,4483,3614,239,303,3,3,0.215477273003,0.0032904912244,24.0453790814,rice_ext_pair_0117_control,Table 3 (CH4/N2O); Table 4 (yield/GWP/GHGI),"primary tables report mean +/- SD, n=3",A_primary_exact_pair_field_soil_boundary,A_primary_exact_pair_field_soil_boundary,,ADMIT_EXACT_WATER_AND_SEASON_PAIR; EMISSIONS_ARE_FIELD_SOIL_BOUNDARY,documented_or_reconstructed,cluster four season-water strata within one study,,,crop harvest,,,,Alternate_Wet_Dry,120.0,
rice_primary_rice_ext_pair_0117_CH4,rice_primary_164,10.1007/s10333-021-00877-0,Improved water and rice residue managements reduce greenhouse gas emissions from paddy soil and increase rice yields,Hung 2022,2022,2017,Vietnam,,,,C,Cwa,,,Summer,,open_burning,CH4,,,,93.79,87.7,14.41,7.61,3,3,0.0671363411427,0.0103783869348,6.9441277081,rice_ext_pair_0117_control,Table 3 (CH4/N2O); Table 4 (yield/GWP/GHGI),"primary tables report mean +/- SD, n=3",A_primary_exact_pair_field_soil_boundary,A_primary_exact_pair_field_soil_boundary,,ADMIT_EXACT_WATER_AND_SEASON_PAIR; EMISSIONS_ARE_FIELD_SOIL_BOUNDARY,documented_or_reconstructed,cluster four season-water strata within one study,,,paddy soil emissions after burning; combustion pulse excluded,,,,Alternate_Wet_Dry,120.0,
rice_primary_rice_ext_pair_0117_N2O,rice_primary_164,10.1007/s10333-021-00877-0,Improved water and rice residue managements reduce greenhouse gas emissions from paddy soil and increase rice yields,Hung 2022,2022,2017,Vietnam,,,,C,Cwa,,,Summer,,open_burning,N2O,,,,0.38,0.36,0.04,0.24,3,3,0.0540672212703,0.151841592285,5.55555555556,rice_ext_pair_0117_control,Table 3 (CH4/N2O); Table 4 (yield/GWP/GHGI),"primary tables report mean +/- SD, n=3",A_primary_exact_pair_field_soil_boundary,A_primary_exact_pair_field_soil_boundary,,ADMIT_EXACT_WATER_AND_SEASON_PAIR; EMISSIONS_ARE_FIELD_SOIL_BOUNDARY,documented_or_reconstructed,cluster four season-water strata within one study,,,paddy soil emissions after burning; combustion pulse excluded,,,,Alternate_Wet_Dry,120.0,
rice_primary_rice_ext_pair_0117_GWP,rice_primary_164,10.1007/s10333-021-00877-0,Improved water and rice residue managements reduce greenhouse gas emissions from paddy soil and increase rice yields,Hung 2022,2022,2017,Vietnam,,,,C,Cwa,,,Summer,,open_burning,GWP,,,,3303,3173,506,248,3,3,0.0401536338076,0.00985910823058,4.09706901986,rice_ext_pair_0117_control,Table 3 (CH4/N2O); Table 4 (yield/GWP/GHGI),"primary tables report mean +/- SD, n=3",A_primary_exact_pair_field_soil_boundary,A_primary_exact_pair_field_soil_boundary,,ADMIT_EXACT_WATER_AND_SEASON_PAIR; EMISSIONS_ARE_FIELD_SOIL_BOUNDARY,documented_or_reconstructed,cluster four season-water strata within one study,,,paddy soil CH4+N2O; combustion pulse excluded,,,,Alternate_Wet_Dry,120.0,
rice_primary_rice_ext_pair_0117_GHGI,rice_primary_164,10.1007/s10333-021-00877-0,Improved water and rice residue managements reduce greenhouse gas emissions from paddy soil and increase rice yields,Hung 2022,2022,2017,Vietnam,,,,C,Cwa,,,Summer,,open_burning,GHGI,,,,0.74,0.88,0.12,0.14,3,3,-0.173271721274,0.0172021613975,-15.9090909091,rice_ext_pair_0117_control,Table 3 (CH4/N2O); Table 4 (yield/GWP/GHGI),"primary tables report mean +/- SD, n=3",A_primary_exact_pair_field_soil_boundary,A_primary_exact_pair_field_soil_boundary,,ADMIT_EXACT_WATER_AND_SEASON_PAIR; EMISSIONS_ARE_FIELD_SOIL_BOUNDARY,documented_or_reconstructed,cluster four season-water strata within one study,,,paddy soil GWP per grain yield; combustion pulse excluded,,,,Alternate_Wet_Dry,120.0,
rice_primary_rice_ext_pair_0118_yield,rice_primary_164,10.1007/s10333-021-00877-0,Improved water and rice residue managements reduce greenhouse gas emissions from paddy soil and increase rice yields,Hung 2022,2022,2017,Vietnam,,,,C,Cwa,,,Summer,,open_burning,yield,,,,4521,3721,335,257,3,3,0.194740758948,0.00342030779326,21.4995968826,rice_ext_pair_0118_control,Table 3 (CH4/N2O); Table 4 (yield/GWP/GHGI),"primary tables report mean +/- SD, n=3",A_primary_exact_pair_field_soil_boundary,A_primary_exact_pair_field_soil_boundary,,ADMIT_EXACT_WATER_AND_SEASON_PAIR; EMISSIONS_ARE_FIELD_SOIL_BOUNDARY,documented_or_reconstructed,cluster four season-water strata within one study,,,crop harvest,,,,Continuous_Flooding,120.0,
rice_primary_rice_ext_pair_0118_CH4,rice_primary_164,10.1007/s10333-021-00877-0,Improved water and rice residue managements reduce greenhouse gas emissions from paddy soil and increase rice yields,Hung 2022,2022,2017,Vietnam,,,,C,Cwa,,,Summer,,open_burning,CH4,,,,128.79,110.01,2.04,17.98,3,3,0.157611900153,0.00898780957339,17.0711753477,rice_ext_pair_0118_control,Table 3 (CH4/N2O); Table 4 (yield/GWP/GHGI),"primary tables report mean +/- SD, n=3",A_primary_exact_pair_field_soil_boundary,A_primary_exact_pair_field_soil_boundary,,ADMIT_EXACT_WATER_AND_SEASON_PAIR; EMISSIONS_ARE_FIELD_SOIL_BOUNDARY,documented_or_reconstructed,cluster four season-water strata within one study,,,paddy soil emissions after burning; combustion pulse excluded,,,,Continuous_Flooding,120.0,
rice_primary_rice_ext_pair_0118_N2O,rice_primary_164,10.1007/s10333-021-00877-0,Improved water and rice residue managements reduce greenhouse gas emissions from paddy soil and increase rice yields,Hung 2022,2022,2017,Vietnam,,,,C,Cwa,,,Summer,,open_burning,N2O,,,,0.37,0.62,0.06,0.5,3,3,-0.516216472401,0.225553590264,-40.3225806452,rice_ext_pair_0118_control,Table 3 (CH4/N2O); Table 4 (yield/GWP/GHGI),"primary tables report mean +/- SD, n=3",A_primary_exact_pair_field_soil_boundary,A_primary_exact_pair_field_soil_boundary,,ADMIT_EXACT_WATER_AND_SEASON_PAIR; EMISSIONS_ARE_FIELD_SOIL_BOUNDARY,documented_or_reconstructed,cluster four season-water strata within one study,,,paddy soil emissions after burning; combustion pulse excluded,,,,Continuous_Flooding,120.0,
rice_primary_rice_ext_pair_0118_GWP,rice_primary_164,10.1007/s10333-021-00877-0,Improved water and rice residue managements reduce greenhouse gas emissions from paddy soil and increase rice yields,Hung 2022,2022,2017,Vietnam,,,,C,Cwa,,,Summer,,open_burning,GWP,,,,4522,3853,528,632,3,3,0.160102308212,0.0135128915919,17.3630936932,rice_ext_pair_0118_control,Table 3 (CH4/N2O); Table 4 (yield/GWP/GHGI),"primary tables report mean +/- SD, n=3",A_primary_exact_pair_field_soil_boundary,A_primary_exact_pair_field_soil_boundary,,ADMIT_EXACT_WATER_AND_SEASON_PAIR; EMISSIONS_ARE_FIELD_SOIL_BOUNDARY,documented_or_reconstructed,cluster four season-water strata within one study,,,paddy soil CH4+N2O; combustion pulse excluded,,,,Continuous_Flooding,120.0,
rice_primary_rice_ext_pair_0118_GHGI,rice_primary_164,10.1007/s10333-021-00877-0,Improved water and rice residue managements reduce greenhouse gas emissions from paddy soil and increase rice yields,Hung 2022,2022,2017,Vietnam,,,,C,Cwa,,,Summer,,open_burning,GHGI,,,,1,1.05,0.19,0.24,3,3,-0.0487901641694,0.0294482993197,-4.7619047619,rice_ext_pair_0118_control,Table 3 (CH4/N2O); Table 4 (yield/GWP/GHGI),"primary tables report mean +/- SD, n=3",A_primary_exact_pair_field_soil_boundary,A_primary_exact_pair_field_soil_boundary,,ADMIT_EXACT_WATER_AND_SEASON_PAIR; EMISSIONS_ARE_FIELD_SOIL_BOUNDARY,documented_or_reconstructed,cluster four season-water strata within one study,,,paddy soil GWP per grain yield; combustion pulse excluded,,,,Continuous_Flooding,120.0,
rice_primary_rice_ext_pair_0119_yield,rice_primary_164,10.1007/s10333-021-00877-0,Improved water and rice residue managements reduce greenhouse gas emissions from paddy soil and increase rice yields,Hung 2022,2022,2017,Vietnam,,,,C,Cwa,,,Spring,,open_burning,yield,,,,5944,5450,120,156,3,3,0.0867666987403,0.000408965829618,9.06422018349,rice_ext_pair_0119_control,Table 3 (CH4/N2O); Table 4 (yield/GWP/GHGI),"primary tables report mean +/- SD, n=3",A_primary_exact_pair_field_soil_boundary,A_primary_exact_pair_field_soil_boundary,,ADMIT_EXACT_WATER_AND_SEASON_PAIR; EMISSIONS_ARE_FIELD_SOIL_BOUNDARY,documented_or_reconstructed,cluster four season-water strata within one study,,,crop harvest,,,,Alternate_Wet_Dry,150.0,
rice_primary_rice_ext_pair_0119_CH4,rice_primary_164,10.1007/s10333-021-00877-0,Improved water and rice residue managements reduce greenhouse gas emissions from paddy soil and increase rice yields,Hung 2022,2022,2017,Vietnam,,,,C,Cwa,,,Spring,,open_burning,CH4,,,,59.25,61.17,8.44,7.44,3,3,-0.0318910932392,0.0116948840418,-3.13879352624,rice_ext_pair_0119_control,Table 3 (CH4/N2O); Table 4 (yield/GWP/GHGI),"primary tables report mean +/- SD, n=3",A_primary_exact_pair_field_soil_boundary,A_primary_exact_pair_field_soil_boundary,,ADMIT_EXACT_WATER_AND_SEASON_PAIR; EMISSIONS_ARE_FIELD_SOIL_BOUNDARY,documented_or_reconstructed,cluster four season-water strata within one study,,,paddy soil emissions after burning; combustion pulse excluded,,,,Alternate_Wet_Dry,150.0,
rice_primary_rice_ext_pair_0119_N2O,rice_primary_164,10.1007/s10333-021-00877-0,Improved water and rice residue managements reduce greenhouse gas emissions from paddy soil and increase rice yields,Hung 2022,2022,2017,Vietnam,,,,C,Cwa,,,Spring,,open_burning,N2O,,,,0.79,0.82,0.09,0.45,3,3,-0.0372713947972,0.104712904369,-3.65853658537,rice_ext_pair_0119_control,Table 3 (CH4/N2O); Table 4 (yield/GWP/GHGI),"primary tables report mean +/- SD, n=3",A_primary_exact_pair_field_soil_boundary,A_primary_exact_pair_field_soil_boundary,,ADMIT_EXACT_WATER_AND_SEASON_PAIR; EMISSIONS_ARE_FIELD_SOIL_BOUNDARY,documented_or_reconstructed,cluster four season-water strata within one study,,,paddy soil emissions after burning; combustion pulse excluded,,,,Alternate_Wet_Dry,150.0,
rice_primary_rice_ext_pair_0119_GWP,rice_primary_164,10.1007/s10333-021-00877-0,Improved water and rice residue managements reduce greenhouse gas emissions from paddy soil and increase rice yields,Hung 2022,2022,2017,Vietnam,,,,C,Cwa,,,Spring,,open_burning,GWP,,,,2362,2333,305,137,3,3,0.0123537247359,0.00670745205555,1.24303471925,rice_ext_pair_0119_control,Table 3 (CH4/N2O); Table 4 (yield/GWP/GHGI),"primary tables report mean +/- SD, n=3",A_primary_exact_pair_field_soil_boundary,A_primary_exact_pair_field_soil_boundary,,ADMIT_EXACT_WATER_AND_SEASON_PAIR; EMISSIONS_ARE_FIELD_SOIL_BOUNDARY,documented_or_reconstructed,cluster four season-water strata within one study,,,paddy soil CH4+N2O; combustion pulse excluded,,,,Alternate_Wet_Dry,150.0,
rice_primary_rice_ext_pair_0119_GHGI,rice_primary_164,10.1007/s10333-021-00877-0,Improved water and rice residue managements reduce greenhouse gas emissions from paddy soil and increase rice yields,Hung 2022,2022,2017,Vietnam,,,,C,Cwa,,,Spring,,open_burning,GHGI,,,,0.4,0.42,0.05,0.01,3,3,-0.0487901641694,0.00539729780801,-4.7619047619,rice_ext_pair_0119_control,Table 3 (CH4/N2O); Table 4 (yield/GWP/GHGI),"primary tables report mean +/- SD, n=3",A_primary_exact_pair_field_soil_boundary,A_primary_exact_pair_field_soil_boundary,,ADMIT_EXACT_WATER_AND_SEASON_PAIR; EMISSIONS_ARE_FIELD_SOIL_BOUNDARY,documented_or_reconstructed,cluster four season-water strata within one study,,,paddy soil GWP per grain yield; combustion pulse excluded,,,,Alternate_Wet_Dry,150.0,
rice_primary_rice_ext_pair_0120_yield,rice_primary_164,10.1007/s10333-021-00877-0,Improved water and rice residue managements reduce greenhouse gas emissions from paddy soil and increase rice yields,Hung 2022,2022,2017,Vietnam,,,,C,Cwa,,,Spring,,open_burning,yield,,,,5868,5443,81,82,3,3,0.0751834808287,0.000139167501343,7.80819401066,rice_ext_pair_0120_control,Table 3 (CH4/N2O); Table 4 (yield/GWP/GHGI),"primary tables report mean +/- SD, n=3",A_primary_exact_pair_field_soil_boundary,A_primary_exact_pair_field_soil_boundary,,ADMIT_EXACT_WATER_AND_SEASON_PAIR; EMISSIONS_ARE_FIELD_SOIL_BOUNDARY,documented_or_reconstructed,cluster four season-water strata within one study,,,crop harvest,,,,Continuous_Flooding,150.0,
rice_primary_rice_ext_pair_0120_CH4,rice_primary_164,10.1007/s10333-021-00877-0,Improved water and rice residue managements reduce greenhouse gas emissions from paddy soil and increase rice yields,Hung 2022,2022,2017,Vietnam,,,,C,Cwa,,,Spring,,open_burning,CH4,,,,112.24,103.7,2.28,4.5,3,3,0.0791373205587,0.000765239151629,8.23529411765,rice_ext_pair_0120_control,Table 3 (CH4/N2O); Table 4 (yield/GWP/GHGI),"primary tables report mean +/- SD, n=3",A_primary_exact_pair_field_soil_boundary,A_primary_exact_pair_field_soil_boundary,,ADMIT_EXACT_WATER_AND_SEASON_PAIR; EMISSIONS_ARE_FIELD_SOIL_BOUNDARY,documented_or_reconstructed,cluster four season-water strata within one study,,,paddy soil emissions after burning; combustion pulse excluded,,,,Continuous_Flooding,150.0,
rice_primary_rice_ext_pair_0120_N2O,rice_primary_164,10.1007/s10333-021-00877-0,Improved water and rice residue managements reduce greenhouse gas emissions from paddy soil and increase rice yields,Hung 2022,2022,2017,Vietnam,,,,C,Cwa,,,Spring,,open_burning,N2O,,,,0.46,0.37,0.21,0.25,3,3,0.217723483845,0.221649905666,24.3243243243,rice_ext_pair_0120_control,Table 3 (CH4/N2O); Table 4 (yield/GWP/GHGI),"primary tables report mean +/- SD, n=3",A_primary_exact_pair_field_soil_boundary,A_primary_exact_pair_field_soil_boundary,,ADMIT_EXACT_WATER_AND_SEASON_PAIR; EMISSIONS_ARE_FIELD_SOIL_BOUNDARY,documented_or_reconstructed,cluster four season-water strata within one study,,,paddy soil emissions after burning; combustion pulse excluded,,,,Continuous_Flooding,150.0,
rice_primary_rice_ext_pair_0120_GWP,rice_primary_164,10.1007/s10333-021-00877-0,Improved water and rice residue managements reduce greenhouse gas emissions from paddy soil and increase rice yields,Hung 2022,2022,2017,Vietnam,,,,C,Cwa,,,Spring,,open_burning,GWP,,,,3959,3641,143,75,3,3,0.0837330989307,0.000576326379095,8.73386432299,rice_ext_pair_0120_control,Table 3 (CH4/N2O); Table 4 (yield/GWP/GHGI),"primary tables report mean +/- SD, n=3",A_primary_exact_pair_field_soil_boundary,A_primary_exact_pair_field_soil_boundary,,ADMIT_EXACT_WATER_AND_SEASON_PAIR; EMISSIONS_ARE_FIELD_SOIL_BOUNDARY,documented_or_reconstructed,cluster four season-water strata within one study,,,paddy soil CH4+N2O; combustion pulse excluded,,,,Continuous_Flooding,150.0,
rice_primary_rice_ext_pair_0120_GHGI,rice_primary_164,10.1007/s10333-021-00877-0,Improved water and rice residue managements reduce greenhouse gas emissions from paddy soil and increase rice yields,Hung 2022,2022,2017,Vietnam,,,,C,Cwa,,,Spring,,open_burning,GHGI,,,,0.68,0.67,0.03,0.01,3,3,0.0148150857851,0.000723044515069,1.49253731343,rice_ext_pair_0120_control,Table 3 (CH4/N2O); Table 4 (yield/GWP/GHGI),"primary tables report mean +/- SD, n=3",A_primary_exact_pair_field_soil_boundary,A_primary_exact_pair_field_soil_boundary,,ADMIT_EXACT_WATER_AND_SEASON_PAIR; EMISSIONS_ARE_FIELD_SOIL_BOUNDARY,documented_or_reconstructed,cluster four season-water strata within one study,,,paddy soil GWP per grain yield; combustion pulse excluded,,,,Continuous_Flooding,150.0,
BiocharDS_v1_row_01259_CropYield,biochar_li2024SD_176,10.1016/j.atmosenv.2018.12.003,Biochar improved rice yield and mitigated CH4 and N2O emissions from paddy field under controlled irrigation in the Taihu Lake Region of China,,,2016,China,,34.63,121.08,,,,rice,,rice straw,biochar_return,yield,Mg grain ha-1,,CA_0t_CI,8.07,7.38,0.569,0.137,3,3,0.0893798436695,0.00177199872568,9.34959349593,176_1_yield_CA,Table 4,"primary Table 4 mean ± SD, n=3; delta-method lnRR variance",A_primary_exact_table_mean_SD,B1_biochar_setting_independence_pending,primary_tables_verified_2026-09-23,ADMIT_WITH_SHARED_CONTROL,documented_or_reconstructed,two biochar-dose contrasts share CA within each year/outcome; retain covariance/cluster structure,,,,,,,,,primary numeric table cross-check; Table 4 yield converted kg to Mg
BiocharDS_v1_row_01260_CropYield,biochar_li2024SD_176,10.1016/j.atmosenv.2018.12.003,Biochar improved rice yield and mitigated CH4 and N2O emissions from paddy field under controlled irrigation in the Taihu Lake Region of China,,,2016,China,,34.63,121.08,,,,rice,,rice straw,biochar_return,yield,Mg grain ha-1,,CA_0t_CI,8.55,7.38,0.347,0.137,3,3,0.147157644336,0.000663912011908,15.8536585366,176_1_yield_CA,Table 4,"primary Table 4 mean ± SD, n=3; delta-method lnRR variance",A_primary_exact_table_mean_SD,B1_biochar_setting_independence_pending,primary_tables_verified_2026-09-23,ADMIT_WITH_SHARED_CONTROL,documented_or_reconstructed,two biochar-dose contrasts share CA within each year/outcome; retain covariance/cluster structure,,,,,,,,,primary numeric table cross-check; Table 4 yield converted kg to Mg
BiocharDS_v1_row_01262_CropYield,biochar_li2024SD_176,10.1016/j.atmosenv.2018.12.003,Biochar improved rice yield and mitigated CH4 and N2O emissions from paddy field under controlled irrigation in the Taihu Lake Region of China,,,2017,China,,34.63,121.08,,,,rice,,rice straw,biochar_return,yield,Mg grain ha-1,,CA_0t_CI,6.66,5.37,0.199,0.584,3,3,0.215291576032,0.00423995867066,24.0223463687,176_2_yield_CA,Table 4,"primary Table 4 mean ± SD, n=3; delta-method lnRR variance",A_primary_exact_table_mean_SD,B1_biochar_setting_independence_pending,primary_tables_verified_2026-09-23,ADMIT_WITH_SHARED_CONTROL,documented_or_reconstructed,two biochar-dose contrasts share CA within each year/outcome; retain covariance/cluster structure,,,,,,,,,primary numeric table cross-check; Table 4 yield converted kg to Mg
BiocharDS_v1_row_01263_CropYield,biochar_li2024SD_176,10.1016/j.atmosenv.2018.12.003,Biochar improved rice yield and mitigated CH4 and N2O emissions from paddy field under controlled irrigation in the Taihu Lake Region of China,,,2017,China,,34.63,121.08,,,,rice,,rice straw,biochar_return,yield,Mg grain ha-1,,CA_0t_CI,7.32,5.37,0.843,0.584,3,3,0.309782419452,0.00836326686095,36.312849162,176_2_yield_CA,Table 4,"primary Table 4 mean ± SD, n=3; delta-method lnRR variance",A_primary_exact_table_mean_SD,B1_biochar_setting_independence_pending,primary_tables_verified_2026-09-23,ADMIT_WITH_SHARED_CONTROL,documented_or_reconstructed,two biochar-dose contrasts share CA within each year/outcome; retain covariance/cluster structure,,,,,,,,,primary numeric table cross-check; Table 4 yield converted kg to Mg
BiocharDS_v1_row_01262_SOC,biochar_li2024SD_176,10.1016/j.atmosenv.2018.12.003,Biochar improved rice yield and mitigated CH4 and N2O emissions from paddy field under controlled irrigation in the Taihu Lake Region of China,,,2017,China,,34.63,121.08,,,,rice,,rice straw,biochar_return,SOC,,,CA_0t_CI,12.1801801802,12.036036036,0.36036036036,0.216216216216,3,3,0.0119049025063,0.000399342456424,1.19760479042,176_2_SOC_CA,,secondary_SD_n; dataset_contains_imputed_SD; row_level_origin_unresolved,B1_biochar_setting_independence_pending,B1_biochar_setting_independence_pending,,ADMIT_WITH_SHARED_CONTROL,unresolved_row_origin,two biochar-dose contrasts share CA within each year/outcome; retain covariance/cluster structure,,variance_row_origin_unresolved;legacy_analysis_tier_pending;source_locator_missing,,,,,,,
BiocharDS_v1_row_01263_SOC,biochar_li2024SD_176,10.1016/j.atmosenv.2018.12.003,Biochar improved rice yield and mitigated CH4 and N2O emissions from paddy field under controlled irrigation in the Taihu Lake Region of China,,,2017,China,,34.63,121.08,,,,rice,,rice straw,biochar_return,SOC,,,CA_0t_CI,14.0540540541,12.036036036,0.936936936937,0.216216216216,3,3,0.155005746147,0.00158905077403,16.7664670659,176_2_SOC_CA,,secondary_SD_n; dataset_contains_imputed_SD; row_level_origin_unresolved,B1_biochar_setting_independence_pending,B1_biochar_setting_independence_pending,,ADMIT_WITH_SHARED_CONTROL,unresolved_row_origin,two biochar-dose contrasts share CA within each year/outcome; retain covariance/cluster structure,,variance_row_origin_unresolved;legacy_analysis_tier_pending;source_locator_missing,,,,,,,
BiocharDS_v1_row_01259_CH4,biochar_li2024SD_176,10.1016/j.atmosenv.2018.12.003,Biochar improved rice yield and mitigated CH4 and N2O emissions from paddy field under controlled irrigation in the Taihu Lake Region of China,,,2016,China,,34.63,121.08,,,,rice,,rice straw,biochar_return,CH4,kg CH4 ha-1 season-1,,CA_0t_CI,53.1,75.6,7.51,8.43,3,3,-0.353279354938,0.0108122739034,-29.7619047619,176_1_CH4_CA,Table 3,"primary Table 3 mean ± SD, n=3; delta-method lnRR variance",A_primary_exact_table_mean_SD,B1_biochar_setting_independence_pending,primary_tables_verified_2026-09-23,ADMIT_WITH_SHARED_CONTROL,documented_or_reconstructed,two biochar-dose contrasts share CA within each year/outcome; retain covariance/cluster structure,,,,,,,,,primary numeric table cross-check; Table 4 yield converted kg to Mg
BiocharDS_v1_row_01260_CH4,biochar_li2024SD_176,10.1016/j.atmosenv.2018.12.003,Biochar improved rice yield and mitigated CH4 and N2O emissions from paddy field under controlled irrigation in the Taihu Lake Region of China,,,2016,China,,34.63,121.08,,,,rice,,rice straw,biochar_return,CH4,kg CH4 ha-1 season-1,,CA_0t_CI,70.8,75.6,10.5,8.43,3,3,-0.0655972824858,0.0114761393552,-6.34920634921,176_1_CH4_CA,Table 3,"primary Table 3 mean ± SD, n=3; delta-method lnRR variance",A_primary_exact_table_mean_SD,B1_biochar_setting_independence_pending,primary_tables_verified_2026-09-23,ADMIT_WITH_SHARED_CONTROL,documented_or_reconstructed,two biochar-dose contrasts share CA within each year/outcome; retain covariance/cluster structure,,,,,,,,,primary numeric table cross-check; Table 4 yield converted kg to Mg
BiocharDS_v1_row_01262_CH4,biochar_li2024SD_176,10.1016/j.atmosenv.2018.12.003,Biochar improved rice yield and mitigated CH4 and N2O emissions from paddy field under controlled irrigation in the Taihu Lake Region of China,,,2017,China,,34.63,121.08,,,,rice,,rice straw,biochar_return,CH4,kg CH4 ha-1 season-1,,CA_0t_CI,108,154,7.62,12,3,3,-0.354821375289,0.00368331221582,-29.8701298701,176_2_CH4_CA,Table 3,"primary Table 3 mean ± SD, n=3; delta-method lnRR variance",A_primary_exact_table_mean_SD,B1_biochar_setting_independence_pending,primary_tables_verified_2026-09-23,ADMIT_WITH_SHARED_CONTROL,documented_or_reconstructed,two biochar-dose contrasts share CA within each year/outcome; retain covariance/cluster structure,,,,,,,,,primary numeric table cross-check; Table 4 yield converted kg to Mg
BiocharDS_v1_row_01263_CH4,biochar_li2024SD_176,10.1016/j.atmosenv.2018.12.003,Biochar improved rice yield and mitigated CH4 and N2O emissions from paddy field under controlled irrigation in the Taihu Lake Region of China,,,2017,China,,34.63,121.08,,,,rice,,rice straw,biochar_return,CH4,kg CH4 ha-1 season-1,,CA_0t_CI,130,154,9.24,12,3,3,-0.169418151958,0.00370792640726,-15.5844155844,176_2_CH4_CA,Table 3,"primary Table 3 mean ± SD, n=3; delta-method lnRR variance",A_primary_exact_table_mean_SD,B1_biochar_setting_independence_pending,primary_tables_verified_2026-09-23,ADMIT_WITH_SHARED_CONTROL,documented_or_reconstructed,two biochar-dose contrasts share CA within each year/outcome; retain covariance/cluster structure,,,,,,,,,primary numeric table cross-check; Table 4 yield converted kg to Mg
BiocharDS_v1_row_01259_N2O,biochar_li2024SD_176,10.1016/j.atmosenv.2018.12.003,Biochar improved rice yield and mitigated CH4 and N2O emissions from paddy field under controlled irrigation in the Taihu Lake Region of China,,,2016,China,,34.63,121.08,,,,rice,,rice straw,biochar_return,N2O,kg N2O ha-1 season-1,,CA_0t_CI,8.67,5.24,0.43,0.72,3,3,0.503547292459,0.00711327084148,65.4580152672,176_1_N2O_CA,Table 3,"primary Table 3 mean ± SD, n=3; delta-method lnRR variance",A_primary_exact_table_mean_SD,B1_biochar_setting_independence_pending,primary_tables_verified_2026-09-23,ADMIT_WITH_SHARED_CONTROL,documented_or_reconstructed,two biochar-dose contrasts share CA within each year/outcome; retain covariance/cluster structure,,,,,,,,,primary numeric table cross-check; Table 4 yield converted kg to Mg
BiocharDS_v1_row_01260_N2O,biochar_li2024SD_176,10.1016/j.atmosenv.2018.12.003,Biochar improved rice yield and mitigated CH4 and N2O emissions from paddy field under controlled irrigation in the Taihu Lake Region of China,,,2016,China,,34.63,121.08,,,,rice,,rice straw,biochar_return,N2O,kg N2O ha-1 season-1,,CA_0t_CI,4.63,5.24,0.5,0.72,3,3,-0.123764630235,0.0101807175436,-11.641221374,176_1_N2O_CA,Table 3,"primary Table 3 mean ± SD, n=3; delta-method lnRR variance",A_primary_exact_table_mean_SD,B1_biochar_setting_independence_pending,primary_tables_verified_2026-09-23,ADMIT_WITH_SHARED_CONTROL,documented_or_reconstructed,two biochar-dose contrasts share CA within each year/outcome; retain covariance/cluster structure,,,,,,,,,primary numeric table cross-check; Table 4 yield converted kg to Mg
BiocharDS_v1_row_01262_N2O,biochar_li2024SD_176,10.1016/j.atmosenv.2018.12.003,Biochar improved rice yield and mitigated CH4 and N2O emissions from paddy field under controlled irrigation in the Taihu Lake Region of China,,,2017,China,,34.63,121.08,,,,rice,,rice straw,biochar_return,N2O,kg N2O ha-1 season-1,,CA_0t_CI,1.86,4.43,0.15,0.22,3,3,-0.867823096332,0.00298996554822,-58.0135440181,176_2_N2O_CA,Table 3,"primary Table 3 mean ± SD, n=3; delta-method lnRR variance",A_primary_exact_table_mean_SD,B1_biochar_setting_independence_pending,primary_tables_verified_2026-09-23,ADMIT_WITH_SHARED_CONTROL,documented_or_reconstructed,two biochar-dose contrasts share CA within each year/outcome; retain covariance/cluster structure,,,,,,,,,primary numeric table cross-check; Table 4 yield converted kg to Mg
BiocharDS_v1_row_01263_N2O,biochar_li2024SD_176,10.1016/j.atmosenv.2018.12.003,Biochar improved rice yield and mitigated CH4 and N2O emissions from paddy field under controlled irrigation in the Taihu Lake Region of China,,,2017,China,,34.63,121.08,,,,rice,,rice straw,biochar_return,N2O,kg N2O ha-1 season-1,,CA_0t_CI,2.52,4.43,0.18,0.22,3,3,-0.564140682534,0.00252276514048,-43.1151241535,176_2_N2O_CA,Table 3,"primary Table 3 mean ± SD, n=3; delta-method lnRR variance",A_primary_exact_table_mean_SD,B1_biochar_setting_independence_pending,primary_tables_verified_2026-09-23,ADMIT_WITH_SHARED_CONTROL,documented_or_reconstructed,two biochar-dose contrasts share CA within each year/outcome; retain covariance/cluster structure,,,,,,,,,primary numeric table cross-check; Table 4 yield converted kg to Mg
BiocharDS_v1_row_00015_CropYield,biochar_li2024SD_3,10.1016/j.agee.2010.09.003,"Effect of biochar amendment on yield and methane and nitrous oxide emissions from a rice paddy from Tai Lake plain, China",,,2009,China,,31.4,119.68,,,,rice,,wheat straw,biochar_return,yield,Mg grain ha-1,C1N0,C0N0,9.6,8.6,0.19,0.38,3,3,0.110000895214,0.000781372258591,11.6279069767,study3_2009_yield_C0N0,Table 3,"primary Table 3 mean ± SD, n=3; delta-method lnRR variance",A_primary_exact_table_mean_SD,B1_biochar_setting_independence_pending,primary_tables_verified_2026-09-23,ADMIT_WITH_SHARED_CONTROL,documented_or_reconstructed,10 and 40 t ha-1 contrasts share C0N0 within outcome; retain covariance/cluster structure,,,,,,,,,primary numeric table cross-check
BiocharDS_v1_row_00016_CropYield,biochar_li2024SD_3,10.1016/j.agee.2010.09.003,"Effect of biochar amendment on yield and methane and nitrous oxide emissions from a rice paddy from Tai Lake plain, China",,,2009,China,,31.4,119.68,,,,rice,,wheat straw,biochar_return,yield,Mg grain ha-1,C2N0,C0N0,9.8,8.6,0.26,0.38,3,3,0.130620182417,0.000885426697472,13.9534883721,study3_2009_yield_C0N0,Table 3,"primary Table 3 mean ± SD, n=3; delta-method lnRR variance",A_primary_exact_table_mean_SD,B1_biochar_setting_independence_pending,primary_tables_verified_2026-09-23,ADMIT_WITH_SHARED_CONTROL,documented_or_reconstructed,10 and 40 t ha-1 contrasts share C0N0 within outcome; retain covariance/cluster structure,,,,,,,,,primary numeric table cross-check
BiocharDS_v1_row_00015_SOC,biochar_li2024SD_3,10.1016/j.agee.2010.09.003,"Effect of biochar amendment on yield and methane and nitrous oxide emissions from a rice paddy from Tai Lake plain, China",,,2009,China,,31.4,119.68,,,,rice,,wheat straw,biochar_return,SOC,"g SOC kg-1 soil, 0-15 cm",C1N0,C0N0,25.9,23.5,2.1,1.7,3,3,0.0972425475554,0.00393575962514,10.2127659574,study3_2009_SOC_C0N0,Table 1,"primary Table 1 mean ± SD, n=3; delta-method lnRR variance",A_primary_exact_table_mean_SD,B1_biochar_setting_independence_pending,primary_tables_verified_2026-09-23,ADMIT_WITH_SHARED_CONTROL,documented_or_reconstructed,10 and 40 t ha-1 contrasts share C0N0 within outcome; retain covariance/cluster structure,,,,,,,,,primary numeric table cross-check
BiocharDS_v1_row_00016_SOC,biochar_li2024SD_3,10.1016/j.agee.2010.09.003,"Effect of biochar amendment on yield and methane and nitrous oxide emissions from a rice paddy from Tai Lake plain, China",,,2009,China,,31.4,119.68,,,,rice,,wheat straw,biochar_return,SOC,"g SOC kg-1 soil, 0-15 cm",C2N0,C0N0,36.9,23.5,2,1.7,3,3,0.451211129896,0.00272361197327,57.0212765957,study3_2009_SOC_C0N0,Table 1,"primary Table 1 mean ± SD, n=3; delta-method lnRR variance",A_primary_exact_table_mean_SD,B1_biochar_setting_independence_pending,primary_tables_verified_2026-09-23,ADMIT_WITH_SHARED_CONTROL,documented_or_reconstructed,10 and 40 t ha-1 contrasts share C0N0 within outcome; retain covariance/cluster structure,,,,,,,,,primary numeric table cross-check
BiocharDS_v1_row_00015_CH4,biochar_li2024SD_3,10.1016/j.agee.2010.09.003,"Effect of biochar amendment on yield and methane and nitrous oxide emissions from a rice paddy from Tai Lake plain, China",,,2009,China,,31.4,119.68,,,,rice,,wheat straw,biochar_return,CH4,kg CH4-C ha-1 growing season-1,C1N0,C0N0,103.2,62.6,2,1.8,3,3,0.499903574941,0.000400790179753,64.8562300319,study3_2009_CH4_C0N0,Table 3,"primary Table 3 mean ± SD, n=3; delta-method lnRR variance",A_primary_exact_table_mean_SD,B1_biochar_setting_independence_pending,primary_tables_verified_2026-09-23,ADMIT_WITH_SHARED_CONTROL,documented_or_reconstructed,10 and 40 t ha-1 contrasts share C0N0 within outcome; retain covariance/cluster structure,,,,,,,,,primary numeric table cross-check
BiocharDS_v1_row_00016_CH4,biochar_li2024SD_3,10.1016/j.agee.2010.09.003,"Effect of biochar amendment on yield and methane and nitrous oxide emissions from a rice paddy from Tai Lake plain, China",,,2009,China,,31.4,119.68,,,,rice,,wheat straw,biochar_return,CH4,kg CH4-C ha-1 growing season-1,C2N0,C0N0,104.9,62.6,10.4,1.8,3,3,0.516242237296,0.00355197875049,67.571884984,study3_2009_CH4_C0N0,Table 3,"primary Table 3 mean ± SD, n=3; delta-method lnRR variance",A_primary_exact_table_mean_SD,B1_biochar_setting_independence_pending,primary_tables_verified_2026-09-23,ADMIT_WITH_SHARED_CONTROL,documented_or_reconstructed,10 and 40 t ha-1 contrasts share C0N0 within outcome; retain covariance/cluster structure,,,,,,,,,primary numeric table cross-check
BiocharDS_v1_row_00015_N2O,biochar_li2024SD_3,10.1016/j.agee.2010.09.003,"Effect of biochar amendment on yield and methane and nitrous oxide emissions from a rice paddy from Tai Lake plain, China",,,2009,China,,31.4,119.68,,,,rice,,wheat straw,biochar_return,N2O,kg N2O-N ha-1 growing season-1,C1N0,C0N0,0.55,0.76,0.06,0.07,3,3,-0.323400155054,0.00679473531589,-27.6315789474,study3_2009_N2O_C0N0,Table 3,"primary Table 3 mean ± SD, n=3; delta-method lnRR variance",A_primary_exact_table_mean_SD,B1_biochar_setting_independence_pending,primary_tables_verified_2026-09-23,ADMIT_WITH_SHARED_CONTROL,documented_or_reconstructed,10 and 40 t ha-1 contrasts share C0N0 within outcome; retain covariance/cluster structure,,,,,,,,,primary numeric table cross-check
BiocharDS_v1_row_00016_N2O,biochar_li2024SD_3,10.1016/j.agee.2010.09.003,"Effect of biochar amendment on yield and methane and nitrous oxide emissions from a rice paddy from Tai Lake plain, China",,,2009,China,,31.4,119.68,,,,rice,,wheat straw,biochar_return,N2O,kg N2O-N ha-1 growing season-1,C2N0,C0N0,0.6,0.76,0.07,0.07,3,3,-0.236388778064,0.00736483020417,-21.0526315789,study3_2009_N2O_C0N0,Table 3,"primary Table 3 mean ± SD, n=3; delta-method lnRR variance",A_primary_exact_table_mean_SD,B1_biochar_setting_independence_pending,primary_tables_verified_2026-09-23,ADMIT_WITH_SHARED_CONTROL,documented_or_reconstructed,10 and 40 t ha-1 contrasts share C0N0 within outcome; retain covariance/cluster structure,,,,,,,,,primary numeric table cross-check
BiocharDS_v1_row_00240_CropYield,biochar_li2024SD_31,,Biochar amendment greatly reduces  rice Cd uptake in a contaminated paddy soil: A two-year field experiment.,,,2009,China,,31.41,119.69,,,,rice,,wheat straw,biochar_return,yield,Mg ha-1 rice grain yield,"C1, 10 t ha-1","C0, 0 t biochar ha-1",6.9970845481,6.5306122449,0.379008746356,0.67055393586,3,3,0.068992871487,0.0044923056028,7.14285714286,study31_2009_yield_C0,Figure 2,"primary states mean ± one SD, n=3; figure-digitized arm means/SD; lnRR variance recomputed",A_primary_matched_pair_figure_digitized_SD,B1_biochar_setting_independence_pending,primary_fulltext_review_reconciled_2026-09-23,ADMIT_YIELD_WITH_SHARED_CONTROL_REPEATED_YEARS_AND_DIGITIZATION_FLAG,documented_or_reconstructed,three dose contrasts share C0 within year; 2009 and 2010 reuse the same field plots and count as one independent experiment,,primary_doi_missing,,,,,,,secondary figure digitization checked against primary full text and figure
BiocharDS_v1_row_00241_CropYield,biochar_li2024SD_31,,Biochar amendment greatly reduces  rice Cd uptake in a contaminated paddy soil: A two-year field experiment.,,,2009,China,,31.41,119.69,,,,rice,,wheat straw,biochar_return,yield,Mg ha-1 rice grain yield,"C2, 20 t ha-1","C0, 0 t biochar ha-1",6.7055393586,6.5306122449,0.349854227405,0.67055393586,3,3,0.0264332570682,0.00442166874429,2.67857142857,study31_2009_yield_C0,Figure 2,"primary states mean ± one SD, n=3; figure-digitized arm means/SD; lnRR variance recomputed",A_primary_matched_pair_figure_digitized_SD,B1_biochar_setting_independence_pending,primary_fulltext_review_reconciled_2026-09-23,ADMIT_YIELD_WITH_SHARED_CONTROL_REPEATED_YEARS_AND_DIGITIZATION_FLAG,documented_or_reconstructed,three dose contrasts share C0 within year; 2009 and 2010 reuse the same field plots and count as one independent experiment,,primary_doi_missing,,,,,,,secondary figure digitization checked against primary full text and figure
BiocharDS_v1_row_00242_CropYield,biochar_li2024SD_31,,Biochar amendment greatly reduces  rice Cd uptake in a contaminated paddy soil: A two-year field experiment.,,,2009,China,,31.41,119.69,,,,rice,,wheat straw,biochar_return,yield,Mg ha-1 rice grain yield,"C3, 40 t ha-1","C0, 0 t biochar ha-1",6.6472303207,6.5306122449,0.495626822157,0.67055393586,3,3,0.0176995770994,0.00536743064127,1.78571428571,study31_2009_yield_C0,Figure 2,"primary states mean ± one SD, n=3; figure-digitized arm means/SD; lnRR variance recomputed",A_primary_matched_pair_figure_digitized_SD,B1_biochar_setting_independence_pending,primary_fulltext_review_reconciled_2026-09-23,ADMIT_YIELD_WITH_SHARED_CONTROL_REPEATED_YEARS_AND_DIGITIZATION_FLAG,documented_or_reconstructed,three dose contrasts share C0 within year; 2009 and 2010 reuse the same field plots and count as one independent experiment,,primary_doi_missing,,,,,,,secondary figure digitization checked against primary full text and figure
BiocharDS_v1_row_00243_CropYield,biochar_li2024SD_31,,Biochar amendment greatly reduces  rice Cd uptake in a contaminated paddy soil: A two-year field experiment.,,,2010,China,,31.41,119.69,,,,rice,,wheat straw,biochar_return,yield,Mg ha-1 rice grain yield,"C1, 10 t ha-1","C0, 0 t biochar ha-1",6.90962099125,7.20116618076,0.728862973761,0.583090379009,3,3,-0.0413281954928,0.00589451463146,-4.04858299595,study31_2010_yield_C0,Figure 2,"primary states mean ± one SD, n=3; figure-digitized arm means/SD; lnRR variance recomputed",A_primary_matched_pair_figure_digitized_SD,B1_biochar_setting_independence_pending,primary_fulltext_review_reconciled_2026-09-23,ADMIT_YIELD_WITH_SHARED_CONTROL_REPEATED_YEARS_AND_DIGITIZATION_FLAG,documented_or_reconstructed,three dose contrasts share C0 within year; 2009 and 2010 reuse the same field plots and count as one independent experiment,,primary_doi_missing,,,,,,,secondary figure digitization checked against primary full text and figure
BiocharDS_v1_row_00244_CropYield,biochar_li2024SD_31,,Biochar amendment greatly reduces  rice Cd uptake in a contaminated paddy soil: A two-year field experiment.,,,2010,China,,31.41,119.69,,,,rice,,wheat straw,biochar_return,yield,Mg ha-1 rice grain yield,"C2, 20 t ha-1","C0, 0 t biochar ha-1",6.5889212828,7.20116618076,0.408163265306,0.583090379009,3,3,-0.0888533373557,0.00346460948619,-8.5020242915,study31_2010_yield_C0,Figure 2,"primary states mean ± one SD, n=3; figure-digitized arm means/SD; lnRR variance recomputed",A_primary_matched_pair_figure_digitized_SD,B1_biochar_setting_independence_pending,primary_fulltext_review_reconciled_2026-09-23,ADMIT_YIELD_WITH_SHARED_CONTROL_REPEATED_YEARS_AND_DIGITIZATION_FLAG,documented_or_reconstructed,three dose contrasts share C0 within year; 2009 and 2010 reuse the same field plots and count as one independent experiment,,primary_doi_missing,,,,,,,secondary figure digitization checked against primary full text and figure
BiocharDS_v1_row_00245_CropYield,biochar_li2024SD_31,,Biochar amendment greatly reduces  rice Cd uptake in a contaminated paddy soil: A two-year field experiment.,,,2010,China,,31.41,119.69,,,,rice,,wheat straw,biochar_return,yield,Mg ha-1 rice grain yield,"C3, 40 t ha-1","C0, 0 t biochar ha-1",6.6472303207,7.20116618076,0.320699708455,0.583090379009,3,3,-0.0800427076735,0.00296134966122,-7.69230769231,study31_2010_yield_C0,Figure 2,"primary states mean ± one SD, n=3; figure-digitized arm means/SD; lnRR variance recomputed",A_primary_matched_pair_figure_digitized_SD,B1_biochar_setting_independence_pending,primary_fulltext_review_reconciled_2026-09-23,ADMIT_YIELD_WITH_SHARED_CONTROL_REPEATED_YEARS_AND_DIGITIZATION_FLAG,documented_or_reconstructed,three dose contrasts share C0 within year; 2009 and 2010 reuse the same field plots and count as one independent experiment,,primary_doi_missing,,,,,,,secondary figure digitization checked against primary full text and figure
rice_primary_rice_ext_pair_0133_yield,rice_primary_392,10.1007/s11104-008-9689-y,Methane emission from paddy soils as affected by wheat straw returning mode,Ma 2008,2008,2006,China,,,,C,Cfa,,,,,open_burning,yield,,,,6480,5260,720,420,3,3,0.208589483615,0.00624045584778,23.1939163498,rice_ext_pair_0133_control,Table 1,primary Table 1 arm means and dispersion; n=3 randomized blocks,A_primary_exact_pair,A_primary_exact_pair,,ADMIT_BURNED_IN_SITU_VS_NO_STRAW,documented_or_reconstructed,yield and CH4 share one field contrast,,,crop harvest,,,,Intermittent,300.0,
rice_primary_rice_ext_pair_0133_CH4,rice_primary_392,10.1007/s11104-008-9689-y,Methane emission from paddy soils as affected by wheat straw returning mode,Ma 2008,2008,2006,China,,,,C,Cfa,,,,,open_burning,CH4,,,,159,69,19,50,3,3,0.834797697623,0.179793089131,130.434782609,rice_ext_pair_0133_control,Table 1,primary Table 1 arm means and dispersion; n=3 randomized blocks,A_primary_exact_pair,A_primary_exact_pair,,ADMIT_BURNED_IN_SITU_VS_NO_STRAW,documented_or_reconstructed,yield and CH4 share one field contrast,,,rice-season paddy-soil CH4 after burning; combustion pulse excluded,,,,Intermittent,300.0,
rice_primary_rice_ext_pair_0075_yield,rice_primary_466,10.3390/agronomy14030490,Integrated Effects of Straw Incorporation and N Application on Rice Yield and Greenhouse Gas Emissions in Three Rice-Based Cropping Systems,Bankole 2024,2024,2019,China,,,,C,Cfa,,,,,direct_return,yield,,,,6661.047,7456.395,344.396,344.396,3,3,-0.112795374044,0.00160217671394,-10.6666559376,rice_ext_pair_0075_control,Table 2,n=3 verified; primary Table 2 prints mean ± uncertainty but its footnote omits the label; article figure captions define error bars as SE and external data encode SD=SE*sqrt(3); repeat model treating printed values as SD,,,,ADMIT_EXACT_N_STRATUM; UNCERTAINTY_SENSITIVITY_REQUIRED,documented_or_reconstructed,multiple outcomes share an experimental contrast; cluster by experiment and study; do not treat outcomes or N strata as independent studies,,reported_error_type_ambiguous,,,,,Continuous_Flooding,0.0,
rice_primary_rice_ext_pair_0075_CH4,rice_primary_466,10.3390/agronomy14030490,Integrated Effects of Straw Incorporation and N Application on Rice Yield and Greenhouse Gas Emissions in Three Rice-Based Cropping Systems,Bankole 2024,2024,2019,China,,,,C,Cfa,,,,,direct_return,CH4,,,,504.6,226.2,47.805,15.935,3,3,0.802346472525,0.00464602537245,123.076923077,rice_ext_pair_0075_control,Table 2,n=3 verified; primary Table 2 prints mean ± uncertainty but its footnote omits the label; article figure captions define error bars as SE and external data encode SD=SE*sqrt(3); repeat model treating printed values as SD,,,,ADMIT_EXACT_N_STRATUM; UNCERTAINTY_SENSITIVITY_REQUIRED,documented_or_reconstructed,multiple outcomes share an experimental contrast; cluster by experiment and study; do not treat outcomes or N strata as independent studies,,reported_error_type_ambiguous,,,,,Continuous_Flooding,0.0,
rice_primary_rice_ext_pair_0075_N2O,rice_primary_466,10.3390/agronomy14030490,Integrated Effects of Straw Incorporation and N Application on Rice Yield and Greenhouse Gas Emissions in Three Rice-Based Cropping Systems,Bankole 2024,2024,2019,China,,,,C,Cfa,,,,,direct_return,N2O,,,,1.6,2.5,2.425,1.039,3,3,-0.446287102628,0.823280833542,-36,rice_ext_pair_0075_control,Table 2,n=3 verified; primary Table 2 prints mean ± uncertainty but its footnote omits the label; article figure captions define error bars as SE and external data encode SD=SE*sqrt(3); repeat model treating printed values as SD,,,,ADMIT_EXACT_N_STRATUM; UNCERTAINTY_SENSITIVITY_REQUIRED,documented_or_reconstructed,multiple outcomes share an experimental contrast; cluster by experiment and study; do not treat outcomes or N strata as independent studies,,reported_error_type_ambiguous,,,,,Continuous_Flooding,0.0,
rice_primary_rice_ext_pair_0075_GWP,rice_primary_466,10.3390/agronomy14030490,Integrated Effects of Straw Incorporation and N Application on Rice Yield and Greenhouse Gas Emissions in Three Rice-Based Cropping Systems,Bankole 2024,2024,2019,China,,,,C,Cfa,,,,,direct_return,GWP,,,,14515.14,6993.48,1488.998,527.395,3,3,0.73021395619,0.00540339263821,107.552463151,rice_ext_pair_0075_control,Table 2,n=3 verified; primary Table 2 prints mean ± uncertainty but its footnote omits the label; article figure captions define error bars as SE and external data encode SD=SE*sqrt(3); repeat model treating printed values as SD,,,,ADMIT_EXACT_N_STRATUM; UNCERTAINTY_SENSITIVITY_REQUIRED,documented_or_reconstructed,multiple outcomes share an experimental contrast; cluster by experiment and study; do not treat outcomes or N strata as independent studies,,reported_error_type_ambiguous,,,,,Continuous_Flooding,0.0,
rice_primary_rice_ext_pair_0075_GHGI,rice_primary_466,10.3390/agronomy14030490,Integrated Effects of Straw Incorporation and N Application on Rice Yield and Greenhouse Gas Emissions in Three Rice-Based Cropping Systems,Bankole 2024,2024,2019,China,,,,C,Cfa,,,,,direct_return,GHGI,,,,2.179,0.938,0.25,0.083,3,3,0.842871385938,0.00699770688967,132.302771855,rice_ext_pair_0075_control,Table 2,n=3 verified; primary Table 2 prints mean ± uncertainty but its footnote omits the label; article figure captions define error bars as SE and external data encode SD=SE*sqrt(3); repeat model treating printed values as SD,,,,ADMIT_EXACT_N_STRATUM; UNCERTAINTY_SENSITIVITY_REQUIRED,documented_or_reconstructed,multiple outcomes share an experimental contrast; cluster by experiment and study; do not treat outcomes or N strata as independent studies,,reported_error_type_ambiguous,,,,,Continuous_Flooding,0.0,
rice_primary_rice_ext_pair_0076_yield,rice_primary_466,10.3390/agronomy14030490,Integrated Effects of Straw Incorporation and N Application on Rice Yield and Greenhouse Gas Emissions in Three Rice-Based Cropping Systems,Bankole 2024,2024,2019,China,,,,C,Cfa,,,,,direct_return,yield,,,,6760.465,7754.651,344.396,172.198,3,3,-0.137201117721,0.00102941659833,-12.8205124899,rice_ext_pair_0076_control,Table 2,n=3 verified; primary Table 2 prints mean ± uncertainty but its footnote omits the label; article figure captions define error bars as SE and external data encode SD=SE*sqrt(3); repeat model treating printed values as SD,,,,ADMIT_EXACT_N_STRATUM; UNCERTAINTY_SENSITIVITY_REQUIRED,documented_or_reconstructed,multiple outcomes share an experimental contrast; cluster by experiment and study; do not treat outcomes or N strata as independent studies,,reported_error_type_ambiguous,,,,,Continuous_Flooding,240.0,
rice_primary_rice_ext_pair_0076_CH4,rice_primary_466,10.3390/agronomy14030490,Integrated Effects of Straw Incorporation and N Application on Rice Yield and Greenhouse Gas Emissions in Three Rice-Based Cropping Systems,Bankole 2024,2024,2019,China,,,,C,Cfa,,,,,direct_return,CH4,,,,633.8,285.6,131.982,59.929,3,3,0.797141216791,0.0291314901974,121.918767507,rice_ext_pair_0076_control,Table 2,n=3 verified; primary Table 2 prints mean ± uncertainty but its footnote omits the label; article figure captions define error bars as SE and external data encode SD=SE*sqrt(3); repeat model treating printed values as SD,,,,ADMIT_EXACT_N_STRATUM; UNCERTAINTY_SENSITIVITY_REQUIRED,documented_or_reconstructed,multiple outcomes share an experimental contrast; cluster by experiment and study; do not treat outcomes or N strata as independent studies,,reported_error_type_ambiguous,,,,,Continuous_Flooding,240.0,
rice_primary_rice_ext_pair_0076_N2O,rice_primary_466,10.3390/agronomy14030490,Integrated Effects of Straw Incorporation and N Application on Rice Yield and Greenhouse Gas Emissions in Three Rice-Based Cropping Systems,Bankole 2024,2024,2019,China,,,,C,Cfa,,,,,direct_return,N2O,,,,1.9,2.4,0.693,1.039,3,3,-0.233614851182,0.106816601422,-20.8333333333,rice_ext_pair_0076_control,Table 2,n=3 verified; primary Table 2 prints mean ± uncertainty but its footnote omits the label; article figure captions define error bars as SE and external data encode SD=SE*sqrt(3); repeat model treating printed values as SD,,,,ADMIT_EXACT_N_STRATUM; UNCERTAINTY_SENSITIVITY_REQUIRED,documented_or_reconstructed,multiple outcomes share an experimental contrast; cluster by experiment and study; do not treat outcomes or N strata as independent studies,,reported_error_type_ambiguous,,,,,Continuous_Flooding,240.0,
rice_primary_rice_ext_pair_0076_GWP,rice_primary_466,10.3390/agronomy14030490,Integrated Effects of Straw Incorporation and N Application on Rice Yield and Greenhouse Gas Emissions in Three Rice-Based Cropping Systems,Bankole 2024,2024,2019,China,,,,C,Cfa,,,,,direct_return,GWP,,,,18201.72,8623.44,3687.16,1695.917,3,3,0.747032018119,0.0265706747044,111.072611394,rice_ext_pair_0076_control,Table 2,n=3 verified; primary Table 2 prints mean ± uncertainty but its footnote omits the label; article figure captions define error bars as SE and external data encode SD=SE*sqrt(3); repeat model treating printed values as SD,,,,ADMIT_EXACT_N_STRATUM; UNCERTAINTY_SENSITIVITY_REQUIRED,documented_or_reconstructed,multiple outcomes share an experimental contrast; cluster by experiment and study; do not treat outcomes or N strata as independent studies,,reported_error_type_ambiguous,,,,,Continuous_Flooding,240.0,
rice_primary_rice_ext_pair_0076_GHGI,rice_primary_466,10.3390/agronomy14030490,Integrated Effects of Straw Incorporation and N Application on Rice Yield and Greenhouse Gas Emissions in Three Rice-Based Cropping Systems,Bankole 2024,2024,2019,China,,,,C,Cfa,,,,,direct_return,GHGI,,,,2.692,1.112,0.562,0.22,3,3,0.884124215954,0.0275749635276,142.086330935,rice_ext_pair_0076_control,Table 2,n=3 verified; primary Table 2 prints mean ± uncertainty but its footnote omits the label; article figure captions define error bars as SE and external data encode SD=SE*sqrt(3); repeat model treating printed values as SD,,,,ADMIT_EXACT_N_STRATUM; UNCERTAINTY_SENSITIVITY_REQUIRED,documented_or_reconstructed,multiple outcomes share an experimental contrast; cluster by experiment and study; do not treat outcomes or N strata as independent studies,,reported_error_type_ambiguous,,,,,Continuous_Flooding,240.0,
rice_primary_rice_ext_pair_0077_yield,rice_primary_466,10.3390/agronomy14030490,Integrated Effects of Straw Incorporation and N Application on Rice Yield and Greenhouse Gas Emissions in Three Rice-Based Cropping Systems,Bankole 2024,2024,2019,China,,,,C,Cfa,,,,,direct_return,yield,,,,7456.395,7655.233,172.198,516.594,3,3,-0.0263174128211,0.00169573870933,-2.59741277633,rice_ext_pair_0077_control,Table 2,n=3 verified; primary Table 2 prints mean ± uncertainty but its footnote omits the label; article figure captions define error bars as SE and external data encode SD=SE*sqrt(3); repeat model treating printed values as SD,,,,ADMIT_EXACT_N_STRATUM; UNCERTAINTY_SENSITIVITY_REQUIRED,documented_or_reconstructed,multiple outcomes share an experimental contrast; cluster by experiment and study; do not treat outcomes or N strata as independent studies,,reported_error_type_ambiguous,,,,,Continuous_Flooding,270.0,
rice_primary_rice_ext_pair_0077_CH4,rice_primary_466,10.3390/agronomy14030490,Integrated Effects of Straw Incorporation and N Application on Rice Yield and Greenhouse Gas Emissions in Three Rice-Based Cropping Systems,Bankole 2024,2024,2019,China,,,,C,Cfa,,,,,direct_return,CH4,,,,434.9,367.1,21.651,124.881,3,3,0.169481829101,0.039400857912,18.469081994,rice_ext_pair_0077_control,Table 2,n=3 verified; primary Table 2 prints mean ± uncertainty but its footnote omits the label; article figure captions define error bars as SE and external data encode SD=SE*sqrt(3); repeat model treating printed values as SD,,,,ADMIT_EXACT_N_STRATUM; UNCERTAINTY_SENSITIVITY_REQUIRED,documented_or_reconstructed,multiple outcomes share an experimental contrast; cluster by experiment and study; do not treat outcomes or N strata as independent studies,,reported_error_type_ambiguous,,,,,Continuous_Flooding,270.0,
rice_primary_rice_ext_pair_0077_N2O,rice_primary_466,10.3390/agronomy14030490,Integrated Effects of Straw Incorporation and N Application on Rice Yield and Greenhouse Gas Emissions in Three Rice-Based Cropping Systems,Bankole 2024,2024,2019,China,,,,C,Cfa,,,,,direct_return,N2O,,,,1.8,2.3,1.039,1.732,3,3,-0.245122458033,0.300086657993,-21.7391304348,rice_ext_pair_0077_control,Table 2,n=3 verified; primary Table 2 prints mean ± uncertainty but its footnote omits the label; article figure captions define error bars as SE and external data encode SD=SE*sqrt(3); repeat model treating printed values as SD,,,,ADMIT_EXACT_N_STRATUM; UNCERTAINTY_SENSITIVITY_REQUIRED,documented_or_reconstructed,multiple outcomes share an experimental contrast; cluster by experiment and study; do not treat outcomes or N strata as independent studies,,reported_error_type_ambiguous,,,,,Continuous_Flooding,270.0,
rice_primary_rice_ext_pair_0077_GWP,rice_primary_466,10.3390/agronomy14030490,Integrated Effects of Straw Incorporation and N Application on Rice Yield and Greenhouse Gas Emissions in Three Rice-Based Cropping Systems,Bankole 2024,2024,2019,China,,,,C,Cfa,,,,,direct_return,GWP,,,,12625.11,10869.99,667.361,3516.116,3,3,0.149681906825,0.0358090070127,16.1464729958,rice_ext_pair_0077_control,Table 2,n=3 verified; primary Table 2 prints mean ± uncertainty but its footnote omits the label; article figure captions define error bars as SE and external data encode SD=SE*sqrt(3); repeat model treating printed values as SD,,,,ADMIT_EXACT_N_STRATUM; UNCERTAINTY_SENSITIVITY_REQUIRED,documented_or_reconstructed,multiple outcomes share an experimental contrast; cluster by experiment and study; do not treat outcomes or N strata as independent studies,,reported_error_type_ambiguous,,,,,Continuous_Flooding,270.0,
rice_primary_rice_ext_pair_0077_GHGI,rice_primary_466,10.3390/agronomy14030490,Integrated Effects of Straw Incorporation and N Application on Rice Yield and Greenhouse Gas Emissions in Three Rice-Based Cropping Systems,Bankole 2024,2024,2019,China,,,,C,Cfa,,,,,direct_return,GHGI,,,,1.693,1.42,0.098,0.469,3,3,0.175845231538,0.0374789051976,19.2253521127,rice_ext_pair_0077_control,Table 2,n=3 verified; primary Table 2 prints mean ± uncertainty but its footnote omits the label; article figure captions define error bars as SE and external data encode SD=SE*sqrt(3); repeat model treating printed values as SD,,,,ADMIT_EXACT_N_STRATUM; UNCERTAINTY_SENSITIVITY_REQUIRED,documented_or_reconstructed,multiple outcomes share an experimental contrast; cluster by experiment and study; do not treat outcomes or N strata as independent studies,,reported_error_type_ambiguous,,,,,Continuous_Flooding,270.0,
rice_primary_rice_ext_pair_0078_yield,rice_primary_466,10.3390/agronomy14030490,Integrated Effects of Straw Incorporation and N Application on Rice Yield and Greenhouse Gas Emissions in Three Rice-Based Cropping Systems,Bankole 2024,2024,2019,China,,,,D,Dwa,,,,,direct_return,yield,,,,7141.279,7644.186,696.848,348.424,3,3,-0.06805346693,0.00386649040046,-6.57894771268,rice_ext_pair_0078_control,Table 2,n=3 verified; primary Table 2 prints mean ± uncertainty but its footnote omits the label; article figure captions define error bars as SE and external data encode SD=SE*sqrt(3); repeat model treating printed values as SD,,,,ADMIT_EXACT_N_STRATUM; UNCERTAINTY_SENSITIVITY_REQUIRED,documented_or_reconstructed,multiple outcomes share an experimental contrast; cluster by experiment and study; do not treat outcomes or N strata as independent studies,,reported_error_type_ambiguous,,,,,Continuous_Flooding,0.0,
rice_primary_rice_ext_pair_0078_CH4,rice_primary_466,10.3390/agronomy14030490,Integrated Effects of Straw Incorporation and N Application on Rice Yield and Greenhouse Gas Emissions in Three Rice-Based Cropping Systems,Bankole 2024,2024,2019,China,,,,D,Dwa,,,,,direct_return,CH4,,,,700.5,173.4,295.141,139.603,3,3,1.39619330143,0.275230578569,303.979238754,rice_ext_pair_0078_control,Table 2,n=3 verified; primary Table 2 prints mean ± uncertainty but its footnote omits the label; article figure captions define error bars as SE and external data encode SD=SE*sqrt(3); repeat model treating printed values as SD,,,,ADMIT_EXACT_N_STRATUM; UNCERTAINTY_SENSITIVITY_REQUIRED,documented_or_reconstructed,multiple outcomes share an experimental contrast; cluster by experiment and study; do not treat outcomes or N strata as independent studies,,reported_error_type_ambiguous,,,,,Continuous_Flooding,0.0,
rice_primary_rice_ext_pair_0078_N2O,rice_primary_466,10.3390/agronomy14030490,Integrated Effects of Straw Incorporation and N Application on Rice Yield and Greenhouse Gas Emissions in Three Rice-Based Cropping Systems,Bankole 2024,2024,2019,China,,,,D,Dwa,,,,,direct_return,N2O,,,,0.1,0.2,0.346,0.173,3,3,-0.69314718056,4.23994166667,-50,rice_ext_pair_0078_control,Table 2,n=3 verified; primary Table 2 prints mean ± uncertainty but its footnote omits the label; article figure captions define error bars as SE and external data encode SD=SE*sqrt(3); repeat model treating printed values as SD,,,,ADMIT_EXACT_N_STRATUM; UNCERTAINTY_SENSITIVITY_REQUIRED,documented_or_reconstructed,multiple outcomes share an experimental contrast; cluster by experiment and study; do not treat outcomes or N strata as independent studies,,reported_error_type_ambiguous,,,,,Continuous_Flooding,0.0,
rice_primary_rice_ext_pair_0078_GWP,rice_primary_466,10.3390/agronomy14030490,Integrated Effects of Straw Incorporation and N Application on Rice Yield and Greenhouse Gas Emissions in Three Rice-Based Cropping Systems,Bankole 2024,2024,2019,China,,,,D,Dwa,,,,,direct_return,GWP,,,,19571.25,4892.46,8234.99,3895.219,3,3,1.38636640817,0.270310104072,300.028819857,rice_ext_pair_0078_control,Table 2,n=3 verified; primary Table 2 prints mean ± uncertainty but its footnote omits the label; article figure captions define error bars as SE and external data encode SD=SE*sqrt(3); repeat model treating printed values as SD,,,,ADMIT_EXACT_N_STRATUM; UNCERTAINTY_SENSITIVITY_REQUIRED,documented_or_reconstructed,multiple outcomes share an experimental contrast; cluster by experiment and study; do not treat outcomes or N strata as independent studies,,reported_error_type_ambiguous,,,,,Continuous_Flooding,0.0,
rice_primary_rice_ext_pair_0078_GHGI,rice_primary_466,10.3390/agronomy14030490,Integrated Effects of Straw Incorporation and N Application on Rice Yield and Greenhouse Gas Emissions in Three Rice-Based Cropping Systems,Bankole 2024,2024,2019,China,,,,D,Dwa,,,,,direct_return,GHGI,,,,2.741,0.64,1.184,0.51,3,3,1.45460991995,0.273866154464,328.28125,rice_ext_pair_0078_control,Table 2,n=3 verified; primary Table 2 prints mean ± uncertainty but its footnote omits the label; article figure captions define error bars as SE and external data encode SD=SE*sqrt(3); repeat model treating printed values as SD,,,,ADMIT_EXACT_N_STRATUM; UNCERTAINTY_SENSITIVITY_REQUIRED,documented_or_reconstructed,multiple outcomes share an experimental contrast; cluster by experiment and study; do not treat outcomes or N strata as independent studies,,reported_error_type_ambiguous,,,,,Continuous_Flooding,0.0,
rice_primary_rice_ext_pair_0079_yield,rice_primary_466,10.3390/agronomy14030490,Integrated Effects of Straw Incorporation and N Application on Rice Yield and Greenhouse Gas Emissions in Three Rice-Based Cropping Systems,Bankole 2024,2024,2019,China,,,,D,Dwa,,,,,direct_return,yield,,,,9655.814,10963.372,174.212,348.424,3,3,-0.126999677459,0.000445178501576,-11.926604333,rice_ext_pair_0079_control,Table 2,n=3 verified; primary Table 2 prints mean ± uncertainty but its footnote omits the label; article figure captions define error bars as SE and external data encode SD=SE*sqrt(3); repeat model treating printed values as SD,,,,ADMIT_EXACT_N_STRATUM; UNCERTAINTY_SENSITIVITY_REQUIRED,documented_or_reconstructed,multiple outcomes share an experimental contrast; cluster by experiment and study; do not treat outcomes or N strata as independent studies,,reported_error_type_ambiguous,,,,,Continuous_Flooding,150.0,
rice_primary_rice_ext_pair_0079_CH4,rice_primary_466,10.3390/agronomy14030490,Integrated Effects of Straw Incorporation and N Application on Rice Yield and Greenhouse Gas Emissions in Three Rice-Based Cropping Systems,Bankole 2024,2024,2019,China,,,,D,Dwa,,,,,direct_return,CH4,,,,661.2,230.6,353.338,129.904,3,3,1.05337175811,0.200970926526,186.730268864,rice_ext_pair_0079_control,Table 2,n=3 verified; primary Table 2 prints mean ± uncertainty but its footnote omits the label; article figure captions define error bars as SE and external data encode SD=SE*sqrt(3); repeat model treating printed values as SD,,,,ADMIT_EXACT_N_STRATUM; UNCERTAINTY_SENSITIVITY_REQUIRED,documented_or_reconstructed,multiple outcomes share an experimental contrast; cluster by experiment and study; do not treat outcomes or N strata as independent studies,,reported_error_type_ambiguous,,,,,Continuous_Flooding,150.0,
rice_primary_rice_ext_pair_0079_N2O,rice_primary_466,10.3390/agronomy14030490,Integrated Effects of Straw Incorporation and N Application on Rice Yield and Greenhouse Gas Emissions in Three Rice-Based Cropping Systems,Bankole 2024,2024,2019,China,,,,D,Dwa,,,,,direct_return,N2O,,,,0.2,0.4,0.693,0.173,3,3,-0.69314718056,4.06442708333,-50,rice_ext_pair_0079_control,Table 2,n=3 verified; primary Table 2 prints mean ± uncertainty but its footnote omits the label; article figure captions define error bars as SE and external data encode SD=SE*sqrt(3); repeat model treating printed values as SD,,,,ADMIT_EXACT_N_STRATUM; UNCERTAINTY_SENSITIVITY_REQUIRED,documented_or_reconstructed,multiple outcomes share an experimental contrast; cluster by experiment and study; do not treat outcomes or N strata as independent studies,,reported_error_type_ambiguous,,,,,Continuous_Flooding,150.0,
rice_primary_rice_ext_pair_0079_GWP,rice_primary_466,10.3390/agronomy14030490,Integrated Effects of Straw Incorporation and N Application on Rice Yield and Greenhouse Gas Emissions in Three Rice-Based Cropping Systems,Bankole 2024,2024,2019,China,,,,D,Dwa,,,,,direct_return,GWP,,,,18502.08,6542.94,9859.955,3624.625,3,3,1.03949655246,0.196960667442,182.779301048,rice_ext_pair_0079_control,Table 2,n=3 verified; primary Table 2 prints mean ± uncertainty but its footnote omits the label; article figure captions define error bars as SE and external data encode SD=SE*sqrt(3); repeat model treating printed values as SD,,,,ADMIT_EXACT_N_STRATUM; UNCERTAINTY_SENSITIVITY_REQUIRED,documented_or_reconstructed,multiple outcomes share an experimental contrast; cluster by experiment and study; do not treat outcomes or N strata as independent studies,,reported_error_type_ambiguous,,,,,Continuous_Flooding,150.0,
rice_primary_rice_ext_pair_0079_GHGI,rice_primary_466,10.3390/agronomy14030490,Integrated Effects of Straw Incorporation and N Application on Rice Yield and Greenhouse Gas Emissions in Three Rice-Based Cropping Systems,Bankole 2024,2024,2019,China,,,,D,Dwa,,,,,direct_return,GHGI,,,,1.916,0.597,1.022,0.331,3,3,1.16607784514,0.197307042853,220.938023451,rice_ext_pair_0079_control,Table 2,n=3 verified; primary Table 2 prints mean ± uncertainty but its footnote omits the label; article figure captions define error bars as SE and external data encode SD=SE*sqrt(3); repeat model treating printed values as SD,,,,ADMIT_EXACT_N_STRATUM; UNCERTAINTY_SENSITIVITY_REQUIRED,documented_or_reconstructed,multiple outcomes share an experimental contrast; cluster by experiment and study; do not treat outcomes or N strata as independent studies,,reported_error_type_ambiguous,,,,,Continuous_Flooding,150.0,
rice_primary_rice_ext_pair_0080_yield,rice_primary_466,10.3390/agronomy14030490,Integrated Effects of Straw Incorporation and N Application on Rice Yield and Greenhouse Gas Emissions in Three Rice-Based Cropping Systems,Bankole 2024,2024,2019,China,,,,D,Dwa,,,,,direct_return,yield,,,,10259.302,10762.209,1393.697,174.212,3,3,-0.0478560248215,0.00623882706155,-4.67289754362,rice_ext_pair_0080_control,Table 2,n=3 verified; primary Table 2 prints mean ± uncertainty but its footnote omits the label; article figure captions define error bars as SE and external data encode SD=SE*sqrt(3); repeat model treating printed values as SD,,,,ADMIT_EXACT_N_STRATUM; UNCERTAINTY_SENSITIVITY_REQUIRED,documented_or_reconstructed,multiple outcomes share an experimental contrast; cluster by experiment and study; do not treat outcomes or N strata as independent studies,,reported_error_type_ambiguous,,,,,Continuous_Flooding,180.0,
rice_primary_rice_ext_pair_0080_CH4,rice_primary_466,10.3390/agronomy14030490,Integrated Effects of Straw Incorporation and N Application on Rice Yield and Greenhouse Gas Emissions in Three Rice-Based Cropping Systems,Bankole 2024,2024,2019,China,,,,D,Dwa,,,,,direct_return,CH4,,,,288.7,351,104.443,147.917,3,3,-0.195398136797,0.102822980681,-17.7492877493,rice_ext_pair_0080_control,Table 2,n=3 verified; primary Table 2 prints mean ± uncertainty but its footnote omits the label; article figure captions define error bars as SE and external data encode SD=SE*sqrt(3); repeat model treating printed values as SD,,,,ADMIT_EXACT_N_STRATUM; UNCERTAINTY_SENSITIVITY_REQUIRED,documented_or_reconstructed,multiple outcomes share an experimental contrast; cluster by experiment and study; do not treat outcomes or N strata as independent studies,,reported_error_type_ambiguous,,,,,Continuous_Flooding,180.0,
rice_primary_rice_ext_pair_0080_N2O,rice_primary_466,10.3390/agronomy14030490,Integrated Effects of Straw Incorporation and N Application on Rice Yield and Greenhouse Gas Emissions in Three Rice-Based Cropping Systems,Bankole 2024,2024,2019,China,,,,D,Dwa,,,,,direct_return,N2O,,,,0.3,0.4,0.173,0.52,3,3,-0.287682072452,0.674181481481,-25,rice_ext_pair_0080_control,Table 2,n=3 verified; primary Table 2 prints mean ± uncertainty but its footnote omits the label; article figure captions define error bars as SE and external data encode SD=SE*sqrt(3); repeat model treating printed values as SD,,,,ADMIT_EXACT_N_STRATUM; UNCERTAINTY_SENSITIVITY_REQUIRED,documented_or_reconstructed,multiple outcomes share an experimental contrast; cluster by experiment and study; do not treat outcomes or N strata as independent studies,,reported_error_type_ambiguous,,,,,Continuous_Flooding,180.0,
rice_primary_rice_ext_pair_0080_GWP,rice_primary_466,10.3390/agronomy14030490,Integrated Effects of Straw Incorporation and N Application on Rice Yield and Greenhouse Gas Emissions in Three Rice-Based Cropping Systems,Bankole 2024,2024,2019,China,,,,D,Dwa,,,,,direct_return,GWP,,,,8136.63,9902.1,2914.334,4129.325,3,3,-0.196370766481,0.100730200606,-17.8292483413,rice_ext_pair_0080_control,Table 2,n=3 verified; primary Table 2 prints mean ± uncertainty but its footnote omits the label; article figure captions define error bars as SE and external data encode SD=SE*sqrt(3); repeat model treating printed values as SD,,,,ADMIT_EXACT_N_STRATUM; UNCERTAINTY_SENSITIVITY_REQUIRED,documented_or_reconstructed,multiple outcomes share an experimental contrast; cluster by experiment and study; do not treat outcomes or N strata as independent studies,,reported_error_type_ambiguous,,,,,Continuous_Flooding,180.0,
rice_primary_rice_ext_pair_0080_GHGI,rice_primary_466,10.3390/agronomy14030490,Integrated Effects of Straw Incorporation and N Application on Rice Yield and Greenhouse Gas Emissions in Three Rice-Based Cropping Systems,Bankole 2024,2024,2019,China,,,,D,Dwa,,,,,direct_return,GHGI,,,,0.793,0.92,0.304,0.384,3,3,-0.148550448408,0.107058686348,-13.8043478261,rice_ext_pair_0080_control,Table 2,n=3 verified; primary Table 2 prints mean ± uncertainty but its footnote omits the label; article figure captions define error bars as SE and external data encode SD=SE*sqrt(3); repeat model treating printed values as SD,,,,ADMIT_EXACT_N_STRATUM; UNCERTAINTY_SENSITIVITY_REQUIRED,documented_or_reconstructed,multiple outcomes share an experimental contrast; cluster by experiment and study; do not treat outcomes or N strata as independent studies,,reported_error_type_ambiguous,,,,,Continuous_Flooding,180.0,
rice_primary_rice_ext_pair_0081_yield,rice_primary_466,10.3390/agronomy14030490,Integrated Effects of Straw Incorporation and N Application on Rice Yield and Greenhouse Gas Emissions in Three Rice-Based Cropping Systems,Bankole 2024,2024,2019,China,,,,C,Cfa,,,Late_Season,,direct_return,yield,,,,6263.372,6760.465,860.99,344.396,3,3,-0.0763729764367,0.00716386174604,-7.35294095894,rice_ext_pair_0081_control,Table 2,n=3 verified; primary Table 2 prints mean ± uncertainty but its footnote omits the label; article figure captions define error bars as SE and external data encode SD=SE*sqrt(3); repeat model treating printed values as SD,,,,ADMIT_EXACT_N_STRATUM; UNCERTAINTY_SENSITIVITY_REQUIRED,documented_or_reconstructed,multiple outcomes share an experimental contrast; cluster by experiment and study; do not treat outcomes or N strata as independent studies,,reported_error_type_ambiguous,,,,,Continuous_Flooding,0.0,
rice_primary_rice_ext_pair_0081_CH4,rice_primary_466,10.3390/agronomy14030490,Integrated Effects of Straw Incorporation and N Application on Rice Yield and Greenhouse Gas Emissions in Three Rice-Based Cropping Systems,Bankole 2024,2024,2019,China,,,,C,Cfa,,,Late_Season,,direct_return,CH4,,,,634.7,687.4,126.267,268.987,3,3,-0.0797639181033,0.0642336930444,-7.66656968286,rice_ext_pair_0081_control,Table 2,n=3 verified; primary Table 2 prints mean ± uncertainty but its footnote omits the label; article figure captions define error bars as SE and external data encode SD=SE*sqrt(3); repeat model treating printed values as SD,,,,ADMIT_EXACT_N_STRATUM; UNCERTAINTY_SENSITIVITY_REQUIRED,documented_or_reconstructed,multiple outcomes share an experimental contrast; cluster by experiment and study; do not treat outcomes or N strata as independent studies,,reported_error_type_ambiguous,,,,,Continuous_Flooding,0.0,
rice_primary_rice_ext_pair_0081_N2O,rice_primary_466,10.3390/agronomy14030490,Integrated Effects of Straw Incorporation and N Application on Rice Yield and Greenhouse Gas Emissions in Three Rice-Based Cropping Systems,Bankole 2024,2024,2019,China,,,,C,Cfa,,,Late_Season,,direct_return,N2O,,,,1,1.2,0.693,1.386,3,3,-0.182321556794,0.604758,-16.6666666667,rice_ext_pair_0081_control,Table 2,n=3 verified; primary Table 2 prints mean ± uncertainty but its footnote omits the label; article figure captions define error bars as SE and external data encode SD=SE*sqrt(3); repeat model treating printed values as SD,,,,ADMIT_EXACT_N_STRATUM; UNCERTAINTY_SENSITIVITY_REQUIRED,documented_or_reconstructed,multiple outcomes share an experimental contrast; cluster by experiment and study; do not treat outcomes or N strata as independent studies,,reported_error_type_ambiguous,,,,,Continuous_Flooding,0.0,
rice_primary_rice_ext_pair_0081_GWP,rice_primary_466,10.3390/agronomy14030490,Integrated Effects of Straw Incorporation and N Application on Rice Yield and Greenhouse Gas Emissions in Three Rice-Based Cropping Systems,Bankole 2024,2024,2019,China,,,,C,Cfa,,,Late_Season,,direct_return,GWP,,,,17981.13,19506.06,3527.909,7514.279,3,3,-0.0814023118446,0.0622984133094,-7.81772433797,rice_ext_pair_0081_control,Table 2,n=3 verified; primary Table 2 prints mean ± uncertainty but its footnote omits the label; article figure captions define error bars as SE and external data encode SD=SE*sqrt(3); repeat model treating printed values as SD,,,,ADMIT_EXACT_N_STRATUM; UNCERTAINTY_SENSITIVITY_REQUIRED,documented_or_reconstructed,multiple outcomes share an experimental contrast; cluster by experiment and study; do not treat outcomes or N strata as independent studies,,reported_error_type_ambiguous,,,,,Continuous_Flooding,0.0,
rice_primary_rice_ext_pair_0081_GHGI,rice_primary_466,10.3390/agronomy14030490,Integrated Effects of Straw Incorporation and N Application on Rice Yield and Greenhouse Gas Emissions in Three Rice-Based Cropping Systems,Bankole 2024,2024,2019,China,,,,C,Cfa,,,Late_Season,,direct_return,GHGI,,,,2.871,2.885,0.688,1.121,3,3,-0.00486449882114,0.0694687711111,-0.485268630849,rice_ext_pair_0081_control,Table 2,n=3 verified; primary Table 2 prints mean ± uncertainty but its footnote omits the label; article figure captions define error bars as SE and external data encode SD=SE*sqrt(3); repeat model treating printed values as SD,,,,ADMIT_EXACT_N_STRATUM; UNCERTAINTY_SENSITIVITY_REQUIRED,documented_or_reconstructed,multiple outcomes share an experimental contrast; cluster by experiment and study; do not treat outcomes or N strata as independent studies,,reported_error_type_ambiguous,,,,,Continuous_Flooding,0.0,
rice_primary_rice_ext_pair_0082_yield,rice_primary_466,10.3390/agronomy14030490,Integrated Effects of Straw Incorporation and N Application on Rice Yield and Greenhouse Gas Emissions in Three Rice-Based Cropping Systems,Bankole 2024,2024,2019,China,,,,C,Cfa,,,Late_Season,,direct_return,yield,,,,8947.674,10041.279,860.99,1377.585,3,3,-0.115310886347,0.00936031585738,-10.8910926586,rice_ext_pair_0082_control,Table 2,n=3 verified; primary Table 2 prints mean ± uncertainty but its footnote omits the label; article figure captions define error bars as SE and external data encode SD=SE*sqrt(3); repeat model treating printed values as SD,,,,ADMIT_EXACT_N_STRATUM; UNCERTAINTY_SENSITIVITY_REQUIRED,documented_or_reconstructed,multiple outcomes share an experimental contrast; cluster by experiment and study; do not treat outcomes or N strata as independent studies,,reported_error_type_ambiguous,,,,,Continuous_Flooding,165.0,
rice_primary_rice_ext_pair_0082_CH4,rice_primary_466,10.3390/agronomy14030490,Integrated Effects of Straw Incorporation and N Application on Rice Yield and Greenhouse Gas Emissions in Three Rice-Based Cropping Systems,Bankole 2024,2024,2019,China,,,,C,Cfa,,,Late_Season,,direct_return,CH4,,,,891,576,209.925,161.774,3,3,0.436236766775,0.0447970763722,54.6875,rice_ext_pair_0082_control,Table 2,n=3 verified; primary Table 2 prints mean ± uncertainty but its footnote omits the label; article figure captions define error bars as SE and external data encode SD=SE*sqrt(3); repeat model treating printed values as SD,,,,ADMIT_EXACT_N_STRATUM; UNCERTAINTY_SENSITIVITY_REQUIRED,documented_or_reconstructed,multiple outcomes share an experimental contrast; cluster by experiment and study; do not treat outcomes or N strata as independent studies,,reported_error_type_ambiguous,,,,,Continuous_Flooding,165.0,
rice_primary_rice_ext_pair_0082_N2O,rice_primary_466,10.3390/agronomy14030490,Integrated Effects of Straw Incorporation and N Application on Rice Yield and Greenhouse Gas Emissions in Three Rice-Based Cropping Systems,Bankole 2024,2024,2019,China,,,,C,Cfa,,,Late_Season,,direct_return,N2O,,,,1.1,0.9,1.212,1.039,3,3,0.200670695462,0.848915093698,22.2222222222,rice_ext_pair_0082_control,Table 2,n=3 verified; primary Table 2 prints mean ± uncertainty but its footnote omits the label; article figure captions define error bars as SE and external data encode SD=SE*sqrt(3); repeat model treating printed values as SD,,,,ADMIT_EXACT_N_STRATUM; UNCERTAINTY_SENSITIVITY_REQUIRED,documented_or_reconstructed,multiple outcomes share an experimental contrast; cluster by experiment and study; do not treat outcomes or N strata as independent studies,,reported_error_type_ambiguous,,,,,Continuous_Flooding,165.0,
rice_primary_rice_ext_pair_0082_GWP,rice_primary_466,10.3390/agronomy14030490,Integrated Effects of Straw Incorporation and N Application on Rice Yield and Greenhouse Gas Emissions in Three Rice-Based Cropping Systems,Bankole 2024,2024,2019,China,,,,C,Cfa,,,Late_Season,,direct_return,GWP,,,,25159.2,16316.1,5866.241,4522.39,3,3,0.433071284435,0.0437303253909,54.1986136393,rice_ext_pair_0082_control,Table 2,n=3 verified; primary Table 2 prints mean ± uncertainty but its footnote omits the label; article figure captions define error bars as SE and external data encode SD=SE*sqrt(3); repeat model treating printed values as SD,,,,ADMIT_EXACT_N_STRATUM; UNCERTAINTY_SENSITIVITY_REQUIRED,documented_or_reconstructed,multiple outcomes share an experimental contrast; cluster by experiment and study; do not treat outcomes or N strata as independent studies,,reported_error_type_ambiguous,,,,,Continuous_Flooding,165.0,
rice_primary_rice_ext_pair_0082_GHGI,rice_primary_466,10.3390/agronomy14030490,Integrated Effects of Straw Incorporation and N Application on Rice Yield and Greenhouse Gas Emissions in Three Rice-Based Cropping Systems,Bankole 2024,2024,2019,China,,,,C,Cfa,,,Late_Season,,direct_return,GHGI,,,,2.812,1.625,0.709,0.503,3,3,0.548388158167,0.0531284894104,73.0461538462,rice_ext_pair_0082_control,Table 2,n=3 verified; primary Table 2 prints mean ± uncertainty but its footnote omits the label; article figure captions define error bars as SE and external data encode SD=SE*sqrt(3); repeat model treating printed values as SD,,,,ADMIT_EXACT_N_STRATUM; UNCERTAINTY_SENSITIVITY_REQUIRED,documented_or_reconstructed,multiple outcomes share an experimental contrast; cluster by experiment and study; do not treat outcomes or N strata as independent studies,,reported_error_type_ambiguous,,,,,Continuous_Flooding,165.0,
rice_primary_rice_ext_pair_0083_yield,rice_primary_466,10.3390/agronomy14030490,Integrated Effects of Straw Incorporation and N Application on Rice Yield and Greenhouse Gas Emissions in Three Rice-Based Cropping Systems,Bankole 2024,2024,2019,China,,,,C,Cfa,,,Late_Season,,direct_return,yield,,,,9842.442,10637.791,1549.783,1033.188,3,3,-0.0777089985704,0.0114088426156,-7.47663683184,rice_ext_pair_0083_control,Table 2,n=3 verified; primary Table 2 prints mean ± uncertainty but its footnote omits the label; article figure captions define error bars as SE and external data encode SD=SE*sqrt(3); repeat model treating printed values as SD,,,,ADMIT_EXACT_N_STRATUM; UNCERTAINTY_SENSITIVITY_REQUIRED,documented_or_reconstructed,multiple outcomes share an experimental contrast; cluster by experiment and study; do not treat outcomes or N strata as independent studies,,reported_error_type_ambiguous,,,,,Continuous_Flooding,195.0,
rice_primary_rice_ext_pair_0083_CH4,rice_primary_466,10.3390/agronomy14030490,Integrated Effects of Straw Incorporation and N Application on Rice Yield and Greenhouse Gas Emissions in Three Rice-Based Cropping Systems,Bankole 2024,2024,2019,China,,,,C,Cfa,,,Late_Season,,direct_return,CH4,,,,746.3,839.7,235.732,76.73,3,3,-0.117917021052,0.0360407549931,-11.1230201262,rice_ext_pair_0083_control,Table 2,n=3 verified; primary Table 2 prints mean ± uncertainty but its footnote omits the label; article figure captions define error bars as SE and external data encode SD=SE*sqrt(3); repeat model treating printed values as SD,,,,ADMIT_EXACT_N_STRATUM; UNCERTAINTY_SENSITIVITY_REQUIRED,documented_or_reconstructed,multiple outcomes share an experimental contrast; cluster by experiment and study; do not treat outcomes or N strata as independent studies,,reported_error_type_ambiguous,,,,,Continuous_Flooding,195.0,
rice_primary_rice_ext_pair_0083_N2O,rice_primary_466,10.3390/agronomy14030490,Integrated Effects of Straw Incorporation and N Application on Rice Yield and Greenhouse Gas Emissions in Three Rice-Based Cropping Systems,Bankole 2024,2024,2019,China,,,,C,Cfa,,,Late_Season,,direct_return,N2O,,,,1.8,1,0.52,1.212,3,3,0.587786664902,0.517466930041,80,rice_ext_pair_0083_control,Table 2,n=3 verified; primary Table 2 prints mean ± uncertainty but its footnote omits the label; article figure captions define error bars as SE and external data encode SD=SE*sqrt(3); repeat model treating printed values as SD,,,,ADMIT_EXACT_N_STRATUM; UNCERTAINTY_SENSITIVITY_REQUIRED,documented_or_reconstructed,multiple outcomes share an experimental contrast; cluster by experiment and study; do not treat outcomes or N strata as independent studies,,reported_error_type_ambiguous,,,,,Continuous_Flooding,195.0,
rice_primary_rice_ext_pair_0083_GWP,rice_primary_466,10.3390/agronomy14030490,Integrated Effects of Straw Incorporation and N Application on Rice Yield and Greenhouse Gas Emissions in Three Rice-Based Cropping Systems,Bankole 2024,2024,2019,China,,,,C,Cfa,,,Late_Season,,direct_return,GWP,,,,21313.17,23700.63,6578.456,2166.2,3,3,-0.106176438567,0.0345409078768,-10.0734031121,rice_ext_pair_0083_control,Table 2,n=3 verified; primary Table 2 prints mean ± uncertainty but its footnote omits the label; article figure captions define error bars as SE and external data encode SD=SE*sqrt(3); repeat model treating printed values as SD,,,,ADMIT_EXACT_N_STRATUM; UNCERTAINTY_SENSITIVITY_REQUIRED,documented_or_reconstructed,multiple outcomes share an experimental contrast; cluster by experiment and study; do not treat outcomes or N strata as independent studies,,reported_error_type_ambiguous,,,,,Continuous_Flooding,195.0,
rice_primary_rice_ext_pair_0083_GHGI,rice_primary_466,10.3390/agronomy14030490,Integrated Effects of Straw Incorporation and N Application on Rice Yield and Greenhouse Gas Emissions in Three Rice-Based Cropping Systems,Bankole 2024,2024,2019,China,,,,C,Cfa,,,Late_Season,,direct_return,GHGI,,,,2.165,2.228,0.75,0.297,3,3,-0.0286839606106,0.0459256132774,-2.8276481149,rice_ext_pair_0083_control,Table 2,n=3 verified; primary Table 2 prints mean ± uncertainty but its footnote omits the label; article figure captions define error bars as SE and external data encode SD=SE*sqrt(3); repeat model treating printed values as SD,,,,ADMIT_EXACT_N_STRATUM; UNCERTAINTY_SENSITIVITY_REQUIRED,documented_or_reconstructed,multiple outcomes share an experimental contrast; cluster by experiment and study; do not treat outcomes or N strata as independent studies,,reported_error_type_ambiguous,,,,,Continuous_Flooding,195.0,
rice_primary_rice_ext_pair_0085_yield,rice_primary_494,10.1016/j.agwat.2023.108434,Straw return alleviates the greenhouse effect of paddy fields by increasing soil organic carbon sequestration under water-saving irrigation,Han 2023,2023,2019,China,,,,D,Dwa,,,,,direct_return,yield,,,,9640,8360,606.218,381.051,3,3,0.142462681526,0.00201072324103,15.3110047847,rice_ext_pair_0085_control,Figure 3 (CH4/N2O); Table 4 (SOC); Table 6 (yield/GWP/GHGI),n=3 verified; primary tables/figures print plus-minus values without defining SE versus SD; external data encode SD=printed value*sqrt(3); repeat model treating printed values as SD,,,,ADMIT_EXACT_WATER_STRATUM; UNCERTAINTY_AND_SOC_BASELINE_SENSITIVITY_REQUIRED,documented_or_reconstructed,multiple outcomes share an experimental contrast; cluster by experiment and study; do not treat outcomes or N strata as independent studies,,reported_error_type_ambiguous,,,,,Controlled_Irrigation,110.0,
rice_primary_rice_ext_pair_0085_CH4,rice_primary_494,10.1016/j.agwat.2023.108434,Straw return alleviates the greenhouse effect of paddy fields by increasing soil organic carbon sequestration under water-saving irrigation,Han 2023,2023,2019,China,,,,D,Dwa,,,,,direct_return,CH4,,,,370.588,267.647,30.566,15.283,3,3,0.325421985294,0.00335448956627,38.4614809805,rice_ext_pair_0085_control,Figure 3 (CH4/N2O); Table 4 (SOC); Table 6 (yield/GWP/GHGI),n=3 verified; primary tables/figures print plus-minus values without defining SE versus SD; external data encode SD=printed value*sqrt(3); repeat model treating printed values as SD,,,,ADMIT_EXACT_WATER_STRATUM; UNCERTAINTY_AND_SOC_BASELINE_SENSITIVITY_REQUIRED,documented_or_reconstructed,multiple outcomes share an experimental contrast; cluster by experiment and study; do not treat outcomes or N strata as independent studies,,reported_error_type_ambiguous,,,,,Controlled_Irrigation,110.0,
rice_primary_rice_ext_pair_0085_N2O,rice_primary_494,10.1016/j.agwat.2023.108434,Straw return alleviates the greenhouse effect of paddy fields by increasing soil organic carbon sequestration under water-saving irrigation,Han 2023,2023,2019,China,,,,D,Dwa,,,,,direct_return,N2O,,,,0.851,0.666,0.069,0.053,3,3,0.245122458033,0.00430235039845,27.7777777778,rice_ext_pair_0085_control,Figure 3 (CH4/N2O); Table 4 (SOC); Table 6 (yield/GWP/GHGI),n=3 verified; primary tables/figures print plus-minus values without defining SE versus SD; external data encode SD=printed value*sqrt(3); repeat model treating printed values as SD,,,,ADMIT_EXACT_WATER_STRATUM; UNCERTAINTY_AND_SOC_BASELINE_SENSITIVITY_REQUIRED,documented_or_reconstructed,multiple outcomes share an experimental contrast; cluster by experiment and study; do not treat outcomes or N strata as independent studies,,reported_error_type_ambiguous,,,,,Controlled_Irrigation,110.0,
rice_primary_rice_ext_pair_0085_GWP,rice_primary_494,10.1016/j.agwat.2023.108434,Straw return alleviates the greenhouse effect of paddy fields by increasing soil organic carbon sequestration under water-saving irrigation,Han 2023,2023,2019,China,,,,D,Dwa,,,,,direct_return,GWP,,,,10571.863,7649.219,852.987,426.64,3,3,0.323592486776,0.00320697750423,38.2083974848,rice_ext_pair_0085_control,Figure 3 (CH4/N2O); Table 4 (SOC); Table 6 (yield/GWP/GHGI),n=3 verified; primary tables/figures print plus-minus values without defining SE versus SD; external data encode SD=printed value*sqrt(3); repeat model treating printed values as SD,,,,ADMIT_EXACT_WATER_STRATUM; UNCERTAINTY_AND_SOC_BASELINE_SENSITIVITY_REQUIRED,documented_or_reconstructed,multiple outcomes share an experimental contrast; cluster by experiment and study; do not treat outcomes or N strata as independent studies,,reported_error_type_ambiguous,,,,,Controlled_Irrigation,110.0,
rice_primary_rice_ext_pair_0085_GHGI,rice_primary_494,10.1016/j.agwat.2023.108434,Straw return alleviates the greenhouse effect of paddy fields by increasing soil organic carbon sequestration under water-saving irrigation,Han 2023,2023,2019,China,,,,D,Dwa,,,,,direct_return,GHGI,,,,1.097,0.915,0.112,0.066,3,3,0.181410395,0.00520887457468,19.8907103825,rice_ext_pair_0085_control,Figure 3 (CH4/N2O); Table 4 (SOC); Table 6 (yield/GWP/GHGI),n=3 verified; primary tables/figures print plus-minus values without defining SE versus SD; external data encode SD=printed value*sqrt(3); repeat model treating printed values as SD,,,,ADMIT_EXACT_WATER_STRATUM; UNCERTAINTY_AND_SOC_BASELINE_SENSITIVITY_REQUIRED,documented_or_reconstructed,multiple outcomes share an experimental contrast; cluster by experiment and study; do not treat outcomes or N strata as independent studies,,reported_error_type_ambiguous,,,,,Controlled_Irrigation,110.0,
rice_primary_rice_ext_pair_0086_yield,rice_primary_494,10.1016/j.agwat.2023.108434,Straw return alleviates the greenhouse effect of paddy fields by increasing soil organic carbon sequestration under water-saving irrigation,Han 2023,2023,2019,China,,,,D,Dwa,,,,,direct_return,yield,,,,8270,7130,502.295,311.769,3,3,0.148323274609,0.00186699284242,15.9887798036,rice_ext_pair_0086_control,Figure 3 (CH4/N2O); Table 4 (SOC); Table 6 (yield/GWP/GHGI),n=3 verified; primary tables/figures print plus-minus values without defining SE versus SD; external data encode SD=printed value*sqrt(3); repeat model treating printed values as SD,,,,ADMIT_EXACT_WATER_STRATUM; UNCERTAINTY_AND_SOC_BASELINE_SENSITIVITY_REQUIRED,documented_or_reconstructed,multiple outcomes share an experimental contrast; cluster by experiment and study; do not treat outcomes or N strata as independent studies,,reported_error_type_ambiguous,,,,,MidSeason_Drainage,110.0,
rice_primary_rice_ext_pair_0086_CH4,rice_primary_494,10.1016/j.agwat.2023.108434,Straw return alleviates the greenhouse effect of paddy fields by increasing soil organic carbon sequestration under water-saving irrigation,Han 2023,2023,2019,China,,,,D,Dwa,,,,,direct_return,CH4,,,,602.941,450,61.131,40.754,3,3,0.292571765063,0.00616048371961,33.9868888889,rice_ext_pair_0086_control,Figure 3 (CH4/N2O); Table 4 (SOC); Table 6 (yield/GWP/GHGI),n=3 verified; primary tables/figures print plus-minus values without defining SE versus SD; external data encode SD=printed value*sqrt(3); repeat model treating printed values as SD,,,,ADMIT_EXACT_WATER_STRATUM; UNCERTAINTY_AND_SOC_BASELINE_SENSITIVITY_REQUIRED,documented_or_reconstructed,multiple outcomes share an experimental contrast; cluster by experiment and study; do not treat outcomes or N strata as independent studies,,reported_error_type_ambiguous,,,,,MidSeason_Drainage,110.0,
rice_primary_rice_ext_pair_0086_N2O,rice_primary_494,10.1016/j.agwat.2023.108434,Straw return alleviates the greenhouse effect of paddy fields by increasing soil organic carbon sequestration under water-saving irrigation,Han 2023,2023,2019,China,,,,D,Dwa,,,,,direct_return,N2O,,,,0.454,0.322,0.038,0.031,3,3,0.343545652497,0.00542477016095,40.9937888199,rice_ext_pair_0086_control,Figure 3 (CH4/N2O); Table 4 (SOC); Table 6 (yield/GWP/GHGI),n=3 verified; primary tables/figures print plus-minus values without defining SE versus SD; external data encode SD=printed value*sqrt(3); repeat model treating printed values as SD,,,,ADMIT_EXACT_WATER_STRATUM; UNCERTAINTY_AND_SOC_BASELINE_SENSITIVITY_REQUIRED,documented_or_reconstructed,multiple outcomes share an experimental contrast; cluster by experiment and study; do not treat outcomes or N strata as independent studies,,reported_error_type_ambiguous,,,,,MidSeason_Drainage,110.0,
rice_primary_rice_ext_pair_0086_GWP,rice_primary_494,10.1016/j.agwat.2023.108434,Straw return alleviates the greenhouse effect of paddy fields by increasing soil organic carbon sequestration under water-saving irrigation,Han 2023,2023,2019,China,,,,D,Dwa,,,,,direct_return,GWP,,,,16946.113,12642.921,1705.592,1137.073,3,3,0.292941032201,0.00607292448141,34.0363749801,rice_ext_pair_0086_control,Figure 3 (CH4/N2O); Table 4 (SOC); Table 6 (yield/GWP/GHGI),n=3 verified; primary tables/figures print plus-minus values without defining SE versus SD; external data encode SD=printed value*sqrt(3); repeat model treating printed values as SD,,,,ADMIT_EXACT_WATER_STRATUM; UNCERTAINTY_AND_SOC_BASELINE_SENSITIVITY_REQUIRED,documented_or_reconstructed,multiple outcomes share an experimental contrast; cluster by experiment and study; do not treat outcomes or N strata as independent studies,,reported_error_type_ambiguous,,,,,MidSeason_Drainage,110.0,
rice_primary_rice_ext_pair_0086_GHGI,rice_primary_494,10.1016/j.agwat.2023.108434,Straw return alleviates the greenhouse effect of paddy fields by increasing soil organic carbon sequestration under water-saving irrigation,Han 2023,2023,2019,China,,,,D,Dwa,,,,,direct_return,GHGI,,,,2.049,1.773,0.241,0.177,3,3,0.144678842165,0.00793342134567,15.5668358714,rice_ext_pair_0086_control,Figure 3 (CH4/N2O); Table 4 (SOC); Table 6 (yield/GWP/GHGI),n=3 verified; primary tables/figures print plus-minus values without defining SE versus SD; external data encode SD=printed value*sqrt(3); repeat model treating printed values as SD,,,,ADMIT_EXACT_WATER_STRATUM; UNCERTAINTY_AND_SOC_BASELINE_SENSITIVITY_REQUIRED,documented_or_reconstructed,multiple outcomes share an experimental contrast; cluster by experiment and study; do not treat outcomes or N strata as independent studies,,reported_error_type_ambiguous,,,,,MidSeason_Drainage,110.0,
rice_primary_rice_ext_pair_0087_yield,rice_primary_494,10.1016/j.agwat.2023.108434,Straw return alleviates the greenhouse effect of paddy fields by increasing soil organic carbon sequestration under water-saving irrigation,Han 2023,2023,2020,China,,,,D,Dwa,,,,,direct_return,yield,,,,10030,9040,866.025,536.936,3,3,0.10392142757,0.00366100969897,10.9513274336,rice_ext_pair_0087_control,Figure 3 (CH4/N2O); Table 4 (SOC); Table 6 (yield/GWP/GHGI),n=3 verified; primary tables/figures print plus-minus values without defining SE versus SD; external data encode SD=printed value*sqrt(3); repeat model treating printed values as SD,,,,ADMIT_EXACT_WATER_STRATUM; UNCERTAINTY_AND_SOC_BASELINE_SENSITIVITY_REQUIRED,documented_or_reconstructed,multiple outcomes share an experimental contrast; cluster by experiment and study; do not treat outcomes or N strata as independent studies,,reported_error_type_ambiguous,,,,,Controlled_Irrigation,110.0,
rice_primary_rice_ext_pair_0087_CH4,rice_primary_494,10.1016/j.agwat.2023.108434,Straw return alleviates the greenhouse effect of paddy fields by increasing soil organic carbon sequestration under water-saving irrigation,Han 2023,2023,2020,China,,,,D,Dwa,,,,,direct_return,CH4,,,,214.706,126.471,15.283,10.189,3,3,0.529256617591,0.00385242955627,69.766982154,rice_ext_pair_0087_control,Figure 3 (CH4/N2O); Table 4 (SOC); Table 6 (yield/GWP/GHGI),n=3 verified; primary tables/figures print plus-minus values without defining SE versus SD; external data encode SD=printed value*sqrt(3); repeat model treating printed values as SD,,,,ADMIT_EXACT_WATER_STRATUM; UNCERTAINTY_AND_SOC_BASELINE_SENSITIVITY_REQUIRED,documented_or_reconstructed,multiple outcomes share an experimental contrast; cluster by experiment and study; do not treat outcomes or N strata as independent studies,,reported_error_type_ambiguous,,,,,Controlled_Irrigation,110.0,
rice_primary_rice_ext_pair_0087_N2O,rice_primary_494,10.1016/j.agwat.2023.108434,Straw return alleviates the greenhouse effect of paddy fields by increasing soil organic carbon sequestration under water-saving irrigation,Han 2023,2023,2020,China,,,,D,Dwa,,,,,direct_return,N2O,,,,0.847,0.732,0.061,0.069,3,3,0.145920180691,0.00469070027329,15.7103825137,rice_ext_pair_0087_control,Figure 3 (CH4/N2O); Table 4 (SOC); Table 6 (yield/GWP/GHGI),n=3 verified; primary tables/figures print plus-minus values without defining SE versus SD; external data encode SD=printed value*sqrt(3); repeat model treating printed values as SD,,,,ADMIT_EXACT_WATER_STRATUM; UNCERTAINTY_AND_SOC_BASELINE_SENSITIVITY_REQUIRED,documented_or_reconstructed,multiple outcomes share an experimental contrast; cluster by experiment and study; do not treat outcomes or N strata as independent studies,,reported_error_type_ambiguous,,,,,Controlled_Irrigation,110.0,
rice_primary_rice_ext_pair_0087_GWP,rice_primary_494,10.1016/j.agwat.2023.108434,Straw return alleviates the greenhouse effect of paddy fields by increasing soil organic carbon sequestration under water-saving irrigation,Han 2023,2023,2020,China,,,,D,Dwa,,,,,direct_return,GWP,,,,6221.54,3728.46,426.717,284.882,3,3,0.512022184761,0.00351409174264,66.86621286,rice_ext_pair_0087_control,Figure 3 (CH4/N2O); Table 4 (SOC); Table 6 (yield/GWP/GHGI),n=3 verified; primary tables/figures print plus-minus values without defining SE versus SD; external data encode SD=printed value*sqrt(3); repeat model treating printed values as SD,,,,ADMIT_EXACT_WATER_STRATUM; UNCERTAINTY_AND_SOC_BASELINE_SENSITIVITY_REQUIRED,documented_or_reconstructed,multiple outcomes share an experimental contrast; cluster by experiment and study; do not treat outcomes or N strata as independent studies,,reported_error_type_ambiguous,,,,,Controlled_Irrigation,110.0,
rice_primary_rice_ext_pair_0087_GHGI,rice_primary_494,10.1016/j.agwat.2023.108434,Straw return alleviates the greenhouse effect of paddy fields by increasing soil organic carbon sequestration under water-saving irrigation,Han 2023,2023,2020,China,,,,D,Dwa,,,,,direct_return,GHGI,,,,0.62,0.412,0.068,0.04,3,3,0.40869612869,0.00715169846922,50.4854368932,rice_ext_pair_0087_control,Figure 3 (CH4/N2O); Table 4 (SOC); Table 6 (yield/GWP/GHGI),n=3 verified; primary tables/figures print plus-minus values without defining SE versus SD; external data encode SD=printed value*sqrt(3); repeat model treating printed values as SD,,,,ADMIT_EXACT_WATER_STRATUM; UNCERTAINTY_AND_SOC_BASELINE_SENSITIVITY_REQUIRED,documented_or_reconstructed,multiple outcomes share an experimental contrast; cluster by experiment and study; do not treat outcomes or N strata as independent studies,,reported_error_type_ambiguous,,,,,Controlled_Irrigation,110.0,
rice_primary_rice_ext_pair_0088_yield,rice_primary_494,10.1016/j.agwat.2023.108434,Straw return alleviates the greenhouse effect of paddy fields by increasing soil organic carbon sequestration under water-saving irrigation,Han 2023,2023,2020,China,,,,D,Dwa,,,,,direct_return,yield,,,,9090,8150,727.461,623.538,3,3,0.109156980937,0.00408600921433,11.5337423313,rice_ext_pair_0088_control,Figure 3 (CH4/N2O); Table 4 (SOC); Table 6 (yield/GWP/GHGI),n=3 verified; primary tables/figures print plus-minus values without defining SE versus SD; external data encode SD=printed value*sqrt(3); repeat model treating printed values as SD,,,,ADMIT_EXACT_WATER_STRATUM; UNCERTAINTY_AND_SOC_BASELINE_SENSITIVITY_REQUIRED,documented_or_reconstructed,multiple outcomes share an experimental contrast; cluster by experiment and study; do not treat outcomes or N strata as independent studies,,reported_error_type_ambiguous,,,,,MidSeason_Drainage,110.0,
rice_primary_rice_ext_pair_0088_CH4,rice_primary_494,10.1016/j.agwat.2023.108434,Straw return alleviates the greenhouse effect of paddy fields by increasing soil organic carbon sequestration under water-saving irrigation,Han 2023,2023,2020,China,,,,D,Dwa,,,,,direct_return,CH4,,,,364.706,255.882,30.566,20.377,3,3,0.354375148842,0.0044552477644,42.5289782009,rice_ext_pair_0088_control,Figure 3 (CH4/N2O); Table 4 (SOC); Table 6 (yield/GWP/GHGI),n=3 verified; primary tables/figures print plus-minus values without defining SE versus SD; external data encode SD=printed value*sqrt(3); repeat model treating printed values as SD,,,,ADMIT_EXACT_WATER_STRATUM; UNCERTAINTY_AND_SOC_BASELINE_SENSITIVITY_REQUIRED,documented_or_reconstructed,multiple outcomes share an experimental contrast; cluster by experiment and study; do not treat outcomes or N strata as independent studies,,reported_error_type_ambiguous,,,,,MidSeason_Drainage,110.0,
rice_primary_rice_ext_pair_0088_N2O,rice_primary_494,10.1016/j.agwat.2023.108434,Straw return alleviates the greenhouse effect of paddy fields by increasing soil organic carbon sequestration under water-saving irrigation,Han 2023,2023,2020,China,,,,D,Dwa,,,,,direct_return,N2O,,,,0.596,0.472,0.046,0.046,3,3,0.23326168148,0.00515164265341,26.2711864407,rice_ext_pair_0088_control,Figure 3 (CH4/N2O); Table 4 (SOC); Table 6 (yield/GWP/GHGI),n=3 verified; primary tables/figures print plus-minus values without defining SE versus SD; external data encode SD=printed value*sqrt(3); repeat model treating printed values as SD,,,,ADMIT_EXACT_WATER_STRATUM; UNCERTAINTY_AND_SOC_BASELINE_SENSITIVITY_REQUIRED,documented_or_reconstructed,multiple outcomes share an experimental contrast; cluster by experiment and study; do not treat outcomes or N strata as independent studies,,reported_error_type_ambiguous,,,,,MidSeason_Drainage,110.0,
rice_primary_rice_ext_pair_0088_GWP,rice_primary_494,10.1016/j.agwat.2023.108434,Straw return alleviates the greenhouse effect of paddy fields by increasing soil organic carbon sequestration under water-saving irrigation,Han 2023,2023,2020,China,,,,D,Dwa,,,,,direct_return,GWP,,,,10337.89,7267.989,852.872,568.659,3,3,0.352336149312,0.0043093111424,42.2386577635,rice_ext_pair_0088_control,Figure 3 (CH4/N2O); Table 4 (SOC); Table 6 (yield/GWP/GHGI),n=3 verified; primary tables/figures print plus-minus values without defining SE versus SD; external data encode SD=printed value*sqrt(3); repeat model treating printed values as SD,,,,ADMIT_EXACT_WATER_STRATUM; UNCERTAINTY_AND_SOC_BASELINE_SENSITIVITY_REQUIRED,documented_or_reconstructed,multiple outcomes share an experimental contrast; cluster by experiment and study; do not treat outcomes or N strata as independent studies,,reported_error_type_ambiguous,,,,,MidSeason_Drainage,110.0,
rice_primary_rice_ext_pair_0088_GHGI,rice_primary_494,10.1016/j.agwat.2023.108434,Straw return alleviates the greenhouse effect of paddy fields by increasing soil organic carbon sequestration under water-saving irrigation,Han 2023,2023,2020,China,,,,D,Dwa,,,,,direct_return,GHGI,,,,1.137,0.892,0.131,0.098,3,3,0.242682361171,0.00844834278771,27.466367713,rice_ext_pair_0088_control,Figure 3 (CH4/N2O); Table 4 (SOC); Table 6 (yield/GWP/GHGI),n=3 verified; primary tables/figures print plus-minus values without defining SE versus SD; external data encode SD=printed value*sqrt(3); repeat model treating printed values as SD,,,,ADMIT_EXACT_WATER_STRATUM; UNCERTAINTY_AND_SOC_BASELINE_SENSITIVITY_REQUIRED,documented_or_reconstructed,multiple outcomes share an experimental contrast; cluster by experiment and study; do not treat outcomes or N strata as independent studies,,reported_error_type_ambiguous,,,,,MidSeason_Drainage,110.0,
rice_primary_rice_ext_pair_0085_SOC_0_20cm_postharvest,rice_primary_494,10.1016/j.agwat.2023.108434,Straw return alleviates the greenhouse effect of paddy fields by increasing soil organic carbon sequestration under water-saving irrigation,Han 2023,2023,2019,China,,,,D,Dwa,,,,,direct_return,SOC,,,,20.39,19.82,0.190525588833,0.138564064606,3,3,0.0283530556845,4.53958170431e-05,2.87588294652,rice_ext_pair_0085_control,Figure 3 (CH4/N2O); Table 4 (SOC); Table 6 (yield/GWP/GHGI),n=3 verified; primary tables/figures print plus-minus values without defining SE versus SD; external data encode SD=printed value*sqrt(3); repeat model treating printed values as SD,,,,ADMIT_EXACT_WATER_STRATUM; UNCERTAINTY_AND_SOC_BASELINE_SENSITIVITY_REQUIRED,documented_or_reconstructed,multiple outcomes share an experimental contrast; cluster by experiment and study; do not treat outcomes or N strata as independent studies,,reported_error_type_ambiguous,,,,,Controlled_Irrigation,110.0,
rice_primary_rice_ext_pair_0086_SOC_0_20cm_postharvest,rice_primary_494,10.1016/j.agwat.2023.108434,Straw return alleviates the greenhouse effect of paddy fields by increasing soil organic carbon sequestration under water-saving irrigation,Han 2023,2023,2019,China,,,,D,Dwa,,,,,direct_return,SOC,,,,20.14,19.82,0.207846096908,0.155884572681,3,3,0.0160163583886,5.61207235071e-05,1.61453077699,rice_ext_pair_0086_control,Figure 3 (CH4/N2O); Table 4 (SOC); Table 6 (yield/GWP/GHGI),n=3 verified; primary tables/figures print plus-minus values without defining SE versus SD; external data encode SD=printed value*sqrt(3); repeat model treating printed values as SD,,,,ADMIT_EXACT_WATER_STRATUM; UNCERTAINTY_AND_SOC_BASELINE_SENSITIVITY_REQUIRED,documented_or_reconstructed,multiple outcomes share an experimental contrast; cluster by experiment and study; do not treat outcomes or N strata as independent studies,,reported_error_type_ambiguous,,,,,MidSeason_Drainage,110.0,
rice_primary_rice_ext_pair_0087_SOC_0_20cm_postharvest,rice_primary_494,10.1016/j.agwat.2023.108434,Straw return alleviates the greenhouse effect of paddy fields by increasing soil organic carbon sequestration under water-saving irrigation,Han 2023,2023,2020,China,,,,D,Dwa,,,,,direct_return,SOC,,,,21.01,19.76,0.259807621135,0.190525588833,3,3,0.0613388225372,8.19611322542e-05,6.32591093117,rice_ext_pair_0087_control,Figure 3 (CH4/N2O); Table 4 (SOC); Table 6 (yield/GWP/GHGI),n=3 verified; primary tables/figures print plus-minus values without defining SE versus SD; external data encode SD=printed value*sqrt(3); repeat model treating printed values as SD,,,,ADMIT_EXACT_WATER_STRATUM; UNCERTAINTY_AND_SOC_BASELINE_SENSITIVITY_REQUIRED,documented_or_reconstructed,multiple outcomes share an experimental contrast; cluster by experiment and study; do not treat outcomes or N strata as independent studies,,reported_error_type_ambiguous,,,,,Controlled_Irrigation,110.0,
rice_primary_rice_ext_pair_0088_SOC_0_20cm_postharvest,rice_primary_494,10.1016/j.agwat.2023.108434,Straw return alleviates the greenhouse effect of paddy fields by increasing soil organic carbon sequestration under water-saving irrigation,Han 2023,2023,2020,China,,,,D,Dwa,,,,,direct_return,SOC,,,,20.58,19.8,0.329089653438,0.207846096908,3,3,0.0386377927054,0.00012196565056,3.93939393939,rice_ext_pair_0088_control,Figure 3 (CH4/N2O); Table 4 (SOC); Table 6 (yield/GWP/GHGI),n=3 verified; primary tables/figures print plus-minus values without defining SE versus SD; external data encode SD=printed value*sqrt(3); repeat model treating printed values as SD,,,,ADMIT_EXACT_WATER_STRATUM; UNCERTAINTY_AND_SOC_BASELINE_SENSITIVITY_REQUIRED,documented_or_reconstructed,multiple outcomes share an experimental contrast; cluster by experiment and study; do not treat outcomes or N strata as independent studies,,reported_error_type_ambiguous,,,,,MidSeason_Drainage,110.0,
rice_primary_53_2011_yield,rice_primary_53,10.1007/s11356-015-5227-7,,,,2011,China,,,,,,rice,,,,open_burning,yield,t ha-1,,,8.15,8.57,0.294448637287,0.277128129211,3,3,-0.0502498053569,0.00078365415169,-4.9008168028,study53_2011_NPK,Table 2,"primary table mean +/- SE, n=3; converted to arm SD",A_primary_exact_pair,A_primary_exact_pair,,ADMIT_NPK_MATCHED_BURNING_VS_STRAW_REMOVAL,documented_or_reconstructed,cluster repeated years and outcomes within study,,,crop harvest,,,,,,
rice_primary_53_2011_SOC,rice_primary_53,10.1007/s11356-015-5227-7,,,,2011,China,,,,,,rice,,,,open_burning,SOC,g kg-1,,,19.02,18.84,0.76210235533,0.24248711306,3,3,0.00950878796903,0.00059038057071,0.955414012739,study53_2011_NPK,Table 2,"primary table mean +/- SE, n=3; converted to arm SD",A_primary_exact_pair,A_primary_exact_pair,,ADMIT_NPK_MATCHED_BURNING_VS_STRAW_REMOVAL,documented_or_reconstructed,cluster repeated years and outcomes within study,,,0-20 cm post-harvest soil concentration,,,,,,
rice_primary_53_2012_yield,rice_primary_53,10.1007/s11356-015-5227-7,,,,2012,China,,,,,,rice,,,,open_burning,yield,t ha-1,,,8.83,8.46,0.346410161514,0.502294734195,3,3,0.0428058409977,0.00168807215084,4.37352245863,study53_2012_NPK,Table 2,"primary table mean +/- SE, n=3; converted to arm SD",A_primary_exact_pair,A_primary_exact_pair,,ADMIT_NPK_MATCHED_BURNING_VS_STRAW_REMOVAL,documented_or_reconstructed,cluster repeated years and outcomes within study,,,crop harvest,,,,,,
rice_primary_53_2012_SOC,rice_primary_53,10.1007/s11356-015-5227-7,,,,2012,China,,,,,,rice,,,,open_burning,SOC,g kg-1,,,19.12,19,0.571576766498,0.0866025403784,3,3,0.00629592845681,0.000304812587179,0.631578947368,study53_2012_NPK,Table 2,"primary table mean +/- SE, n=3; converted to arm SD",A_primary_exact_pair,A_primary_exact_pair,,ADMIT_NPK_MATCHED_BURNING_VS_STRAW_REMOVAL,documented_or_reconstructed,cluster repeated years and outcomes within study,,,0-20 cm post-harvest soil concentration,,,,,,
rice_primary_53_2013_yield,rice_primary_53,10.1007/s11356-015-5227-7,,,,2013,China,,,,,,rice,,,,open_burning,yield,t ha-1,,,9.09,8.7,0.450333209968,0.346410161514,3,3,0.0438518825288,0.00134659501303,4.48275862069,study53_2013_NPK,Table 2,"primary table mean +/- SE, n=3; converted to arm SD",A_primary_exact_pair,A_primary_exact_pair,,ADMIT_NPK_MATCHED_BURNING_VS_STRAW_REMOVAL,documented_or_reconstructed,cluster repeated years and outcomes within study,,,crop harvest,,,,,,
rice_primary_53_2013_SOC,rice_primary_53,10.1007/s11356-015-5227-7,,,,2013,China,,,,,,rice,,,,open_burning,SOC,g kg-1,,,18.91,19.06,0.346410161514,0.173205080757,3,3,-0.00790101555569,0.00013938724935,-0.786988457503,study53_2013_NPK,Table 2,"primary table mean +/- SE, n=3; converted to arm SD",A_primary_exact_pair,A_primary_exact_pair,,ADMIT_NPK_MATCHED_BURNING_VS_STRAW_REMOVAL,documented_or_reconstructed,cluster repeated years and outcomes within study,,,0-20 cm post-harvest soil concentration,,,,,,
rice_primary_53_2011_2012_CH4,rice_primary_53,10.1007/s11356-015-5227-7,,,,2011_2012,China,,,,,,rice,,,,open_burning,CH4,kg CH4-C ha-1 yr-1,,,99.3,102.61,14.0469320494,21.9104427157,3,3,-0.032789822823,0.0218688000689,-3.22580645161,study53_2011_2012_NPK,Table 3 total,"primary table mean +/- SE, n=3; converted to arm SD",A_primary_exact_pair,A_primary_exact_pair,,ADMIT_NPK_MATCHED_BURNING_VS_STRAW_REMOVAL,documented_or_reconstructed,cluster repeated years and outcomes within study,,,annual paddy-soil cycle; combustion pulse excluded,,,,,,
rice_primary_53_2011_2012_N2O,rice_primary_53,10.1007/s11356-015-5227-7,,,,2011_2012,China,,,,,,rice,,,,open_burning,N2O,kg N2O-N ha-1 yr-1,,,2.1,1.19,0.571576766498,0.0692820323028,3,3,0.567984037606,0.0258237412612,76.4705882353,study53_2011_2012_NPK,Table 3 total,"primary table mean +/- SE, n=3; converted to arm SD",A_primary_exact_pair,A_primary_exact_pair,,ADMIT_NPK_MATCHED_BURNING_VS_STRAW_REMOVAL,documented_or_reconstructed,cluster repeated years and outcomes within study,,,annual paddy-soil cycle; combustion pulse excluded,,,,,,
rice_primary_53_2012_2013_CH4,rice_primary_53,10.1007/s11356-015-5227-7,,,,2012_2013,China,,,,,,rice,,,,open_burning,CH4,kg CH4-C ha-1 yr-1,,,89.16,116.4,16.0734314942,26.6562619285,3,3,-0.26660002678,0.0283143783548,-23.4020618557,study53_2012_2013_NPK,Table 3 total,"primary table mean +/- SE, n=3; converted to arm SD",A_primary_exact_pair,A_primary_exact_pair,,ADMIT_NPK_MATCHED_BURNING_VS_STRAW_REMOVAL,documented_or_reconstructed,cluster repeated years and outcomes within study,,,annual paddy-soil cycle; combustion pulse excluded,,,,,,
rice_primary_53_2012_2013_N2O,rice_primary_53,10.1007/s11356-015-5227-7,,,,2012_2013,China,,,,,,rice,,,,open_burning,N2O,kg N2O-N ha-1 yr-1,,,0.66,0.43,0.0692820323028,0.103923048454,3,3,0.428454626333,0.0231430783572,53.488372093,study53_2012_2013_NPK,Table 3 total,"primary table mean +/- SE, n=3; converted to arm SD",A_primary_exact_pair,A_primary_exact_pair,,ADMIT_NPK_MATCHED_BURNING_VS_STRAW_REMOVAL,documented_or_reconstructed,cluster repeated years and outcomes within study,,,annual paddy-soil cycle; combustion pulse excluded,,,,,,
rice_primary_53_mean_2011_2013_SOC_sequestration_rate,rice_primary_53,10.1007/s11356-015-5227-7,,,,mean_2011_2013,China,,,,,,rice,,,,open_burning,SOC_sequestration_rate,t C ha-1 yr-1,,,0.31,0.5,0.103923048454,0.12124355653,3,3,-0.478035800943,0.0570609781478,-38,study53_mean_2011_2013_NPK,Table 4,"primary table mean +/- SE, n=3; converted to arm SD",A_primary_exact_pair,A_primary_exact_pair,,ADMIT_NPK_MATCHED_BURNING_VS_STRAW_REMOVAL,documented_or_reconstructed,cluster repeated years and outcomes within study,,,three-year SOC stock trend,,,,,,
rice_primary_53_mean_2011_2013_GWP,rice_primary_53,10.1007/s11356-015-5227-7,,,,mean_2011_2013,China,,,,,,rice,,,,open_burning,GWP,kg CO2-eq ha-1 yr-1,,,2767,2978,306.57299294,407.031939779,3,3,-0.073488233457,0.0103190373124,-7.08529214238,study53_mean_2011_2013_NPK,Table 4,"primary table mean +/- SE, n=3; converted to arm SD",A_primary_exact_pair,A_primary_exact_pair,,ADMIT_NPK_MATCHED_BURNING_VS_STRAW_REMOVAL,documented_or_reconstructed,cluster repeated years and outcomes within study,,,mean annual paddy-soil CH4+N2O; combustion pulse excluded,,,,,,
rice_primary_53_mean_2011_2013_net_GWP_SOC_adjusted,rice_primary_53,10.1007/s11356-015-5227-7,,,,mean_2011_2013,China,,,,,,rice,,,,open_burning,net_GWP_SOC_adjusted,kg CO2-eq ha-1 yr-1,,,1644,1136,407.031939779,192.25763964,3,3,0.369618976335,0.0299804900826,44.7183098592,study53_mean_2011_2013_NPK,Table 4,"primary table mean +/- SE, n=3; converted to arm SD",A_primary_exact_pair,A_primary_exact_pair,,ADMIT_NPK_MATCHED_BURNING_VS_STRAW_REMOVAL,documented_or_reconstructed,cluster repeated years and outcomes within study,,,soil CH4+N2O GWP minus SOC sequestration; combustion pulse excluded,,,,,,
rice_primary_rice_ext_pair_0136_CH4,rice_primary_69,10.1016/j.agee.2016.12.042,How does burning of rice straw affect CH4 and N2O emissions? A comparative experiment of different on-field straw management practices.,Romasanta 2017,2017,2015,Philippines,,,,A,Am,,,Wet_Season,,open_burning,CH4,,,,88,84,62.354,25.981,3,3,0.0465200156349,0.199244628478,4.7619047619,rice_ext_pair_0136_control,Table 4,"primary Table 4 mean +/- SE, n=3; SD=SE*sqrt(3)",A_primary_exact_pair_field_soil_boundary,A_primary_exact_pair_field_soil_boundary,,ADMIT_FIELD_SOIL_ENDPOINT; DO_NOT_INTERPRET_AS_FULL_BURNING_FOOTPRINT,documented_or_reconstructed,cluster two seasons within study; do not treat outcomes as independent studies,,,on-field soil emissions after burning; combustion pulse excluded,,,,Continuous_Flooding,73.0,
rice_primary_rice_ext_pair_0136_N2O,rice_primary_69,10.1016/j.agee.2016.12.042,How does burning of rice straw affect CH4 and N2O emissions? A comparative experiment of different on-field straw management practices.,Romasanta 2017,2017,2015,Philippines,,,,A,Am,,,Wet_Season,,open_burning,N2O,,,,2.3,1.4,1.039,1.732,3,3,0.496436886314,0.578196896982,64.2857142857,rice_ext_pair_0136_control,Table 4,"primary Table 4 mean +/- SE, n=3; SD=SE*sqrt(3)",A_primary_exact_pair_field_soil_boundary,A_primary_exact_pair_field_soil_boundary,,ADMIT_FIELD_SOIL_ENDPOINT; DO_NOT_INTERPRET_AS_FULL_BURNING_FOOTPRINT,documented_or_reconstructed,cluster two seasons within study; do not treat outcomes as independent studies,,,on-field soil emissions after burning; combustion pulse excluded,,,,Continuous_Flooding,73.0,
rice_primary_rice_ext_pair_0137_CH4,rice_primary_69,10.1016/j.agee.2016.12.042,How does burning of rice straw affect CH4 and N2O emissions? A comparative experiment of different on-field straw management practices.,Romasanta 2017,2017,2016,Philippines,,,,A,Am,,,Dry_Season,,open_burning,CH4,,,,51,22,39.837,24.249,3,3,0.840783179366,0.608349913097,131.818181818,rice_ext_pair_0137_control,Table 4,"primary Table 4 mean +/- SE, n=3; SD=SE*sqrt(3)",A_primary_exact_pair_field_soil_boundary,A_primary_exact_pair_field_soil_boundary,,ADMIT_FIELD_SOIL_ENDPOINT; DO_NOT_INTERPRET_AS_FULL_BURNING_FOOTPRINT,documented_or_reconstructed,cluster two seasons within study; do not treat outcomes as independent studies,,,on-field soil emissions after burning; combustion pulse excluded,,,,Continuous_Flooding,145.0,
rice_primary_rice_ext_pair_0137_N2O,rice_primary_69,10.1016/j.agee.2016.12.042,How does burning of rice straw affect CH4 and N2O emissions? A comparative experiment of different on-field straw management practices.,Romasanta 2017,2017,2016,Philippines,,,,A,Am,,,Dry_Season,,open_burning,N2O,,,,1.5,0.5,0.346,0.693,3,3,1.09861228867,0.658067703704,200,rice_ext_pair_0137_control,Table 4,"primary Table 4 mean +/- SE, n=3; SD=SE*sqrt(3)",A_primary_exact_pair_field_soil_boundary,A_primary_exact_pair_field_soil_boundary,,ADMIT_FIELD_SOIL_ENDPOINT; DO_NOT_INTERPRET_AS_FULL_BURNING_FOOTPRINT,documented_or_reconstructed,cluster two seasons within study; do not treat outcomes as independent studies,,,on-field soil emissions after burning; combustion pulse excluded,,,,Continuous_Flooding,145.0,
BiocharDS_v1_row_00470_CropYield,biochar_li2024SD_71,10.1016/j.agee.2014.03.002,Contrasting effects of straw and straw-derived biochar amendments on greenhouse gas emissions within double rice cropping systems,,,2011,China,,28.6167,113.3311,,,,rice,,rice straw,biochar_return,yield,Mg ha-1,NPK+LB,NPK,7.07,6.7,0.692820323028,0.831384387633,3,3,0.0537529535116,0.00833351291604,5.5223880597,study71_71_1_yield_NPK,Table 5,"primary SE converted to SD as SE*sqrt(n), n=3; lnRR sampling variance recomputed",A_primary_matched_pair_SE_converted_table_and_figure,B1_biochar_setting_independence_pending,primary_fulltext_review_reconciled_2026-09-23,ADMIT_WITH_SHARED_CONTROL_AND_REPEATED_SEASONS,documented_or_reconstructed,dose contrasts share NPK within outcome-season; seasons are repeated observations of one field experiment; retain study/season covariance structure,,,,,,,,,numeric table transcription
BiocharDS_v1_row_00471_CropYield,biochar_li2024SD_71,10.1016/j.agee.2014.03.002,Contrasting effects of straw and straw-derived biochar amendments on greenhouse gas emissions within double rice cropping systems,,,2011,China,,28.6167,113.3311,,,,rice,,rice straw,biochar_return,yield,Mg ha-1,NPK+HB,NPK,6.55,6.7,0.917986928012,0.831384387633,3,3,-0.0226424767498,0.0116799502215,-2.23880597015,study71_71_1_yield_NPK,Table 5,"primary SE converted to SD as SE*sqrt(n), n=3; lnRR sampling variance recomputed",A_primary_matched_pair_SE_converted_table_and_figure,B1_biochar_setting_independence_pending,primary_fulltext_review_reconciled_2026-09-23,ADMIT_WITH_SHARED_CONTROL_AND_REPEATED_SEASONS,documented_or_reconstructed,dose contrasts share NPK within outcome-season; seasons are repeated observations of one field experiment; retain study/season covariance structure,,,,,,,,,numeric table transcription
BiocharDS_v1_row_00474_CropYield,biochar_li2024SD_71,10.1016/j.agee.2014.03.002,Contrasting effects of straw and straw-derived biochar amendments on greenhouse gas emissions within double rice cropping systems,,,2012,China,,28.6167,113.3311,,,,rice,,rice straw,biochar_return,yield,Mg ha-1,NPK+LB,NPK,5.64,5.12,0.259807621135,1.26439708953,3,3,0.0967296264586,0.0210358553636,10.15625,study71_71_2_yield_NPK,Table 5,"primary SE converted to SD as SE*sqrt(n), n=3; lnRR sampling variance recomputed",A_primary_matched_pair_SE_converted_table_and_figure,B1_biochar_setting_independence_pending,primary_fulltext_review_reconciled_2026-09-23,ADMIT_WITH_SHARED_CONTROL_AND_REPEATED_SEASONS,documented_or_reconstructed,dose contrasts share NPK within outcome-season; seasons are repeated observations of one field experiment; retain study/season covariance structure,,,,,,,,,numeric table transcription
BiocharDS_v1_row_00475_CropYield,biochar_li2024SD_71,10.1016/j.agee.2014.03.002,Contrasting effects of straw and straw-derived biochar amendments on greenhouse gas emissions within double rice cropping systems,,,2012,China,,28.6167,113.3311,,,,rice,,rice straw,biochar_return,yield,Mg ha-1,NPK+HB,NPK,4.99,5.12,0.917986928012,1.26439708953,3,3,-0.025718529288,0.031609600921,-2.5390625,study71_71_2_yield_NPK,Table 5,"primary SE converted to SD as SE*sqrt(n), n=3; lnRR sampling variance recomputed",A_primary_matched_pair_SE_converted_table_and_figure,B1_biochar_setting_independence_pending,primary_fulltext_review_reconciled_2026-09-23,ADMIT_WITH_SHARED_CONTROL_AND_REPEATED_SEASONS,documented_or_reconstructed,dose contrasts share NPK within outcome-season; seasons are repeated observations of one field experiment; retain study/season covariance structure,,,,,,,,,numeric table transcription
BiocharDS_v1_row_00470_CH4,biochar_li2024SD_71,10.1016/j.agee.2014.03.002,Contrasting effects of straw and straw-derived biochar amendments on greenhouse gas emissions within double rice cropping systems,,,2011,China,,28.6167,113.3311,,,,rice,,rice straw,biochar_return,CH4,kg C ha-1 season-1,NPK+LB,NPK,36.66,36.66,17.3205080757,20.7846096908,3,3,0,0.181553616801,0,study71_71_1_CH4_NPK,Figure 3a,"primary SE converted to SD as SE*sqrt(n), n=3; lnRR sampling variance recomputed",A_primary_matched_pair_SE_converted_table_and_figure,B1_biochar_setting_independence_pending,primary_fulltext_review_reconciled_2026-09-23,ADMIT_WITH_SHARED_CONTROL_AND_REPEATED_SEASONS,documented_or_reconstructed,dose contrasts share NPK within outcome-season; seasons are repeated observations of one field experiment; retain study/season covariance structure,,,,,,,,,secondary digitization checked against primary figure
BiocharDS_v1_row_00471_CH4,biochar_li2024SD_71,10.1016/j.agee.2014.03.002,Contrasting effects of straw and straw-derived biochar amendments on greenhouse gas emissions within double rice cropping systems,,,2011,China,,28.6167,113.3311,,,,rice,,rice straw,biochar_return,CH4,kg C ha-1 season-1,NPK+HB,NPK,30,36.66,27.7128129211,20.7846096908,3,3,-0.200488860749,0.391590841245,-18.1669394435,study71_71_1_CH4_NPK,Figure 3a,"primary SE converted to SD as SE*sqrt(n), n=3; lnRR sampling variance recomputed",A_primary_matched_pair_SE_converted_table_and_figure,B1_biochar_setting_independence_pending,primary_fulltext_review_reconciled_2026-09-23,ADMIT_WITH_SHARED_CONTROL_AND_REPEATED_SEASONS,documented_or_reconstructed,dose contrasts share NPK within outcome-season; seasons are repeated observations of one field experiment; retain study/season covariance structure,,,,,,,,,secondary digitization checked against primary figure
BiocharDS_v1_row_00474_CH4,biochar_li2024SD_71,10.1016/j.agee.2014.03.002,Contrasting effects of straw and straw-derived biochar amendments on greenhouse gas emissions within double rice cropping systems,,,2012,China,,28.6167,113.3311,,,,rice,,rice straw,biochar_return,CH4,kg C ha-1 season-1,NPK+LB,NPK,23,26.66,8.66025403784,17.3205080757,3,3,-0.147670098821,0.187954318082,-13.728432108,study71_71_2_CH4_NPK,Figure 3a,"primary SE converted to SD as SE*sqrt(n), n=3; lnRR sampling variance recomputed",A_primary_matched_pair_SE_converted_table_and_figure,B1_biochar_setting_independence_pending,primary_fulltext_review_reconciled_2026-09-23,ADMIT_WITH_SHARED_CONTROL_AND_REPEATED_SEASONS,documented_or_reconstructed,dose contrasts share NPK within outcome-season; seasons are repeated observations of one field experiment; retain study/season covariance structure,,,,,,,,,secondary digitization checked against primary figure
BiocharDS_v1_row_00475_CH4,biochar_li2024SD_71,10.1016/j.agee.2014.03.002,Contrasting effects of straw and straw-derived biochar amendments on greenhouse gas emissions within double rice cropping systems,,,2012,China,,28.6167,113.3311,,,,rice,,rice straw,biochar_return,CH4,kg C ha-1 season-1,NPK+HB,NPK,16,26.66,6.92820323028,17.3205080757,3,3,-0.510575592511,0.203195338876,-39.9849962491,study71_71_2_CH4_NPK,Figure 3a,"primary SE converted to SD as SE*sqrt(n), n=3; lnRR sampling variance recomputed",A_primary_matched_pair_SE_converted_table_and_figure,B1_biochar_setting_independence_pending,primary_fulltext_review_reconciled_2026-09-23,ADMIT_WITH_SHARED_CONTROL_AND_REPEATED_SEASONS,documented_or_reconstructed,dose contrasts share NPK within outcome-season; seasons are repeated observations of one field experiment; retain study/season covariance structure,,,,,,,,,secondary digitization checked against primary figure
BiocharDS_v1_row_00470_N2O,biochar_li2024SD_71,10.1016/j.agee.2014.03.002,Contrasting effects of straw and straw-derived biochar amendments on greenhouse gas emissions within double rice cropping systems,,,2011,China,,28.6167,113.3311,,,,rice,,rice straw,biochar_return,N2O,g N ha-1 season-1,NPK+LB,NPK,56,45.25,6.92820323028,15.5884572681,3,3,0.213149020589,0.04466127283,23.7569060773,study71_71_1_N2O_NPK,Figure 3b,"primary SE converted to SD as SE*sqrt(n), n=3; lnRR sampling variance recomputed",A_primary_matched_pair_SE_converted_table_and_figure,B1_biochar_setting_independence_pending,primary_fulltext_review_reconciled_2026-09-23,ADMIT_WITH_SHARED_CONTROL_AND_REPEATED_SEASONS,documented_or_reconstructed,dose contrasts share NPK within outcome-season; seasons are repeated observations of one field experiment; retain study/season covariance structure,,,,,,,,,secondary digitization corrected and checked against primary figure
BiocharDS_v1_row_00471_N2O,biochar_li2024SD_71,10.1016/j.agee.2014.03.002,Contrasting effects of straw and straw-derived biochar amendments on greenhouse gas emissions within double rice cropping systems,,,2011,China,,28.6167,113.3311,,,,rice,,rice straw,biochar_return,N2O,g N ha-1 season-1,NPK+HB,NPK,62.5,45.25,15.5884572681,15.5884572681,3,3,0.322963886596,0.0602952320137,38.1215469613,study71_71_1_N2O_NPK,Figure 3b,"primary SE converted to SD as SE*sqrt(n), n=3; lnRR sampling variance recomputed",A_primary_matched_pair_SE_converted_table_and_figure,B1_biochar_setting_independence_pending,primary_fulltext_review_reconciled_2026-09-23,ADMIT_WITH_SHARED_CONTROL_AND_REPEATED_SEASONS,documented_or_reconstructed,dose contrasts share NPK within outcome-season; seasons are repeated observations of one field experiment; retain study/season covariance structure,,,,,,,,,secondary digitization corrected and checked against primary figure
BiocharDS_v1_row_00474_N2O,biochar_li2024SD_71,10.1016/j.agee.2014.03.002,Contrasting effects of straw and straw-derived biochar amendments on greenhouse gas emissions within double rice cropping systems,,,2012,China,,28.6167,113.3311,,,,rice,,rice straw,biochar_return,N2O,g N ha-1 season-1,NPK+LB,NPK,125,107.75,5.19615242271,19.0525588833,3,3,0.148500008318,0.0109979938523,16.0092807425,study71_71_2_N2O_NPK,Figure 3b,"primary SE converted to SD as SE*sqrt(n), n=3; lnRR sampling variance recomputed",A_primary_matched_pair_SE_converted_table_and_figure,B1_biochar_setting_independence_pending,primary_fulltext_review_reconciled_2026-09-23,ADMIT_WITH_SHARED_CONTROL_AND_REPEATED_SEASONS,documented_or_reconstructed,dose contrasts share NPK within outcome-season; seasons are repeated observations of one field experiment; retain study/season covariance structure,,,,,,,,,secondary digitization corrected and checked against primary figure
BiocharDS_v1_row_00475_N2O,biochar_li2024SD_71,10.1016/j.agee.2014.03.002,Contrasting effects of straw and straw-derived biochar amendments on greenhouse gas emissions within double rice cropping systems,,,2012,China,,28.6167,113.3311,,,,rice,,rice straw,biochar_return,N2O,g N ha-1 season-1,NPK+HB,NPK,200,107.75,15.5884572681,19.0525588833,3,3,0.618503637564,0.0124469938523,85.6148491879,study71_71_2_N2O_NPK,Figure 3b,"primary SE converted to SD as SE*sqrt(n), n=3; lnRR sampling variance recomputed",A_primary_matched_pair_SE_converted_table_and_figure,B1_biochar_setting_independence_pending,primary_fulltext_review_reconciled_2026-09-23,ADMIT_WITH_SHARED_CONTROL_AND_REPEATED_SEASONS,documented_or_reconstructed,dose contrasts share NPK within outcome-season; seasons are repeated observations of one field experiment; retain study/season covariance structure,,,,,,,,,secondary digitization corrected and checked against primary figure
BiocharDS_v1_row_00489_SOC,biochar_li2024SD_73,10.1007/s42773-021-00090-6,Combined application of biochar with fertilizer promotes nitrogen uptake in maize by increasing nitrogen retention in soil,,,2015,China,,40.8,123.55,,,,maize,,maize straw,biochar_return,SOC,g SOC kg-1 soil (0-20 cm),C1NPK,"NPK (195 kg N, 90 kg P2O5, 75 kg K2O ha-1 yr-1)",9.20000016689,8.99999976158,0.439999997616,0.230000000447,3,3,0.0219789513503,0.00098014031423,2.22222678455,study73_2015_SOC_NPK,Table 2,"primary Table 2 mean ± SD, n=3; delta-method lnRR variance recomputed",A_primary_exact_table_mean_SD,B1_biochar_setting_independence_pending,primary_fulltext_review_reconciled_2026-09-23,ADMIT_SOC_WITH_SHARED_CONTROL_AND_REPEATED_YEARS,documented_or_reconstructed,three biochar doses share the NPK control within year; 2015-2018 are repeated observations of the same plots; one independent field experiment with year and dose dependence retained,,,,,,,,,primary numeric table cross-check; secondary values retained after exact match
BiocharDS_v1_row_00490_SOC,biochar_li2024SD_73,10.1007/s42773-021-00090-6,Combined application of biochar with fertilizer promotes nitrogen uptake in maize by increasing nitrogen retention in soil,,,2015,China,,40.8,123.55,,,,maize,,maize straw,biochar_return,SOC,g SOC kg-1 soil (0-20 cm),C2NPK,"NPK (195 kg N, 90 kg P2O5, 75 kg K2O ha-1 yr-1)",9.80000019073,8.99999976158,0.109999999404,0.230000000447,3,3,0.085157854294,0.000259691873934,8.88889389274,study73_2015_SOC_NPK,Table 2,"primary Table 2 mean ± SD, n=3; delta-method lnRR variance recomputed",A_primary_exact_table_mean_SD,B1_biochar_setting_independence_pending,primary_fulltext_review_reconciled_2026-09-23,ADMIT_SOC_WITH_SHARED_CONTROL_AND_REPEATED_YEARS,documented_or_reconstructed,three biochar doses share the NPK control within year; 2015-2018 are repeated observations of the same plots; one independent field experiment with year and dose dependence retained,,,,,,,,,primary numeric table cross-check; secondary values retained after exact match
BiocharDS_v1_row_00491_SOC,biochar_li2024SD_73,10.1007/s42773-021-00090-6,Combined application of biochar with fertilizer promotes nitrogen uptake in maize by increasing nitrogen retention in soil,,,2015,China,,40.8,123.55,,,,maize,,maize straw,biochar_return,SOC,g SOC kg-1 soil (0-20 cm),C3NPK,"NPK (195 kg N, 90 kg P2O5, 75 kg K2O ha-1 yr-1)",10.0999999046,8.99999976158,0.0800000037998,0.230000000447,3,3,0.11531086356,0.0002386084704,12.2222241355,study73_2015_SOC_NPK,Table 2,"primary Table 2 mean ± SD, n=3; delta-method lnRR variance recomputed",A_primary_exact_table_mean_SD,B1_biochar_setting_independence_pending,primary_fulltext_review_reconciled_2026-09-23,ADMIT_SOC_WITH_SHARED_CONTROL_AND_REPEATED_YEARS,documented_or_reconstructed,three biochar doses share the NPK control within year; 2015-2018 are repeated observations of the same plots; one independent field experiment with year and dose dependence retained,,,,,,,,,primary numeric table cross-check; secondary values retained after exact match
BiocharDS_v1_row_00496_SOC,biochar_li2024SD_73,10.1007/s42773-021-00090-6,Combined application of biochar with fertilizer promotes nitrogen uptake in maize by increasing nitrogen retention in soil,,,2016,China,,40.8,123.55,,,,maize,,maize straw,biochar_return,SOC,g SOC kg-1 soil (0-20 cm),C1NPK,"NPK (195 kg N, 90 kg P2O5, 75 kg K2O ha-1 yr-1)",9.3900001049,8.97000014782,0.769999995828,0.740000009537,3,3,0.045759611842,0.00451004639395,4.6822736919,study73_2016_SOC_NPK,Table 2,"primary Table 2 mean ± SD, n=3; delta-method lnRR variance recomputed",A_primary_exact_table_mean_SD,B1_biochar_setting_independence_pending,primary_fulltext_review_reconciled_2026-09-23,ADMIT_SOC_WITH_SHARED_CONTROL_AND_REPEATED_YEARS,documented_or_reconstructed,three biochar doses share the NPK control within year; 2015-2018 are repeated observations of the same plots; one independent field experiment with year and dose dependence retained,,,,,,,,,primary numeric table cross-check; secondary values retained after exact match
BiocharDS_v1_row_00497_SOC,biochar_li2024SD_73,10.1007/s42773-021-00090-6,Combined application of biochar with fertilizer promotes nitrogen uptake in maize by increasing nitrogen retention in soil,,,2016,China,,40.8,123.55,,,,maize,,maize straw,biochar_return,SOC,g SOC kg-1 soil (0-20 cm),C2NPK,"NPK (195 kg N, 90 kg P2O5, 75 kg K2O ha-1 yr-1)",9.62000012398,8.97000014782,1.0000000149,0.740000009537,3,3,0.0699585850151,0.0058704714158,7.24637642638,study73_2016_SOC_NPK,Table 2,"primary Table 2 mean ± SD, n=3; delta-method lnRR variance recomputed",A_primary_exact_table_mean_SD,B1_biochar_setting_independence_pending,primary_fulltext_review_reconciled_2026-09-23,ADMIT_SOC_WITH_SHARED_CONTROL_AND_REPEATED_YEARS,documented_or_reconstructed,three biochar doses share the NPK control within year; 2015-2018 are repeated observations of the same plots; one independent field experiment with year and dose dependence retained,,,,,,,,,primary numeric table cross-check; secondary values retained after exact match
BiocharDS_v1_row_00498_SOC,biochar_li2024SD_73,10.1007/s42773-021-00090-6,Combined application of biochar with fertilizer promotes nitrogen uptake in maize by increasing nitrogen retention in soil,,,2016,China,,40.8,123.55,,,,maize,,maize straw,biochar_return,SOC,g SOC kg-1 soil (0-20 cm),C3NPK,"NPK (195 kg N, 90 kg P2O5, 75 kg K2O ha-1 yr-1)",10.4600000381,8.97000014782,0.82999996841,0.740000009537,3,3,0.153672769734,0.00436739896512,16.6109238102,study73_2016_SOC_NPK,Table 2,"primary Table 2 mean ± SD, n=3; delta-method lnRR variance recomputed",A_primary_exact_table_mean_SD,B1_biochar_setting_independence_pending,primary_fulltext_review_reconciled_2026-09-23,ADMIT_SOC_WITH_SHARED_CONTROL_AND_REPEATED_YEARS,documented_or_reconstructed,three biochar doses share the NPK control within year; 2015-2018 are repeated observations of the same plots; one independent field experiment with year and dose dependence retained,,,,,,,,,primary numeric table cross-check; secondary values retained after exact match
BiocharDS_v1_row_00503_SOC,biochar_li2024SD_73,10.1007/s42773-021-00090-6,Combined application of biochar with fertilizer promotes nitrogen uptake in maize by increasing nitrogen retention in soil,,,2017,China,,40.8,123.55,,,,maize,,maize straw,biochar_return,SOC,g SOC kg-1 soil (0-20 cm),C1NPK,"NPK (195 kg N, 90 kg P2O5, 75 kg K2O ha-1 yr-1)",10.0999999046,9.34000015259,0.909999981523,0.949999988079,3,3,0.0782291458271,0.00615445927085,8.13704218018,study73_2017_SOC_NPK,Table 2,"primary Table 2 mean ± SD, n=3; delta-method lnRR variance recomputed",A_primary_exact_table_mean_SD,B1_biochar_setting_independence_pending,primary_fulltext_review_reconciled_2026-09-23,ADMIT_SOC_WITH_SHARED_CONTROL_AND_REPEATED_YEARS,documented_or_reconstructed,three biochar doses share the NPK control within year; 2015-2018 are repeated observations of the same plots; one independent field experiment with year and dose dependence retained,,,,,,,,,primary numeric table cross-check; secondary values retained after exact match
BiocharDS_v1_row_00504_SOC,biochar_li2024SD_73,10.1007/s42773-021-00090-6,Combined application of biochar with fertilizer promotes nitrogen uptake in maize by increasing nitrogen retention in soil,,,2017,China,,40.8,123.55,,,,maize,,maize straw,biochar_return,SOC,g SOC kg-1 soil (0-20 cm),C2NPK,"NPK (195 kg N, 90 kg P2O5, 75 kg K2O ha-1 yr-1)",10.039999485,9.34000015259,1.22000001371,0.949999988079,3,3,0.0722707943926,0.00837039563035,7.49463941105,study73_2017_SOC_NPK,Table 2,"primary Table 2 mean ± SD, n=3; delta-method lnRR variance recomputed",A_primary_exact_table_mean_SD,B1_biochar_setting_independence_pending,primary_fulltext_review_reconciled_2026-09-23,ADMIT_SOC_WITH_SHARED_CONTROL_AND_REPEATED_YEARS,documented_or_reconstructed,three biochar doses share the NPK control within year; 2015-2018 are repeated observations of the same plots; one independent field experiment with year and dose dependence retained,,,,,,,,,primary numeric table cross-check; secondary values retained after exact match
BiocharDS_v1_row_00505_SOC,biochar_li2024SD_73,10.1007/s42773-021-00090-6,Combined application of biochar with fertilizer promotes nitrogen uptake in maize by increasing nitrogen retention in soil,,,2017,China,,40.8,123.55,,,,maize,,maize straw,biochar_return,SOC,g SOC kg-1 soil (0-20 cm),C3NPK,"NPK (195 kg N, 90 kg P2O5, 75 kg K2O ha-1 yr-1)",12.3500001431,9.34000015259,1.26000002027,0.949999988079,3,3,0.279349806079,0.00691816751771,32.2269800995,study73_2017_SOC_NPK,Table 2,"primary Table 2 mean ± SD, n=3; delta-method lnRR variance recomputed",A_primary_exact_table_mean_SD,B1_biochar_setting_independence_pending,primary_fulltext_review_reconciled_2026-09-23,ADMIT_SOC_WITH_SHARED_CONTROL_AND_REPEATED_YEARS,documented_or_reconstructed,three biochar doses share the NPK control within year; 2015-2018 are repeated observations of the same plots; one independent field experiment with year and dose dependence retained,,,,,,,,,primary numeric table cross-check; secondary values retained after exact match
BiocharDS_v1_row_00510_SOC,biochar_li2024SD_73,10.1007/s42773-021-00090-6,Combined application of biochar with fertilizer promotes nitrogen uptake in maize by increasing nitrogen retention in soil,,,2018,China,,40.8,123.55,,,,maize,,maize straw,biochar_return,SOC,g SOC kg-1 soil (0-20 cm),C1NPK,"NPK (195 kg N, 90 kg P2O5, 75 kg K2O ha-1 yr-1)",10.5400002003,9.34000015259,1.45999997854,1.75999999046,3,3,0.120871293537,0.0182320685831,12.8479660394,study73_2018_SOC_NPK,Table 2,"primary Table 2 mean ± SD, n=3; delta-method lnRR variance recomputed",A_primary_exact_table_mean_SD,B1_biochar_setting_independence_pending,primary_fulltext_review_reconciled_2026-09-23,ADMIT_SOC_WITH_SHARED_CONTROL_AND_REPEATED_YEARS,documented_or_reconstructed,three biochar doses share the NPK control within year; 2015-2018 are repeated observations of the same plots; one independent field experiment with year and dose dependence retained,,,,,,,,,primary numeric table cross-check; secondary values retained after exact match
BiocharDS_v1_row_00511_SOC,biochar_li2024SD_73,10.1007/s42773-021-00090-6,Combined application of biochar with fertilizer promotes nitrogen uptake in maize by increasing nitrogen retention in soil,,,2018,China,,40.8,123.55,,,,maize,,maize straw,biochar_return,SOC,g SOC kg-1 soil (0-20 cm),C2NPK,"NPK (195 kg N, 90 kg P2O5, 75 kg K2O ha-1 yr-1)",9.92999970913,9.34000015259,1.12000003457,1.75999999046,3,3,0.0612541801872,0.0160766388437,6.31691163707,study73_2018_SOC_NPK,Table 2,"primary Table 2 mean ± SD, n=3; delta-method lnRR variance recomputed",A_primary_exact_table_mean_SD,B1_biochar_setting_independence_pending,primary_fulltext_review_reconciled_2026-09-23,ADMIT_SOC_WITH_SHARED_CONTROL_AND_REPEATED_YEARS,documented_or_reconstructed,three biochar doses share the NPK control within year; 2015-2018 are repeated observations of the same plots; one independent field experiment with year and dose dependence retained,,,,,,,,,primary numeric table cross-check; secondary values retained after exact match
BiocharDS_v1_row_00512_SOC,biochar_li2024SD_73,10.1007/s42773-021-00090-6,Combined application of biochar with fertilizer promotes nitrogen uptake in maize by increasing nitrogen retention in soil,,,2018,China,,40.8,123.55,,,,maize,,maize straw,biochar_return,SOC,g SOC kg-1 soil (0-20 cm),C3NPK,"NPK (195 kg N, 90 kg P2O5, 75 kg K2O ha-1 yr-1)",12.1500003338,9.34000015259,1.18000000715,1.75999999046,3,3,0.263022928681,0.0149802012574,30.0856545534,study73_2018_SOC_NPK,Table 2,"primary Table 2 mean ± SD, n=3; delta-method lnRR variance recomputed",A_primary_exact_table_mean_SD,B1_biochar_setting_independence_pending,primary_fulltext_review_reconciled_2026-09-23,ADMIT_SOC_WITH_SHARED_CONTROL_AND_REPEATED_YEARS,documented_or_reconstructed,three biochar doses share the NPK control within year; 2015-2018 are repeated observations of the same plots; one independent field experiment with year and dose dependence retained,,,,,,,,,primary numeric table cross-check; secondary values retained after exact match
wei_2015_2008_L_SOC_0_20cm,wei_heyang_2007_2011,10.1371/journal.pone.0120994,Effects of Wheat Straw Incorporation on the Availability of Soil Nutrients and Enzyme Activities in Semiarid Areas,Wei et al. 2015,2015,2008,China,"Ganjing Research Station, Heyang, Shaanxi",35.4,110.2833,,,winter wheat,,,,direct_return,SOC,"g SOC kg-1 soil, 0-20 cm","L, wheat straw incorporated at 3000 kg ha-1 yr-1","CK, no wheat straw incorporation",15,15,0.5,0.9,3,3,0,0.00157037037037,0,wei_2015_2008_0-20 cm_CK,Table 4,"primary Table 4 mean ± SD, n=3; delta-method lnRR variance",A_primary_exact_table_mean_SD,A_primary_exact_table_mean_SD,,ADMIT_WITH_SHARED_CONTROL_REPEATED_YEARS_DEPTHS,documented_or_reconstructed,three straw rates share CK within year-depth; years repeat the same field plots; depths are nested; one independent experiment,,,,,soil organic carbon by K2Cr2O7-H2SO4 digestion,,"rainfed, no irrigation",,primary numeric table transcription
wei_2015_2008_L_SOC_20_40cm,wei_heyang_2007_2011,10.1371/journal.pone.0120994,Effects of Wheat Straw Incorporation on the Availability of Soil Nutrients and Enzyme Activities in Semiarid Areas,Wei et al. 2015,2015,2008,China,"Ganjing Research Station, Heyang, Shaanxi",35.4,110.2833,,,winter wheat,,,,direct_return,SOC,"g SOC kg-1 soil, 20-40 cm","L, wheat straw incorporated at 3000 kg ha-1 yr-1","CK, no wheat straw incorporation",9,9,1,0.3,3,3,0,0.00448559670782,0,wei_2015_2008_20-40 cm_CK,Table 4,"primary Table 4 mean ± SD, n=3; delta-method lnRR variance",A_primary_exact_table_mean_SD,A_primary_exact_table_mean_SD,,ADMIT_WITH_SHARED_CONTROL_REPEATED_YEARS_DEPTHS,documented_or_reconstructed,three straw rates share CK within year-depth; years repeat the same field plots; depths are nested; one independent experiment,,,,,soil organic carbon by K2Cr2O7-H2SO4 digestion,,"rainfed, no irrigation",,primary numeric table transcription
wei_2015_2008_M_SOC_0_20cm,wei_heyang_2007_2011,10.1371/journal.pone.0120994,Effects of Wheat Straw Incorporation on the Availability of Soil Nutrients and Enzyme Activities in Semiarid Areas,Wei et al. 2015,2015,2008,China,"Ganjing Research Station, Heyang, Shaanxi",35.4,110.2833,,,winter wheat,,,,direct_return,SOC,"g SOC kg-1 soil, 0-20 cm","M, wheat straw incorporated at 6000 kg ha-1 yr-1","CK, no wheat straw incorporation",17,15,0.2,0.9,3,3,0.125163142954,0.0012461361015,13.3333333333,wei_2015_2008_0-20 cm_CK,Table 4,"primary Table 4 mean ± SD, n=3; delta-method lnRR variance",A_primary_exact_table_mean_SD,A_primary_exact_table_mean_SD,,ADMIT_WITH_SHARED_CONTROL_REPEATED_YEARS_DEPTHS,documented_or_reconstructed,three straw rates share CK within year-depth; years repeat the same field plots; depths are nested; one independent experiment,,,,,soil organic carbon by K2Cr2O7-H2SO4 digestion,,"rainfed, no irrigation",,primary numeric table transcription
wei_2015_2008_M_SOC_20_40cm,wei_heyang_2007_2011,10.1371/journal.pone.0120994,Effects of Wheat Straw Incorporation on the Availability of Soil Nutrients and Enzyme Activities in Semiarid Areas,Wei et al. 2015,2015,2008,China,"Ganjing Research Station, Heyang, Shaanxi",35.4,110.2833,,,winter wheat,,,,direct_return,SOC,"g SOC kg-1 soil, 20-40 cm","M, wheat straw incorporated at 6000 kg ha-1 yr-1","CK, no wheat straw incorporation",11,9,0.8,0.3,3,3,0.200670695462,0.00213345576982,22.2222222222,wei_2015_2008_20-40 cm_CK,Table 4,"primary Table 4 mean ± SD, n=3; delta-method lnRR variance",A_primary_exact_table_mean_SD,A_primary_exact_table_mean_SD,,ADMIT_WITH_SHARED_CONTROL_REPEATED_YEARS_DEPTHS,documented_or_reconstructed,three straw rates share CK within year-depth; years repeat the same field plots; depths are nested; one independent experiment,,,,,soil organic carbon by K2Cr2O7-H2SO4 digestion,,"rainfed, no irrigation",,primary numeric table transcription
wei_2015_2008_H_SOC_0_20cm,wei_heyang_2007_2011,10.1371/journal.pone.0120994,Effects of Wheat Straw Incorporation on the Availability of Soil Nutrients and Enzyme Activities in Semiarid Areas,Wei et al. 2015,2015,2008,China,"Ganjing Research Station, Heyang, Shaanxi",35.4,110.2833,,,winter wheat,,,,direct_return,SOC,"g SOC kg-1 soil, 0-20 cm","H, wheat straw incorporated at 9000 kg ha-1 yr-1","CK, no wheat straw incorporation",17,15,0.71,0.9,3,3,0.125163142954,0.00178143021915,13.3333333333,wei_2015_2008_0-20 cm_CK,Table 4,"primary Table 4 mean ± SD, n=3; delta-method lnRR variance",A_primary_exact_table_mean_SD,A_primary_exact_table_mean_SD,,ADMIT_WITH_SHARED_CONTROL_REPEATED_YEARS_DEPTHS,documented_or_reconstructed,three straw rates share CK within year-depth; years repeat the same field plots; depths are nested; one independent experiment,,,,,soil organic carbon by K2Cr2O7-H2SO4 digestion,,"rainfed, no irrigation",,primary numeric table transcription
wei_2015_2008_H_SOC_20_40cm,wei_heyang_2007_2011,10.1371/journal.pone.0120994,Effects of Wheat Straw Incorporation on the Availability of Soil Nutrients and Enzyme Activities in Semiarid Areas,Wei et al. 2015,2015,2008,China,"Ganjing Research Station, Heyang, Shaanxi",35.4,110.2833,,,winter wheat,,,,direct_return,SOC,"g SOC kg-1 soil, 20-40 cm","H, wheat straw incorporated at 9000 kg ha-1 yr-1","CK, no wheat straw incorporation",11,9,0.6,0.3,3,3,0.200670695462,0.00136210590756,22.2222222222,wei_2015_2008_20-40 cm_CK,Table 4,"primary Table 4 mean ± SD, n=3; delta-method lnRR variance",A_primary_exact_table_mean_SD,A_primary_exact_table_mean_SD,,ADMIT_WITH_SHARED_CONTROL_REPEATED_YEARS_DEPTHS,documented_or_reconstructed,three straw rates share CK within year-depth; years repeat the same field plots; depths are nested; one independent experiment,,,,,soil organic carbon by K2Cr2O7-H2SO4 digestion,,"rainfed, no irrigation",,primary numeric table transcription
wei_2015_2009_L_SOC_0_20cm,wei_heyang_2007_2011,10.1371/journal.pone.0120994,Effects of Wheat Straw Incorporation on the Availability of Soil Nutrients and Enzyme Activities in Semiarid Areas,Wei et al. 2015,2015,2009,China,"Ganjing Research Station, Heyang, Shaanxi",35.4,110.2833,,,winter wheat,,,,direct_return,SOC,"g SOC kg-1 soil, 0-20 cm","L, wheat straw incorporated at 3000 kg ha-1 yr-1","CK, no wheat straw incorporation",16,15,0.5,0.4,3,3,0.0645385211376,0.00056255787037,6.66666666667,wei_2015_2009_0-20 cm_CK,Table 4,"primary Table 4 mean ± SD, n=3; delta-method lnRR variance",A_primary_exact_table_mean_SD,A_primary_exact_table_mean_SD,,ADMIT_WITH_SHARED_CONTROL_REPEATED_YEARS_DEPTHS,documented_or_reconstructed,three straw rates share CK within year-depth; years repeat the same field plots; depths are nested; one independent experiment,,,,,soil organic carbon by K2Cr2O7-H2SO4 digestion,,"rainfed, no irrigation",,primary numeric table transcription
wei_2015_2009_L_SOC_20_40cm,wei_heyang_2007_2011,10.1371/journal.pone.0120994,Effects of Wheat Straw Incorporation on the Availability of Soil Nutrients and Enzyme Activities in Semiarid Areas,Wei et al. 2015,2015,2009,China,"Ganjing Research Station, Heyang, Shaanxi",35.4,110.2833,,,winter wheat,,,,direct_return,SOC,"g SOC kg-1 soil, 20-40 cm","L, wheat straw incorporated at 3000 kg ha-1 yr-1","CK, no wheat straw incorporation",9,9,0.7,0.4,3,3,0,0.00267489711934,0,wei_2015_2009_20-40 cm_CK,Table 4,"primary Table 4 mean ± SD, n=3; delta-method lnRR variance",A_primary_exact_table_mean_SD,A_primary_exact_table_mean_SD,,ADMIT_WITH_SHARED_CONTROL_REPEATED_YEARS_DEPTHS,documented_or_reconstructed,three straw rates share CK within year-depth; years repeat the same field plots; depths are nested; one independent experiment,,,,,soil organic carbon by K2Cr2O7-H2SO4 digestion,,"rainfed, no irrigation",,primary numeric table transcription
wei_2015_2009_M_SOC_0_20cm,wei_heyang_2007_2011,10.1371/journal.pone.0120994,Effects of Wheat Straw Incorporation on the Availability of Soil Nutrients and Enzyme Activities in Semiarid Areas,Wei et al. 2015,2015,2009,China,"Ganjing Research Station, Heyang, Shaanxi",35.4,110.2833,,,winter wheat,,,,direct_return,SOC,"g SOC kg-1 soil, 0-20 cm","M, wheat straw incorporated at 6000 kg ha-1 yr-1","CK, no wheat straw incorporation",17,15,0.6,0.4,3,3,0.125163142954,0.000652261950532,13.3333333333,wei_2015_2009_0-20 cm_CK,Table 4,"primary Table 4 mean ± SD, n=3; delta-method lnRR variance",A_primary_exact_table_mean_SD,A_primary_exact_table_mean_SD,,ADMIT_WITH_SHARED_CONTROL_REPEATED_YEARS_DEPTHS,documented_or_reconstructed,three straw rates share CK within year-depth; years repeat the same field plots; depths are nested; one independent experiment,,,,,soil organic carbon by K2Cr2O7-H2SO4 digestion,,"rainfed, no irrigation",,primary numeric table transcription
wei_2015_2009_M_SOC_20_40cm,wei_heyang_2007_2011,10.1371/journal.pone.0120994,Effects of Wheat Straw Incorporation on the Availability of Soil Nutrients and Enzyme Activities in Semiarid Areas,Wei et al. 2015,2015,2009,China,"Ganjing Research Station, Heyang, Shaanxi",35.4,110.2833,,,winter wheat,,,,direct_return,SOC,"g SOC kg-1 soil, 20-40 cm","M, wheat straw incorporated at 6000 kg ha-1 yr-1","CK, no wheat straw incorporation",11,9,0.4,0.4,3,3,0.200670695462,0.00109920756385,22.2222222222,wei_2015_2009_20-40 cm_CK,Table 4,"primary Table 4 mean ± SD, n=3; delta-method lnRR variance",A_primary_exact_table_mean_SD,A_primary_exact_table_mean_SD,,ADMIT_WITH_SHARED_CONTROL_REPEATED_YEARS_DEPTHS,documented_or_reconstructed,three straw rates share CK within year-depth; years repeat the same field plots; depths are nested; one independent experiment,,,,,soil organic carbon by K2Cr2O7-H2SO4 digestion,,"rainfed, no irrigation",,primary numeric table transcription
wei_2015_2009_H_SOC_0_20cm,wei_heyang_2007_2011,10.1371/journal.pone.0120994,Effects of Wheat Straw Incorporation on the Availability of Soil Nutrients and Enzyme Activities in Semiarid Areas,Wei et al. 2015,2015,2009,China,"Ganjing Research Station, Heyang, Shaanxi",35.4,110.2833,,,winter wheat,,,,direct_return,SOC,"g SOC kg-1 soil, 0-20 cm","H, wheat straw incorporated at 9000 kg ha-1 yr-1","CK, no wheat straw incorporation",17,15,0.3,0.4,3,3,0.125163142954,0.000340843265411,13.3333333333,wei_2015_2009_0-20 cm_CK,Table 4,"primary Table 4 mean ± SD, n=3; delta-method lnRR variance",A_primary_exact_table_mean_SD,A_primary_exact_table_mean_SD,,ADMIT_WITH_SHARED_CONTROL_REPEATED_YEARS_DEPTHS,documented_or_reconstructed,three straw rates share CK within year-depth; years repeat the same field plots; depths are nested; one independent experiment,,,,,soil organic carbon by K2Cr2O7-H2SO4 digestion,,"rainfed, no irrigation",,primary numeric table transcription
wei_2015_2009_H_SOC_20_40cm,wei_heyang_2007_2011,10.1371/journal.pone.0120994,Effects of Wheat Straw Incorporation on the Availability of Soil Nutrients and Enzyme Activities in Semiarid Areas,Wei et al. 2015,2015,2009,China,"Ganjing Research Station, Heyang, Shaanxi",35.4,110.2833,,,winter wheat,,,,direct_return,SOC,"g SOC kg-1 soil, 20-40 cm","H, wheat straw incorporated at 9000 kg ha-1 yr-1","CK, no wheat straw incorporation",11,9,1.1,0.4,3,3,0.200670695462,0.00399176954733,22.2222222222,wei_2015_2009_20-40 cm_CK,Table 4,"primary Table 4 mean ± SD, n=3; delta-method lnRR variance",A_primary_exact_table_mean_SD,A_primary_exact_table_mean_SD,,ADMIT_WITH_SHARED_CONTROL_REPEATED_YEARS_DEPTHS,documented_or_reconstructed,three straw rates share CK within year-depth; years repeat the same field plots; depths are nested; one independent experiment,,,,,soil organic carbon by K2Cr2O7-H2SO4 digestion,,"rainfed, no irrigation",,primary numeric table transcription
wei_2015_2010_L_SOC_0_20cm,wei_heyang_2007_2011,10.1371/journal.pone.0120994,Effects of Wheat Straw Incorporation on the Availability of Soil Nutrients and Enzyme Activities in Semiarid Areas,Wei et al. 2015,2015,2010,China,"Ganjing Research Station, Heyang, Shaanxi",35.4,110.2833,,,winter wheat,,,,direct_return,SOC,"g SOC kg-1 soil, 0-20 cm","L, wheat straw incorporated at 3000 kg ha-1 yr-1","CK, no wheat straw incorporation",16,15,0.3,0.3,3,3,0.0645385211376,0.000250520833333,6.66666666667,wei_2015_2010_0-20 cm_CK,Table 4,"primary Table 4 mean ± SD, n=3; delta-method lnRR variance",A_primary_exact_table_mean_SD,A_primary_exact_table_mean_SD,,ADMIT_WITH_SHARED_CONTROL_REPEATED_YEARS_DEPTHS,documented_or_reconstructed,three straw rates share CK within year-depth; years repeat the same field plots; depths are nested; one independent experiment,,,,,soil organic carbon by K2Cr2O7-H2SO4 digestion,,"rainfed, no irrigation",,primary numeric table transcription
wei_2015_2010_L_SOC_20_40cm,wei_heyang_2007_2011,10.1371/journal.pone.0120994,Effects of Wheat Straw Incorporation on the Availability of Soil Nutrients and Enzyme Activities in Semiarid Areas,Wei et al. 2015,2015,2010,China,"Ganjing Research Station, Heyang, Shaanxi",35.4,110.2833,,,winter wheat,,,,direct_return,SOC,"g SOC kg-1 soil, 20-40 cm","L, wheat straw incorporated at 3000 kg ha-1 yr-1","CK, no wheat straw incorporation",9,9,0.6,0.4,3,3,0,0.00213991769547,0,wei_2015_2010_20-40 cm_CK,Table 4,"primary Table 4 mean ± SD, n=3; delta-method lnRR variance",A_primary_exact_table_mean_SD,A_primary_exact_table_mean_SD,,ADMIT_WITH_SHARED_CONTROL_REPEATED_YEARS_DEPTHS,documented_or_reconstructed,three straw rates share CK within year-depth; years repeat the same field plots; depths are nested; one independent experiment,,,,,soil organic carbon by K2Cr2O7-H2SO4 digestion,,"rainfed, no irrigation",,primary numeric table transcription
wei_2015_2010_M_SOC_0_20cm,wei_heyang_2007_2011,10.1371/journal.pone.0120994,Effects of Wheat Straw Incorporation on the Availability of Soil Nutrients and Enzyme Activities in Semiarid Areas,Wei et al. 2015,2015,2010,China,"Ganjing Research Station, Heyang, Shaanxi",35.4,110.2833,,,winter wheat,,,,direct_return,SOC,"g SOC kg-1 soil, 0-20 cm","M, wheat straw incorporated at 6000 kg ha-1 yr-1","CK, no wheat straw incorporation",17,15,0.3,0.3,3,3,0.125163142954,0.000237139561707,13.3333333333,wei_2015_2010_0-20 cm_CK,Table 4,"primary Table 4 mean ± SD, n=3; delta-method lnRR variance",A_primary_exact_table_mean_SD,A_primary_exact_table_mean_SD,,ADMIT_WITH_SHARED_CONTROL_REPEATED_YEARS_DEPTHS,documented_or_reconstructed,three straw rates share CK within year-depth; years repeat the same field plots; depths are nested; one independent experiment,,,,,soil organic carbon by K2Cr2O7-H2SO4 digestion,,"rainfed, no irrigation",,primary numeric table transcription
wei_2015_2010_M_SOC_20_40cm,wei_heyang_2007_2011,10.1371/journal.pone.0120994,Effects of Wheat Straw Incorporation on the Availability of Soil Nutrients and Enzyme Activities in Semiarid Areas,Wei et al. 2015,2015,2010,China,"Ganjing Research Station, Heyang, Shaanxi",35.4,110.2833,,,winter wheat,,,,direct_return,SOC,"g SOC kg-1 soil, 20-40 cm","M, wheat straw incorporated at 6000 kg ha-1 yr-1","CK, no wheat straw incorporation",12,9,1,0.4,3,3,0.287682072452,0.00297325102881,33.3333333333,wei_2015_2010_20-40 cm_CK,Table 4,"primary Table 4 mean ± SD, n=3; delta-method lnRR variance",A_primary_exact_table_mean_SD,A_primary_exact_table_mean_SD,,ADMIT_WITH_SHARED_CONTROL_REPEATED_YEARS_DEPTHS,documented_or_reconstructed,three straw rates share CK within year-depth; years repeat the same field plots; depths are nested; one independent experiment,,,,,soil organic carbon by K2Cr2O7-H2SO4 digestion,,"rainfed, no irrigation",,primary numeric table transcription
wei_2015_2010_H_SOC_0_20cm,wei_heyang_2007_2011,10.1371/journal.pone.0120994,Effects of Wheat Straw Incorporation on the Availability of Soil Nutrients and Enzyme Activities in Semiarid Areas,Wei et al. 2015,2015,2010,China,"Ganjing Research Station, Heyang, Shaanxi",35.4,110.2833,,,winter wheat,,,,direct_return,SOC,"g SOC kg-1 soil, 0-20 cm","H, wheat straw incorporated at 9000 kg ha-1 yr-1","CK, no wheat straw incorporation",17,15,0.4,0.3,3,3,0.125163142954,0.000317877739331,13.3333333333,wei_2015_2010_0-20 cm_CK,Table 4,"primary Table 4 mean ± SD, n=3; delta-method lnRR variance",A_primary_exact_table_mean_SD,A_primary_exact_table_mean_SD,,ADMIT_WITH_SHARED_CONTROL_REPEATED_YEARS_DEPTHS,documented_or_reconstructed,three straw rates share CK within year-depth; years repeat the same field plots; depths are nested; one independent experiment,,,,,soil organic carbon by K2Cr2O7-H2SO4 digestion,,"rainfed, no irrigation",,primary numeric table transcription
wei_2015_2010_H_SOC_20_40cm,wei_heyang_2007_2011,10.1371/journal.pone.0120994,Effects of Wheat Straw Incorporation on the Availability of Soil Nutrients and Enzyme Activities in Semiarid Areas,Wei et al. 2015,2015,2010,China,"Ganjing Research Station, Heyang, Shaanxi",35.4,110.2833,,,winter wheat,,,,direct_return,SOC,"g SOC kg-1 soil, 20-40 cm","H, wheat straw incorporated at 9000 kg ha-1 yr-1","CK, no wheat straw incorporation",12,9,0.3,0.4,3,3,0.287682072452,0.000866769547325,33.3333333333,wei_2015_2010_20-40 cm_CK,Table 4,"primary Table 4 mean ± SD, n=3; delta-method lnRR variance",A_primary_exact_table_mean_SD,A_primary_exact_table_mean_SD,,ADMIT_WITH_SHARED_CONTROL_REPEATED_YEARS_DEPTHS,documented_or_reconstructed,three straw rates share CK within year-depth; years repeat the same field plots; depths are nested; one independent experiment,,,,,soil organic carbon by K2Cr2O7-H2SO4 digestion,,"rainfed, no irrigation",,primary numeric table transcription
wei_2015_2011_L_SOC_0_20cm,wei_heyang_2007_2011,10.1371/journal.pone.0120994,Effects of Wheat Straw Incorporation on the Availability of Soil Nutrients and Enzyme Activities in Semiarid Areas,Wei et al. 2015,2015,2011,China,"Ganjing Research Station, Heyang, Shaanxi",35.4,110.2833,,,winter wheat,,,,direct_return,SOC,"g SOC kg-1 soil, 0-20 cm","L, wheat straw incorporated at 3000 kg ha-1 yr-1","CK, no wheat straw incorporation",16,15,0.1,0.2,3,3,0.0645385211376,7.22800925926e-05,6.66666666667,wei_2015_2011_0-20 cm_CK,Table 4,"primary Table 4 mean ± SD, n=3; delta-method lnRR variance",A_primary_exact_table_mean_SD,A_primary_exact_table_mean_SD,,ADMIT_WITH_SHARED_CONTROL_REPEATED_YEARS_DEPTHS,documented_or_reconstructed,three straw rates share CK within year-depth; years repeat the same field plots; depths are nested; one independent experiment,,,,,soil organic carbon by K2Cr2O7-H2SO4 digestion,,"rainfed, no irrigation",,primary numeric table transcription
wei_2015_2011_L_SOC_20_40cm,wei_heyang_2007_2011,10.1371/journal.pone.0120994,Effects of Wheat Straw Incorporation on the Availability of Soil Nutrients and Enzyme Activities in Semiarid Areas,Wei et al. 2015,2015,2011,China,"Ganjing Research Station, Heyang, Shaanxi",35.4,110.2833,,,winter wheat,,,,direct_return,SOC,"g SOC kg-1 soil, 20-40 cm","L, wheat straw incorporated at 3000 kg ha-1 yr-1","CK, no wheat straw incorporation",11,10,0.3,0.5,3,3,0.0953101798043,0.00108126721763,10,wei_2015_2011_20-40 cm_CK,Table 4,"primary Table 4 mean ± SD, n=3; delta-method lnRR variance",A_primary_exact_table_mean_SD,A_primary_exact_table_mean_SD,,ADMIT_WITH_SHARED_CONTROL_REPEATED_YEARS_DEPTHS,documented_or_reconstructed,three straw rates share CK within year-depth; years repeat the same field plots; depths are nested; one independent experiment,,,,,soil organic carbon by K2Cr2O7-H2SO4 digestion,,"rainfed, no irrigation",,primary numeric table transcription
wei_2015_2011_M_SOC_0_20cm,wei_heyang_2007_2011,10.1371/journal.pone.0120994,Effects of Wheat Straw Incorporation on the Availability of Soil Nutrients and Enzyme Activities in Semiarid Areas,Wei et al. 2015,2015,2011,China,"Ganjing Research Station, Heyang, Shaanxi",35.4,110.2833,,,winter wheat,,,,direct_return,SOC,"g SOC kg-1 soil, 0-20 cm","M, wheat straw incorporated at 6000 kg ha-1 yr-1","CK, no wheat straw incorporation",17,15,0.2,0.2,3,3,0.125163142954,0.000105395360759,13.3333333333,wei_2015_2011_0-20 cm_CK,Table 4,"primary Table 4 mean ± SD, n=3; delta-method lnRR variance",A_primary_exact_table_mean_SD,A_primary_exact_table_mean_SD,,ADMIT_WITH_SHARED_CONTROL_REPEATED_YEARS_DEPTHS,documented_or_reconstructed,three straw rates share CK within year-depth; years repeat the same field plots; depths are nested; one independent experiment,,,,,soil organic carbon by K2Cr2O7-H2SO4 digestion,,"rainfed, no irrigation",,primary numeric table transcription
wei_2015_2011_M_SOC_20_40cm,wei_heyang_2007_2011,10.1371/journal.pone.0120994,Effects of Wheat Straw Incorporation on the Availability of Soil Nutrients and Enzyme Activities in Semiarid Areas,Wei et al. 2015,2015,2011,China,"Ganjing Research Station, Heyang, Shaanxi",35.4,110.2833,,,winter wheat,,,,direct_return,SOC,"g SOC kg-1 soil, 20-40 cm","M, wheat straw incorporated at 6000 kg ha-1 yr-1","CK, no wheat straw incorporation",13,10,0.5,0.5,3,3,0.262364264467,0.00132642998028,30,wei_2015_2011_20-40 cm_CK,Table 4,"primary Table 4 mean ± SD, n=3; delta-method lnRR variance",A_primary_exact_table_mean_SD,A_primary_exact_table_mean_SD,,ADMIT_WITH_SHARED_CONTROL_REPEATED_YEARS_DEPTHS,documented_or_reconstructed,three straw rates share CK within year-depth; years repeat the same field plots; depths are nested; one independent experiment,,,,,soil organic carbon by K2Cr2O7-H2SO4 digestion,,"rainfed, no irrigation",,primary numeric table transcription
wei_2015_2011_H_SOC_0_20cm,wei_heyang_2007_2011,10.1371/journal.pone.0120994,Effects of Wheat Straw Incorporation on the Availability of Soil Nutrients and Enzyme Activities in Semiarid Areas,Wei et al. 2015,2015,2011,China,"Ganjing Research Station, Heyang, Shaanxi",35.4,110.2833,,,winter wheat,,,,direct_return,SOC,"g SOC kg-1 soil, 0-20 cm","H, wheat straw incorporated at 9000 kg ha-1 yr-1","CK, no wheat straw incorporation",18,15,0.2,0.2,3,3,0.182321556794,0.000100411522634,20,wei_2015_2011_0-20 cm_CK,Table 4,"primary Table 4 mean ± SD, n=3; delta-method lnRR variance",A_primary_exact_table_mean_SD,A_primary_exact_table_mean_SD,,ADMIT_WITH_SHARED_CONTROL_REPEATED_YEARS_DEPTHS,documented_or_reconstructed,three straw rates share CK within year-depth; years repeat the same field plots; depths are nested; one independent experiment,,,,,soil organic carbon by K2Cr2O7-H2SO4 digestion,,"rainfed, no irrigation",,primary numeric table transcription
wei_2015_2011_H_SOC_20_40cm,wei_heyang_2007_2011,10.1371/journal.pone.0120994,Effects of Wheat Straw Incorporation on the Availability of Soil Nutrients and Enzyme Activities in Semiarid Areas,Wei et al. 2015,2015,2011,China,"Ganjing Research Station, Heyang, Shaanxi",35.4,110.2833,,,winter wheat,,,,direct_return,SOC,"g SOC kg-1 soil, 20-40 cm","H, wheat straw incorporated at 9000 kg ha-1 yr-1","CK, no wheat straw incorporation",14,10,0.8,0.5,3,3,0.336472236621,0.00192176870748,40,wei_2015_2011_20-40 cm_CK,Table 4,"primary Table 4 mean ± SD, n=3; delta-method lnRR variance",A_primary_exact_table_mean_SD,A_primary_exact_table_mean_SD,,ADMIT_WITH_SHARED_CONTROL_REPEATED_YEARS_DEPTHS,documented_or_reconstructed,three straw rates share CK within year-depth; years repeat the same field plots; depths are nested; one independent experiment,,,,,soil organic carbon by K2Cr2O7-H2SO4 digestion,,"rainfed, no irrigation",,primary numeric table transcription
yang_2015_biochar_CB2_vs_control_yield,yang_hebei_2014_2015,10.3390/su71013713,A Field Experiment on Enhancement of Crop Yield by Rice Straw and Corn Stalk-Derived Biochar in Northern China,Yang et al. 2015,2015,2014-2015,China,"Yutian County, Hebei",39.5131,118.2606,warm temperate continental monsoon,,winter wheat,wheat,winter wheat season,corn stalk,biochar_return,yield,t ha-1,CB2,no biochar,8.6,7.16,1.25,1.59,3,3,0.183252222287,0.0234800181118,20.1117318436,yang_2015_winter_wheat_no_biochar_yield,"Table 2, winter wheat rows","primary Table 2 mean ± SD, n=3; delta-method lnRR variance",A_primary_exact_table_mean_SD,A_primary_exact_table_mean_SD,,ADMIT_WINTER_WHEAT_ONLY_SHARED_CONTROL,documented_or_reconstructed,four biochar arms share one no-biochar control and form one field experiment; cluster at study level,allocation/randomization procedure is not explicit; retain design-quality sensitivity flag,,,,,,,,primary numeric table transcription
yang_2015_biochar_CB4_vs_control_yield,yang_hebei_2014_2015,10.3390/su71013713,A Field Experiment on Enhancement of Crop Yield by Rice Straw and Corn Stalk-Derived Biochar in Northern China,Yang et al. 2015,2015,2014-2015,China,"Yutian County, Hebei",39.5131,118.2606,warm temperate continental monsoon,,winter wheat,wheat,winter wheat season,corn stalk,biochar_return,yield,t ha-1,CB4,no biochar,6.9,7.16,2.01,1.59,3,3,-0.0369885693693,0.0447239976399,-3.6312849162,yang_2015_winter_wheat_no_biochar_yield,"Table 2, winter wheat rows","primary Table 2 mean ± SD, n=3; delta-method lnRR variance",A_primary_exact_table_mean_SD,A_primary_exact_table_mean_SD,,ADMIT_WINTER_WHEAT_ONLY_SHARED_CONTROL,documented_or_reconstructed,four biochar arms share one no-biochar control and form one field experiment; cluster at study level,allocation/randomization procedure is not explicit; retain design-quality sensitivity flag,,,,,,,,primary numeric table transcription
yang_2015_biochar_RB2_vs_control_yield,yang_hebei_2014_2015,10.3390/su71013713,A Field Experiment on Enhancement of Crop Yield by Rice Straw and Corn Stalk-Derived Biochar in Northern China,Yang et al. 2015,2015,2014-2015,China,"Yutian County, Hebei",39.5131,118.2606,warm temperate continental monsoon,,winter wheat,wheat,winter wheat season,rice straw,biochar_return,yield,t ha-1,RB2,no biochar,7.7,7.16,0.09,1.59,3,3,0.0727103478871,0.0164834621625,7.54189944134,yang_2015_winter_wheat_no_biochar_yield,"Table 2, winter wheat rows","primary Table 2 mean ± SD, n=3; delta-method lnRR variance",A_primary_exact_table_mean_SD,A_primary_exact_table_mean_SD,,ADMIT_WINTER_WHEAT_ONLY_SHARED_CONTROL,documented_or_reconstructed,four biochar arms share one no-biochar control and form one field experiment; cluster at study level,allocation/randomization procedure is not explicit; retain design-quality sensitivity flag,,,,,,,,primary numeric table transcription
yang_2015_biochar_RB4_vs_control_yield,yang_hebei_2014_2015,10.3390/su71013713,A Field Experiment on Enhancement of Crop Yield by Rice Straw and Corn Stalk-Derived Biochar in Northern China,Yang et al. 2015,2015,2014-2015,China,"Yutian County, Hebei",39.5131,118.2606,warm temperate continental monsoon,,winter wheat,wheat,winter wheat season,rice straw,biochar_return,yield,t ha-1,RB4,no biochar,9,7.16,0.55,1.59,3,3,0.228714596364,0.0176827792529,25.6983240223,yang_2015_winter_wheat_no_biochar_yield,"Table 2, winter wheat rows","primary Table 2 mean ± SD, n=3; delta-method lnRR variance",A_primary_exact_table_mean_SD,A_primary_exact_table_mean_SD,,ADMIT_WINTER_WHEAT_ONLY_SHARED_CONTROL,documented_or_reconstructed,four biochar arms share one no-biochar control and form one field experiment; cluster at study level,allocation/randomization procedure is not explicit; retain design-quality sensitivity flag,,,,,,,,primary numeric table transcription
yuan_2022_direct_return_Straw_SOC,yuan_yixing_2010_2017,10.1007/s42773-021-00127-w,Seven years of biochar amendment has a negligible effect on soil available P and a progressive effect on organic C in paddy soils,Yuan et al. 2022,2022,2017,China,"Yixing Agro-Environment Research Base, Jiangsu",31.2667,119.9,,,rice-wheat rotation,,,,direct_return,SOC,"g SOC kg-1 topsoil, 0-20 cm","Straw, 2.25 t straw ha-1 crop-season-1","CK, chemical fertilizer without straw or biochar",18.86,13.81,1.47,1.65,3,3,0.311650309784,0.0067834050617,36.5677045619,yuan_2022_terminal_SOC_CK,Table 1,"primary Table 1 mean ± SD, n=3; delta-method lnRR variance",A_primary_exact_table_mean_SD,A_primary_exact_table_mean_SD,,ADMIT_SHARED_FERTILIZER_CONTROL,documented_or_reconstructed,straw and two biochar dose contrasts share CK; all terminal observations belong to one seven-year field experiment,,,,,soil total organic carbon,,,,primary numeric table transcription
yuan_2022_biochar_return_0.5pctBC_SOC,yuan_yixing_2010_2017,10.1007/s42773-021-00127-w,Seven years of biochar amendment has a negligible effect on soil available P and a progressive effect on organic C in paddy soils,Yuan et al. 2022,2022,2017,China,"Yixing Agro-Environment Research Base, Jiangsu",31.2667,119.9,,,rice-wheat rotation,,,crop straw,biochar_return,SOC,"g SOC kg-1 topsoil, 0-20 cm","0.5%BC, 11.3 t biochar ha-1","CK, chemical fertilizer without straw or biochar",32.39,13.81,3.22,1.65,3,3,0.852456765762,0.00805272301261,134.540188269,yuan_2022_terminal_SOC_CK,Table 1,"primary Table 1 mean ± SD, n=3; delta-method lnRR variance",A_primary_exact_table_mean_SD,A_primary_exact_table_mean_SD,,ADMIT_SHARED_FERTILIZER_CONTROL,documented_or_reconstructed,straw and two biochar dose contrasts share CK; all terminal observations belong to one seven-year field experiment,,,,,soil total organic carbon,,,,primary numeric table transcription
yuan_2022_biochar_return_1.0pctBC_SOC,yuan_yixing_2010_2017,10.1007/s42773-021-00127-w,Seven years of biochar amendment has a negligible effect on soil available P and a progressive effect on organic C in paddy soils,Yuan et al. 2022,2022,2017,China,"Yixing Agro-Environment Research Base, Jiangsu",31.2667,119.9,,,rice-wheat rotation,,,crop straw,biochar_return,SOC,"g SOC kg-1 topsoil, 0-20 cm","1.0%BC, 22.5 t biochar ha-1","CK, chemical fertilizer without straw or biochar",39.87,13.81,2.89,1.65,3,3,1.06023119397,0.00650976804485,188.703837799,yuan_2022_terminal_SOC_CK,Table 1,"primary Table 1 mean ± SD, n=3; delta-method lnRR variance",A_primary_exact_table_mean_SD,A_primary_exact_table_mean_SD,,ADMIT_SHARED_FERTILIZER_CONTROL,documented_or_reconstructed,straw and two biochar dose contrasts share CK; all terminal observations belong to one seven-year field experiment,,,,,soil total organic carbon,,,,primary numeric table transcription
zheng_2019_direct_return_S_vs_CK_SOC,zheng_shenyang_2013_2018,10.1038/s41598-019-52978-w,Effects of Biochar and Straw Application on the Physicochemical and Biological Properties of Paddy Soils in Northeast China,Zheng et al. 2019,2019,2018,China,"Shenyang Agricultural University, Liaoning",40.8,123.55,,,rice,,,,direct_return,SOC,"g total soil organic C kg-1, 0-20 cm",S,CK,6.41,6.37,0.0346410161514,0.103923048454,3,3,0.00625980134851,9.84556084028e-05,0.627943485086,zheng_2019_straw_only_CK_SOC,Table 2,"primary Table 2 mean ± SE, n=3; SE converted to SD; delta-method lnRR variance",A_primary_exact_table_mean_SE,A_primary_exact_table_mean_SE,,ADMIT_MATCHED_FERTILIZER_STRATUM_SHARED_CONTROLS,documented_or_reconstructed,paired within fertilizer stratum; straw and biochar arms share CK or NPK; all arms belong to one field experiment,,,,,total soil organic carbon by elemental analyzer; primary Table 2 labels TC,,,,primary numeric table transcription
zheng_2019_direct_return_SNPK_vs_NPK_SOC,zheng_shenyang_2013_2018,10.1038/s41598-019-52978-w,Effects of Biochar and Straw Application on the Physicochemical and Biological Properties of Paddy Soils in Northeast China,Zheng et al. 2019,2019,2018,China,"Shenyang Agricultural University, Liaoning",40.8,123.55,,,rice,,,,direct_return,SOC,"g total soil organic C kg-1, 0-20 cm",SNPK,NPK,6.7,6.14,0.155884572681,0.173205080757,3,3,0.0872827842379,0.000445695881956,9.12052117264,zheng_2019_nutrient_balanced_NPK_SOC,Table 2,"primary Table 2 mean ± SE, n=3; SE converted to SD; delta-method lnRR variance",A_primary_exact_table_mean_SE,A_primary_exact_table_mean_SE,,ADMIT_MATCHED_FERTILIZER_STRATUM_SHARED_CONTROLS,documented_or_reconstructed,paired within fertilizer stratum; straw and biochar arms share CK or NPK; all arms belong to one field experiment,,,,,total soil organic carbon by elemental analyzer; primary Table 2 labels TC,,,,primary numeric table transcription
zheng_2019_biochar_return_C_vs_CK_SOC,zheng_shenyang_2013_2018,10.1038/s41598-019-52978-w,Effects of Biochar and Straw Application on the Physicochemical and Biological Properties of Paddy Soils in Northeast China,Zheng et al. 2019,2019,2018,China,"Shenyang Agricultural University, Liaoning",40.8,123.55,,,rice,,,rice straw,biochar_return,SOC,"g total soil organic C kg-1, 0-20 cm",C,CK,7.33,6.37,0.138564064606,0.103923048454,3,3,0.140376046314,0.000207836957208,15.0706436421,zheng_2019_biochar_only_CK_SOC,Table 2,"primary Table 2 mean ± SE, n=3; SE converted to SD; delta-method lnRR variance",A_primary_exact_table_mean_SE,A_primary_exact_table_mean_SE,,ADMIT_MATCHED_FERTILIZER_STRATUM_SHARED_CONTROLS,documented_or_reconstructed,paired within fertilizer stratum; straw and biochar arms share CK or NPK; all arms belong to one field experiment,,,,,total soil organic carbon by elemental analyzer; primary Table 2 labels TC,,,,primary numeric table transcription
zheng_2019_biochar_return_CNPK_vs_NPK_SOC,zheng_shenyang_2013_2018,10.1038/s41598-019-52978-w,Effects of Biochar and Straw Application on the Physicochemical and Biological Properties of Paddy Soils in Northeast China,Zheng et al. 2019,2019,2018,China,"Shenyang Agricultural University, Liaoning",40.8,123.55,,,rice,,,rice straw,biochar_return,SOC,"g total soil organic C kg-1, 0-20 cm",CNPK,NPK,7.93,6.14,0.329089653438,0.173205080757,3,3,0.255828293488,0.000839319483839,29.1530944625,zheng_2019_nutrient_balanced_NPK_SOC,Table 2,"primary Table 2 mean ± SE, n=3; SE converted to SD; delta-method lnRR variance",A_primary_exact_table_mean_SE,A_primary_exact_table_mean_SE,,ADMIT_MATCHED_FERTILIZER_STRATUM_SHARED_CONTROLS,documented_or_reconstructed,paired within fertilizer stratum; straw and biochar arms share CK or NPK; all arms belong to one field experiment,,,,,total soil organic carbon by elemental analyzer; primary Table 2 labels TC,,,,primary numeric table transcription
rice_primary_53_2011_direct_yield,rice_primary_53,10.1007/s11356-015-5227-7,"Greenhouse gas emissions, soil quality, and crop productivity from a mono-rice cultivation system as influenced by fallow season straw management",,2016,2011,China,,,,,,,rice,,rice straw,direct_return,yield,t ha-1,NPK+RSM,NPK,9.02,8.57,0.329089653438,0.277128129211,3,3,0.0511766014648,0.000792265421514,5.25087514586,study53_2011_NPK,Table 2,"primary table mean +/- SE, n=3; converted to arm SD",A_primary_exact_pair_SE_converted,primary_direct_transcription,,ADMIT_NPK_MATCHED_DIRECT_RETURN_VS_STRAW_REMOVAL,documented_or_reconstructed,Same field trial as rice_primary_53 burning arm; cluster repeated years/outcomes and shared NPK control,,,crop harvest,,,,flooding-midseason drainage-reflooding-intermittent,,numeric table transcription
rice_primary_53_2011_direct_SOC,rice_primary_53,10.1007/s11356-015-5227-7,"Greenhouse gas emissions, soil quality, and crop productivity from a mono-rice cultivation system as influenced by fallow season straw management",,2016,2011,China,,,,,,,rice,,rice straw,direct_return,SOC,g kg-1,NPK+RSM,NPK,19.2,18.84,0.277128129211,0.24248711306,3,3,0.0189280098855,0.00012466417389,1.91082802548,study53_2011_NPK,Table 2,"primary table mean +/- SE, n=3; converted to arm SD",A_primary_exact_pair_SE_converted,primary_direct_transcription,,ADMIT_NPK_MATCHED_DIRECT_RETURN_VS_STRAW_REMOVAL,documented_or_reconstructed,Same field trial as rice_primary_53 burning arm; cluster repeated years/outcomes and shared NPK control,,,soil concentration,,,0-20 cm,flooding-midseason drainage-reflooding-intermittent,,numeric table transcription
rice_primary_53_2012_direct_yield,rice_primary_53,10.1007/s11356-015-5227-7,"Greenhouse gas emissions, soil quality, and crop productivity from a mono-rice cultivation system as influenced by fallow season straw management",,2016,2012,China,,,,,,,rice,,rice straw,direct_return,yield,t ha-1,NPK+RSM,NPK,8.79,8.46,0.24248711306,0.502294734195,3,3,0.038265538079,0.00142872246665,3.90070921986,study53_2012_NPK,Table 2,"primary table mean +/- SE, n=3; converted to arm SD",A_primary_exact_pair_SE_converted,primary_direct_transcription,,ADMIT_NPK_MATCHED_DIRECT_RETURN_VS_STRAW_REMOVAL,documented_or_reconstructed,Same field trial as rice_primary_53 burning arm; cluster repeated years/outcomes and shared NPK control,,,crop harvest,,,,flooding-midseason drainage-reflooding-intermittent,,numeric table transcription
rice_primary_53_2012_direct_SOC,rice_primary_53,10.1007/s11356-015-5227-7,"Greenhouse gas emissions, soil quality, and crop productivity from a mono-rice cultivation system as influenced by fallow season straw management",,2016,2012,China,,,,,,,rice,,rice straw,direct_return,SOC,g kg-1,NPK+RSM,NPK,19.65,19,0.502294734195,0.0866025403784,3,3,0.0336383591488,0.000224731732888,3.42105263158,study53_2012_NPK,Table 2,"primary table mean +/- SE, n=3; converted to arm SD",A_primary_exact_pair_SE_converted,primary_direct_transcription,,ADMIT_NPK_MATCHED_DIRECT_RETURN_VS_STRAW_REMOVAL,documented_or_reconstructed,Same field trial as rice_primary_53 burning arm; cluster repeated years/outcomes and shared NPK control,,,soil concentration,,,0-20 cm,flooding-midseason drainage-reflooding-intermittent,,numeric table transcription
rice_primary_53_2013_direct_yield,rice_primary_53,10.1007/s11356-015-5227-7,"Greenhouse gas emissions, soil quality, and crop productivity from a mono-rice cultivation system as influenced by fallow season straw management",,2016,2013,China,,,,,,,rice,,rice straw,direct_return,yield,t ha-1,NPK+RSM,NPK,9.12,8.7,0.225166604984,0.346410161514,3,3,0.0471467784257,0.000731658915722,4.8275862069,study53_2013_NPK,Table 2,"primary table mean +/- SE, n=3; converted to arm SD",A_primary_exact_pair_SE_converted,primary_direct_transcription,,ADMIT_NPK_MATCHED_DIRECT_RETURN_VS_STRAW_REMOVAL,documented_or_reconstructed,Same field trial as rice_primary_53 burning arm; cluster repeated years/outcomes and shared NPK control,,,crop harvest,,,,flooding-midseason drainage-reflooding-intermittent,,numeric table transcription
rice_primary_53_2013_direct_SOC,rice_primary_53,10.1007/s11356-015-5227-7,"Greenhouse gas emissions, soil quality, and crop productivity from a mono-rice cultivation system as influenced by fallow season straw management",,2016,2013,China,,,,,,,rice,,rice straw,direct_return,SOC,g kg-1,NPK+RSM,NPK,19.69,19.06,0.294448637287,0.173205080757,3,3,0.032518994425,0.000102069625289,3.30535152151,study53_2013_NPK,Table 2,"primary table mean +/- SE, n=3; converted to arm SD",A_primary_exact_pair_SE_converted,primary_direct_transcription,,ADMIT_NPK_MATCHED_DIRECT_RETURN_VS_STRAW_REMOVAL,documented_or_reconstructed,Same field trial as rice_primary_53 burning arm; cluster repeated years/outcomes and shared NPK control,,,soil concentration,,,0-20 cm,flooding-midseason drainage-reflooding-intermittent,,numeric table transcription
rice_primary_53_2011_2012_direct_CH4,rice_primary_53,10.1007/s11356-015-5227-7,"Greenhouse gas emissions, soil quality, and crop productivity from a mono-rice cultivation system as influenced by fallow season straw management",,2016,2011_2012,China,,,,,,,rice,,rice straw,direct_return,CH4,kg CH4-C ha-1 yr-1,NPK+RSM,NPK,259.28,102.61,27.5222873323,21.9104427157,3,3,0.926973164959,0.0189543963133,152.684923497,study53_2011_2012_NPK,Table 3,"primary table mean +/- SE, n=3; converted to arm SD",A_primary_exact_pair_SE_converted,primary_direct_transcription,,ADMIT_NPK_MATCHED_DIRECT_RETURN_VS_STRAW_REMOVAL,documented_or_reconstructed,Same field trial as rice_primary_53 burning arm; cluster repeated years/outcomes and shared NPK control,,,annual soil flux including winter fallow,,,,flooding-midseason drainage-reflooding-intermittent,,numeric table transcription
rice_primary_53_2011_2012_direct_N2O,rice_primary_53,10.1007/s11356-015-5227-7,"Greenhouse gas emissions, soil quality, and crop productivity from a mono-rice cultivation system as influenced by fallow season straw management",,2016,2011_2012,China,,,,,,,rice,,rice straw,direct_return,N2O,kg N2O-N ha-1 yr-1,NPK+RSM,NPK,1.66,1.19,0.103923048454,0.0692820323028,3,3,0.332864295245,0.00243629425163,39.4957983193,study53_2011_2012_NPK,Table 3,"primary table mean +/- SE, n=3; converted to arm SD",A_primary_exact_pair_SE_converted,primary_direct_transcription,,ADMIT_NPK_MATCHED_DIRECT_RETURN_VS_STRAW_REMOVAL,documented_or_reconstructed,Same field trial as rice_primary_53 burning arm; cluster repeated years/outcomes and shared NPK control,,,annual soil flux including winter fallow,,,,flooding-midseason drainage-reflooding-intermittent,,numeric table transcription
rice_primary_53_2012_2013_direct_CH4,rice_primary_53,10.1007/s11356-015-5227-7,"Greenhouse gas emissions, soil quality, and crop productivity from a mono-rice cultivation system as influenced by fallow season straw management",,2016,2012_2013,China,,,,,,,rice,,rice straw,direct_return,CH4,kg CH4-C ha-1 yr-1,NPK+RSM,NPK,528.84,116.4,51.4072679686,26.6562619285,3,3,1.51365339334,0.0206309741046,354.329896907,study53_2012_2013_NPK,Table 3,"primary table mean +/- SE, n=3; converted to arm SD",A_primary_exact_pair_SE_converted,primary_direct_transcription,,ADMIT_NPK_MATCHED_DIRECT_RETURN_VS_STRAW_REMOVAL,documented_or_reconstructed,Same field trial as rice_primary_53 burning arm; cluster repeated years/outcomes and shared NPK control,,,annual soil flux including winter fallow,,,,flooding-midseason drainage-reflooding-intermittent,,numeric table transcription
rice_primary_53_2012_2013_direct_N2O,rice_primary_53,10.1007/s11356-015-5227-7,"Greenhouse gas emissions, soil quality, and crop productivity from a mono-rice cultivation system as influenced by fallow season straw management",,2016,2012_2013,China,,,,,,,rice,,rice straw,direct_return,N2O,kg N2O-N ha-1 yr-1,NPK+RSM,NPK,0.73,0.43,0.0866025403784,0.103923048454,3,3,0.529259325455,0.0241612954658,69.7674418605,study53_2012_2013_NPK,Table 3,"primary table mean +/- SE, n=3; converted to arm SD",A_primary_exact_pair_SE_converted,primary_direct_transcription,,ADMIT_NPK_MATCHED_DIRECT_RETURN_VS_STRAW_REMOVAL,documented_or_reconstructed,Same field trial as rice_primary_53 burning arm; cluster repeated years/outcomes and shared NPK control,,,annual soil flux including winter fallow,,,,flooding-midseason drainage-reflooding-intermittent,,numeric table transcription
panneerselvam_cuttack_2021_2022_kharif_NC_yield,panneerselvam_cuttack_2021_2022,10.1016/j.jenvman.2024.120916,"Enhancing soil quality and yield through microbial assisted in-situ residue management in rice-rice cropping system in Odisha, Eastern India",,2024,2021,India,"Cuttack, Odisha",20.416667,85.916667,,,,rice,Kharif_wet,rice straw,direct_return,yield,t ha-1,RR+NC,CC+NC,4.08,4.01,0.018,0.015,3,3,0.0173057470976,1.11520393719e-05,1.74563591022,panneerselvam_2021_kharif_NC_CC,Table 2,"primary Table 2 mean +/- SD, n=3; lnRR variance recomputed",A_primary_exact_pair_SD,primary_direct_transcription,,ADMIT_MATCHED_RESIDUE_RETENTION_WITHIN_MICROBIAL_STRATUM,documented_or_reconstructed,One split-plot field trial; cluster 2021/2022 seasons and microbial strata by study_id,,,crop harvest,,,,lowland rice,,numeric table transcription
panneerselvam_cuttack_2021_2022_kharif_SMC_yield,panneerselvam_cuttack_2021_2022,10.1016/j.jenvman.2024.120916,"Enhancing soil quality and yield through microbial assisted in-situ residue management in rice-rice cropping system in Odisha, Eastern India",,2024,2021,India,"Cuttack, Odisha",20.416667,85.916667,,,,rice,Kharif_wet,rice straw,direct_return,yield,t ha-1,RR+SMC,CC+SMC,4.65,4.42,0.04,0.081,3,3,0.0507275235097,0.000136610546997,5.2036199095,panneerselvam_2021_kharif_SMC_CC,Table 2,"primary Table 2 mean +/- SD, n=3; lnRR variance recomputed",A_primary_exact_pair_SD,primary_direct_transcription,,ADMIT_MATCHED_RESIDUE_RETENTION_WITHIN_MICROBIAL_STRATUM,documented_or_reconstructed,One split-plot field trial; cluster 2021/2022 seasons and microbial strata by study_id,,,crop harvest,,,,lowland rice,,numeric table transcription
panneerselvam_cuttack_2021_2022_kharif_capsule_yield,panneerselvam_cuttack_2021_2022,10.1016/j.jenvman.2024.120916,"Enhancing soil quality and yield through microbial assisted in-situ residue management in rice-rice cropping system in Odisha, Eastern India",,2024,2021,India,"Cuttack, Odisha",20.416667,85.916667,,,,rice,Kharif_wet,rice straw,direct_return,yield,t ha-1,RR+Capsule,CC+Capsule,4.21,4.34,0.067,0.064,3,3,-0.030411700418,0.000156910507818,-2.99539170507,panneerselvam_2021_kharif_capsule_CC,Table 2,"primary Table 2 mean +/- SD, n=3; lnRR variance recomputed",A_primary_exact_pair_SD,primary_direct_transcription,,ADMIT_MATCHED_RESIDUE_RETENTION_WITHIN_MICROBIAL_STRATUM,documented_or_reconstructed,One split-plot field trial; cluster 2021/2022 seasons and microbial strata by study_id,,,crop harvest,,,,lowland rice,,numeric table transcription
panneerselvam_cuttack_2021_2022_rabi_NC_yield,panneerselvam_cuttack_2021_2022,10.1016/j.jenvman.2024.120916,"Enhancing soil quality and yield through microbial assisted in-situ residue management in rice-rice cropping system in Odisha, Eastern India",,2024,2022,India,"Cuttack, Odisha",20.416667,85.916667,,,,rice,Rabi_dry,rice straw,direct_return,yield,t ha-1,RR+NC,CC+NC,5.44,4.79,0.042,0.06,3,3,0.127248649445,7.2170188179e-05,13.5699373695,panneerselvam_2022_rabi_NC_CC,Table 2,"primary Table 2 mean +/- SD, n=3; lnRR variance recomputed",A_primary_exact_pair_SD,primary_direct_transcription,,ADMIT_MATCHED_RESIDUE_RETENTION_WITHIN_MICROBIAL_STRATUM,documented_or_reconstructed,One split-plot field trial; cluster 2021/2022 seasons and microbial strata by study_id,,,crop harvest,,,,lowland rice,,numeric table transcription
panneerselvam_cuttack_2021_2022_rabi_SMC_yield,panneerselvam_cuttack_2021_2022,10.1016/j.jenvman.2024.120916,"Enhancing soil quality and yield through microbial assisted in-situ residue management in rice-rice cropping system in Odisha, Eastern India",,2024,2022,India,"Cuttack, Odisha",20.416667,85.916667,,,,rice,Rabi_dry,rice straw,direct_return,yield,t ha-1,RR+SMC,CC+SMC,6.15,5.23,0.033,0.048,3,3,0.162040803742,3.76749234503e-05,17.5908221797,panneerselvam_2022_rabi_SMC_CC,Table 2,"primary Table 2 mean +/- SD, n=3; lnRR variance recomputed",A_primary_exact_pair_SD,primary_direct_transcription,,ADMIT_MATCHED_RESIDUE_RETENTION_WITHIN_MICROBIAL_STRATUM,documented_or_reconstructed,One split-plot field trial; cluster 2021/2022 seasons and microbial strata by study_id,,,crop harvest,,,,lowland rice,,numeric table transcription
panneerselvam_cuttack_2021_2022_rabi_capsule_yield,panneerselvam_cuttack_2021_2022,10.1016/j.jenvman.2024.120916,"Enhancing soil quality and yield through microbial assisted in-situ residue management in rice-rice cropping system in Odisha, Eastern India",,2024,2022,India,"Cuttack, Odisha",20.416667,85.916667,,,,rice,Rabi_dry,rice straw,direct_return,yield,t ha-1,RR+Capsule,CC+Capsule,6.01,5.14,0.036,0.018,3,3,0.15637166908,1.60479739323e-05,16.9260700389,panneerselvam_2022_rabi_capsule_CC,Table 2,"primary Table 2 mean +/- SD, n=3; lnRR variance recomputed",A_primary_exact_pair_SD,primary_direct_transcription,,ADMIT_MATCHED_RESIDUE_RETENTION_WITHIN_MICROBIAL_STRATUM,documented_or_reconstructed,One split-plot field trial; cluster 2021/2022 seasons and microbial strata by study_id,,,crop harvest,,,,lowland rice,,numeric table transcription
huang_shangzhuang_2006_2013_yield_N0_wheat_2010_2011,huang_shangzhuang_2006_2013,10.5194/bg-10-7897-2013,Net global warming potential and greenhouse gas intensity in a double-cropping cereal rotation as affected by nitrogen and straw management,,2013,2010_2011,China,"Shangzhuang, Beijing",39.8,116.466667,,,,wheat,winter_wheat,wheat straw mulch; maize straw incorporated,direct_return,yield,Mg ha-1,SN0,N0,2.86,2.67,0.76210235533,0.658179306876,3,3,0.0687431524196,0.0439242184554,7.11610486891,huang_N0_wheat_2010_2011_yield,Table 3,"primary table mean +/- SE, n=3; converted to arm SD",A_primary_exact_pair_SE_converted,primary_direct_transcription,,ADMIT_FIXED_N_STRAW_RETURN_VS_REMOVAL,documented_or_reconstructed,"One field trial established 2006; cluster 2010-2013 seasons, crops, N strata and outcomes by study_id",,,crop harvest,,,,,0 kg N ha-1,numeric table transcription
huang_shangzhuang_2006_2013_yield_N0_maize_2011,huang_shangzhuang_2006_2013,10.5194/bg-10-7897-2013,Net global warming potential and greenhouse gas intensity in a double-cropping cereal rotation as affected by nitrogen and straw management,,2013,2011,China,"Shangzhuang, Beijing",39.8,116.466667,,,,maize,summer_maize,wheat straw mulch; maize straw incorporated,direct_return,yield,Mg ha-1,SN0,N0,4.99,5.43,0.571576766498,0.692820323028,3,3,-0.0845032241824,0.00979998286081,-8.10313075506,huang_N0_maize_2011_yield,Table 3,"primary table mean +/- SE, n=3; converted to arm SD",A_primary_exact_pair_SE_converted,primary_direct_transcription,,ADMIT_FIXED_N_STRAW_RETURN_VS_REMOVAL,documented_or_reconstructed,"One field trial established 2006; cluster 2010-2013 seasons, crops, N strata and outcomes by study_id",,,crop harvest,,,,,0 kg N ha-1,numeric table transcription
huang_shangzhuang_2006_2013_yield_N0_wheat_2011_2012,huang_shangzhuang_2006_2013,10.5194/bg-10-7897-2013,Net global warming potential and greenhouse gas intensity in a double-cropping cereal rotation as affected by nitrogen and straw management,,2013,2011_2012,China,"Shangzhuang, Beijing",39.8,116.466667,,,,wheat,winter_wheat,wheat straw mulch; maize straw incorporated,direct_return,yield,Mg ha-1,SN0,N0,2.5,2.39,0.623538290725,0.536935750346,3,3,0.0449973659307,0.0375599351552,4.60251046025,huang_N0_wheat_2011_2012_yield,Table 3,"primary table mean +/- SE, n=3; converted to arm SD",A_primary_exact_pair_SE_converted,primary_direct_transcription,,ADMIT_FIXED_N_STRAW_RETURN_VS_REMOVAL,documented_or_reconstructed,"One field trial established 2006; cluster 2010-2013 seasons, crops, N strata and outcomes by study_id",,,crop harvest,,,,,0 kg N ha-1,numeric table transcription
huang_shangzhuang_2006_2013_yield_N0_maize_2012,huang_shangzhuang_2006_2013,10.5194/bg-10-7897-2013,Net global warming potential and greenhouse gas intensity in a double-cropping cereal rotation as affected by nitrogen and straw management,,2013,2012,China,"Shangzhuang, Beijing",39.8,116.466667,,,,maize,summer_maize,wheat straw mulch; maize straw incorporated,direct_return,yield,Mg ha-1,SN0,N0,4.48,3.94,1.02190997647,0.606217782649,3,3,0.128442323117,0.0252351601001,13.7055837563,huang_N0_maize_2012_yield,Table 3,"primary table mean +/- SE, n=3; converted to arm SD",A_primary_exact_pair_SE_converted,primary_direct_transcription,,ADMIT_FIXED_N_STRAW_RETURN_VS_REMOVAL,documented_or_reconstructed,"One field trial established 2006; cluster 2010-2013 seasons, crops, N strata and outcomes by study_id",,,crop harvest,,,,,0 kg N ha-1,numeric table transcription
huang_shangzhuang_2006_2013_yield_Ncon_wheat_2010_2011,huang_shangzhuang_2006_2013,10.5194/bg-10-7897-2013,Net global warming potential and greenhouse gas intensity in a double-cropping cereal rotation as affected by nitrogen and straw management,,2013,2010_2011,China,"Shangzhuang, Beijing",39.8,116.466667,,,,wheat,winter_wheat,wheat straw mulch; maize straw incorporated,direct_return,yield,Mg ha-1,SNcon,Ncon,5.65,5.51,1.38564064606,0.190525588833,3,3,0.0250909219935,0.0204471045063,2.54083484574,huang_Ncon_wheat_2010_2011_yield,Table 3,"primary table mean +/- SE, n=3; converted to arm SD",A_primary_exact_pair_SE_converted,primary_direct_transcription,,ADMIT_FIXED_N_STRAW_RETURN_VS_REMOVAL,documented_or_reconstructed,"One field trial established 2006; cluster 2010-2013 seasons, crops, N strata and outcomes by study_id",,,crop harvest,,,,,300 kg N ha-1,numeric table transcription
huang_shangzhuang_2006_2013_yield_Ncon_maize_2011,huang_shangzhuang_2006_2013,10.5194/bg-10-7897-2013,Net global warming potential and greenhouse gas intensity in a double-cropping cereal rotation as affected by nitrogen and straw management,,2013,2011,China,"Shangzhuang, Beijing",39.8,116.466667,,,,maize,summer_maize,wheat straw mulch; maize straw incorporated,direct_return,yield,Mg ha-1,SNcon,Ncon,7.85,6.49,0.467653718044,1.9225763964,3,3,0.190251001078,0.0304350767555,20.9553158706,huang_Ncon_maize_2011_yield,Table 3,"primary table mean +/- SE, n=3; converted to arm SD",A_primary_exact_pair_SE_converted,primary_direct_transcription,,ADMIT_FIXED_N_STRAW_RETURN_VS_REMOVAL,documented_or_reconstructed,"One field trial established 2006; cluster 2010-2013 seasons, crops, N strata and outcomes by study_id",,,crop harvest,,,,,260 kg N ha-1,numeric table transcription
huang_shangzhuang_2006_2013_yield_Ncon_wheat_2011_2012,huang_shangzhuang_2006_2013,10.5194/bg-10-7897-2013,Net global warming potential and greenhouse gas intensity in a double-cropping cereal rotation as affected by nitrogen and straw management,,2013,2011_2012,China,"Shangzhuang, Beijing",39.8,116.466667,,,,wheat,winter_wheat,wheat straw mulch; maize straw incorporated,direct_return,yield,Mg ha-1,SNcon,Ncon,4.58,4.53,0.710140831103,0.727461339179,3,3,0.0109770586312,0.0166098820589,1.10375275938,huang_Ncon_wheat_2011_2012_yield,Table 3,"primary table mean +/- SE, n=3; converted to arm SD",A_primary_exact_pair_SE_converted,primary_direct_transcription,,ADMIT_FIXED_N_STRAW_RETURN_VS_REMOVAL,documented_or_reconstructed,"One field trial established 2006; cluster 2010-2013 seasons, crops, N strata and outcomes by study_id",,,crop harvest,,,,,300 kg N ha-1,numeric table transcription
huang_shangzhuang_2006_2013_yield_Ncon_maize_2012,huang_shangzhuang_2006_2013,10.5194/bg-10-7897-2013,Net global warming potential and greenhouse gas intensity in a double-cropping cereal rotation as affected by nitrogen and straw management,,2013,2012,China,"Shangzhuang, Beijing",39.8,116.466667,,,,maize,summer_maize,wheat straw mulch; maize straw incorporated,direct_return,yield,Mg ha-1,SNcon,Ncon,7.3,7.29,0.450333209968,0.623538290725,3,3,0.00137080213378,0.00370718332559,0.137174211248,huang_Ncon_maize_2012_yield,Table 3,"primary table mean +/- SE, n=3; converted to arm SD",A_primary_exact_pair_SE_converted,primary_direct_transcription,,ADMIT_FIXED_N_STRAW_RETURN_VS_REMOVAL,documented_or_reconstructed,"One field trial established 2006; cluster 2010-2013 seasons, crops, N strata and outcomes by study_id",,,crop harvest,,,,,260 kg N ha-1,numeric table transcription
huang_shangzhuang_2006_2013_N2O_N0_maize_2011,huang_shangzhuang_2006_2013,10.5194/bg-10-7897-2013,Net global warming potential and greenhouse gas intensity in a double-cropping cereal rotation as affected by nitrogen and straw management,,2013,2011,China,"Shangzhuang, Beijing",39.8,116.466667,,,,maize,summer_maize,wheat straw mulch; maize straw incorporated,direct_return,N2O,kg N2O-N ha-1,SN0,N0,0.2,0.09,0.259807621135,0.0346410161514,3,3,0.798507696218,0.611882716049,122.222222222,huang_N0_maize_2011_N2O,Table 5,"primary table mean +/- SE, n=3; converted to arm SD",A_primary_exact_pair_SE_converted,primary_direct_transcription,,ADMIT_FIXED_N_STRAW_RETURN_VS_REMOVAL,documented_or_reconstructed,"One field trial established 2006; cluster 2010-2013 seasons, crops, N strata and outcomes by study_id",,large_relative_se_lnrr_delta_approx,seasonal soil flux,,,,,0 kg N ha-1,numeric table transcription
huang_shangzhuang_2006_2013_N2O_N0_wheat_2011_2012,huang_shangzhuang_2006_2013,10.5194/bg-10-7897-2013,Net global warming potential and greenhouse gas intensity in a double-cropping cereal rotation as affected by nitrogen and straw management,,2013,2011_2012,China,"Shangzhuang, Beijing",39.8,116.466667,,,,wheat,winter_wheat,wheat straw mulch; maize straw incorporated,direct_return,N2O,kg N2O-N ha-1,SN0,N0,0.34,0.11,0.190525588833,0.0346410161514,3,3,1.12846525182,0.137729131516,209.090909091,huang_N0_wheat_2011_2012_N2O,Table 5,"primary table mean +/- SE, n=3; converted to arm SD",A_primary_exact_pair_SE_converted,primary_direct_transcription,,ADMIT_FIXED_N_STRAW_RETURN_VS_REMOVAL,documented_or_reconstructed,"One field trial established 2006; cluster 2010-2013 seasons, crops, N strata and outcomes by study_id",,,seasonal soil flux,,,,,0 kg N ha-1,numeric table transcription
huang_shangzhuang_2006_2013_N2O_N0_maize_2012,huang_shangzhuang_2006_2013,10.5194/bg-10-7897-2013,Net global warming potential and greenhouse gas intensity in a double-cropping cereal rotation as affected by nitrogen and straw management,,2013,2012,China,"Shangzhuang, Beijing",39.8,116.466667,,,,maize,summer_maize,wheat straw mulch; maize straw incorporated,direct_return,N2O,kg N2O-N ha-1,SN0,N0,0.19,0.17,0.12124355653,0.0692820323028,3,3,0.11122563511,0.191097393821,11.7647058824,huang_N0_maize_2012_N2O,Table 5,"primary table mean +/- SE, n=3; converted to arm SD",A_primary_exact_pair_SE_converted,primary_direct_transcription,,ADMIT_FIXED_N_STRAW_RETURN_VS_REMOVAL,documented_or_reconstructed,"One field trial established 2006; cluster 2010-2013 seasons, crops, N strata and outcomes by study_id",,,seasonal soil flux,,,,,0 kg N ha-1,numeric table transcription
huang_shangzhuang_2006_2013_N2O_N0_wheat_2012_2013,huang_shangzhuang_2006_2013,10.5194/bg-10-7897-2013,Net global warming potential and greenhouse gas intensity in a double-cropping cereal rotation as affected by nitrogen and straw management,,2013,2012_2013,China,"Shangzhuang, Beijing",39.8,116.466667,,,,wheat,winter_wheat,wheat straw mulch; maize straw incorporated,direct_return,N2O,kg N2O-N ha-1,SN0,N0,0.64,0.3,0.294448637287,0.0866025403784,3,3,0.757685701698,0.0983344184028,113.333333333,huang_N0_wheat_2012_2013_N2O,Table 5,"primary table mean +/- SE, n=3; converted to arm SD",A_primary_exact_pair_SE_converted,primary_direct_transcription,,ADMIT_FIXED_N_STRAW_RETURN_VS_REMOVAL,documented_or_reconstructed,"One field trial established 2006; cluster 2010-2013 seasons, crops, N strata and outcomes by study_id",,,seasonal soil flux,,,,,0 kg N ha-1,numeric table transcription
huang_shangzhuang_2006_2013_N2O_Ncon_maize_2011,huang_shangzhuang_2006_2013,10.5194/bg-10-7897-2013,Net global warming potential and greenhouse gas intensity in a double-cropping cereal rotation as affected by nitrogen and straw management,,2013,2011,China,"Shangzhuang, Beijing",39.8,116.466667,,,,maize,summer_maize,wheat straw mulch; maize straw incorporated,direct_return,N2O,kg N2O-N ha-1,SNcon,Ncon,2.71,1.8,1.81865334795,1.12583302492,3,3,0.409161969989,0.280521739463,50.5555555556,huang_Ncon_maize_2011_N2O,Table 5,"primary table mean +/- SE, n=3; converted to arm SD",A_primary_exact_pair_SE_converted,primary_direct_transcription,,ADMIT_FIXED_N_STRAW_RETURN_VS_REMOVAL,documented_or_reconstructed,"One field trial established 2006; cluster 2010-2013 seasons, crops, N strata and outcomes by study_id",,,seasonal soil flux,,,,,260 kg N ha-1,numeric table transcription
huang_shangzhuang_2006_2013_N2O_Ncon_wheat_2011_2012,huang_shangzhuang_2006_2013,10.5194/bg-10-7897-2013,Net global warming potential and greenhouse gas intensity in a double-cropping cereal rotation as affected by nitrogen and straw management,,2013,2011_2012,China,"Shangzhuang, Beijing",39.8,116.466667,,,,wheat,winter_wheat,wheat straw mulch; maize straw incorporated,direct_return,N2O,kg N2O-N ha-1,SNcon,Ncon,1.83,1.47,1.73205080757,1.47224318643,3,3,0.219053566063,0.632956939904,24.4897959184,huang_Ncon_wheat_2011_2012_N2O,Table 5,"primary table mean +/- SE, n=3; converted to arm SD",A_primary_exact_pair_SE_converted,primary_direct_transcription,,ADMIT_FIXED_N_STRAW_RETURN_VS_REMOVAL,documented_or_reconstructed,"One field trial established 2006; cluster 2010-2013 seasons, crops, N strata and outcomes by study_id",,large_relative_se_lnrr_delta_approx,seasonal soil flux,,,,,300 kg N ha-1,numeric table transcription
huang_shangzhuang_2006_2013_N2O_Ncon_maize_2012,huang_shangzhuang_2006_2013,10.5194/bg-10-7897-2013,Net global warming potential and greenhouse gas intensity in a double-cropping cereal rotation as affected by nitrogen and straw management,,2013,2012,China,"Shangzhuang, Beijing",39.8,116.466667,,,,maize,summer_maize,wheat straw mulch; maize straw incorporated,direct_return,N2O,kg N2O-N ha-1,SNcon,Ncon,2.39,1.97,0.710140831103,0.346410161514,3,3,0.193259823194,0.039735644077,21.3197969543,huang_Ncon_maize_2012_N2O,Table 5,"primary table mean +/- SE, n=3; converted to arm SD",A_primary_exact_pair_SE_converted,primary_direct_transcription,,ADMIT_FIXED_N_STRAW_RETURN_VS_REMOVAL,documented_or_reconstructed,"One field trial established 2006; cluster 2010-2013 seasons, crops, N strata and outcomes by study_id",,,seasonal soil flux,,,,,260 kg N ha-1,numeric table transcription
huang_shangzhuang_2006_2013_N2O_Ncon_wheat_2012_2013,huang_shangzhuang_2006_2013,10.5194/bg-10-7897-2013,Net global warming potential and greenhouse gas intensity in a double-cropping cereal rotation as affected by nitrogen and straw management,,2013,2012_2013,China,"Shangzhuang, Beijing",39.8,116.466667,,,,wheat,winter_wheat,wheat straw mulch; maize straw incorporated,direct_return,N2O,kg N2O-N ha-1,SNcon,Ncon,1.96,1.5,1.09119200877,0.969948452239,3,3,0.267479365134,0.242694104308,30.6666666667,huang_Ncon_wheat_2012_2013_N2O,Table 5,"primary table mean +/- SE, n=3; converted to arm SD",A_primary_exact_pair_SE_converted,primary_direct_transcription,,ADMIT_FIXED_N_STRAW_RETURN_VS_REMOVAL,documented_or_reconstructed,"One field trial established 2006; cluster 2010-2013 seasons, crops, N strata and outcomes by study_id",,,seasonal soil flux,,,,,300 kg N ha-1,numeric table transcription
sharma_ludhiana_2011_2018_rice_noGM_yield,sharma_ludhiana_2011_2018,10.1016/j.heliyon.2023.e17828,"Tillage, green manuring and crop residue management impacts on crop productivity, potassium use efficiency and potassium fractions under rice-wheat system",,2023,2011-2018 pooled,India,"Punjab Agricultural University, Ludhiana",30.9,75.666667,,,,rice,Kharif_wet,wheat straw,direct_return,yield,Mg ha-1,CTRW25,CTRW0,6.42,6.2,0.294448637287,0.311769145362,3,3,0.0348688256508,0.00154404920963,3.54838709677,sharma_2011_2018_rice_noGM_CTRW0,Table 2,primary Tables 2-3 pooled seven-year mean +/- SE; three field replicates; pooled SE denominator unspecified,A_primary_exact_pair_SE_converted,primary_direct_transcription,,ADMIT_MATCHED_TILLAGE_AND_GREEN_MANURE_STRAW_RETENTION,documented_or_reconstructed,One 2011-established split-plot trial; cluster seven-year pooled rice/wheat outcomes and green-manure strata by study_id,Exclude this study in sensitivity analysis because treatment-by-year interaction was reported and pooled-SE denominator is not explicit,pooled_se_denominator_ambiguous,crop harvest,,,,irrigated rice-wheat,,numeric table transcription
sharma_ludhiana_2011_2018_rice_GM_yield,sharma_ludhiana_2011_2018,10.1016/j.heliyon.2023.e17828,"Tillage, green manuring and crop residue management impacts on crop productivity, potassium use efficiency and potassium fractions under rice-wheat system",,2023,2011-2018 pooled,India,"Punjab Agricultural University, Ludhiana",30.9,75.666667,,,,rice,Kharif_wet,wheat straw,direct_return,yield,Mg ha-1,CTRW25+GM,CTRW0+GM,6.85,6.72,0.225166604984,0.294448637287,3,3,0.0191604977391,0.0010001378922,1.93452380952,sharma_2011_2018_rice_GM_CTRW0,Table 2,primary Tables 2-3 pooled seven-year mean +/- SE; three field replicates; pooled SE denominator unspecified,A_primary_exact_pair_SE_converted,primary_direct_transcription,,ADMIT_MATCHED_TILLAGE_AND_GREEN_MANURE_STRAW_RETENTION,documented_or_reconstructed,One 2011-established split-plot trial; cluster seven-year pooled rice/wheat outcomes and green-manure strata by study_id,Exclude this study in sensitivity analysis because treatment-by-year interaction was reported and pooled-SE denominator is not explicit,pooled_se_denominator_ambiguous,crop harvest,,,,irrigated rice-wheat,,numeric table transcription
sharma_ludhiana_2011_2018_wheat_noGM_yield,sharma_ludhiana_2011_2018,10.1016/j.heliyon.2023.e17828,"Tillage, green manuring and crop residue management impacts on crop productivity, potassium use efficiency and potassium fractions under rice-wheat system",,2023,2011-2018 pooled,India,"Punjab Agricultural University, Ludhiana",30.9,75.666667,,,,wheat,Rabi_dry,wheat straw,direct_return,yield,Mg ha-1,CTRW25,CTRW0,5.16,4.98,0.277128129211,0.225166604984,3,3,0.0355066884569,0.00164292130217,3.61445783133,sharma_2011_2018_wheat_noGM_CTRW0,Table 3,primary Tables 2-3 pooled seven-year mean +/- SE; three field replicates; pooled SE denominator unspecified,A_primary_exact_pair_SE_converted,primary_direct_transcription,,ADMIT_MATCHED_TILLAGE_AND_GREEN_MANURE_STRAW_RETENTION,documented_or_reconstructed,One 2011-established split-plot trial; cluster seven-year pooled rice/wheat outcomes and green-manure strata by study_id,Exclude this study in sensitivity analysis because treatment-by-year interaction was reported and pooled-SE denominator is not explicit,pooled_se_denominator_ambiguous,crop harvest,,,,irrigated rice-wheat,,numeric table transcription
sharma_ludhiana_2011_2018_wheat_GM_yield,sharma_ludhiana_2011_2018,10.1016/j.heliyon.2023.e17828,"Tillage, green manuring and crop residue management impacts on crop productivity, potassium use efficiency and potassium fractions under rice-wheat system",,2023,2011-2018 pooled,India,"Punjab Agricultural University, Ludhiana",30.9,75.666667,,,,wheat,Rabi_dry,wheat straw,direct_return,yield,Mg ha-1,CTRW25+GM,CTRW0+GM,5.49,5.37,0.536935750346,0.363730669589,3,3,0.0221003470007,0.00471773389953,2.23463687151,sharma_2011_2018_wheat_GM_CTRW0,Table 3,primary Tables 2-3 pooled seven-year mean +/- SE; three field replicates; pooled SE denominator unspecified,A_primary_exact_pair_SE_converted,primary_direct_transcription,,ADMIT_MATCHED_TILLAGE_AND_GREEN_MANURE_STRAW_RETENTION,documented_or_reconstructed,One 2011-established split-plot trial; cluster seven-year pooled rice/wheat outcomes and green-manure strata by study_id,Exclude this study in sensitivity analysis because treatment-by-year interaction was reported and pooled-SE denominator is not explicit,pooled_se_denominator_ambiguous,crop harvest,,,,irrigated rice-wheat,,numeric table transcription
du_dingxi_2016_2022_2021_LN_yield,du_dingxi_2016_2022,10.3390/agronomy14092087,Reducing Nitrogen Application Rates and Straw Mulching Can Alleviate Greenhouse Gas Emissions from Wheat Field Soil and Improve Soil Quality,,2024,2021,China,"Anjiapo Village, Dingxi, Gansu",,,temperate semi-arid,,,wheat,spring wheat,previous-crop wheat straw incorporated at first plough,direct_return,yield,kg ha-1,CTS-LN,CT-LN,1436,1382.67,86.8103864754,22.0299542215,3,3,0.0378450581294,0.00130280418057,3.8570302386,du_2021_LN_CT,Table 3,"primary table mean +/- SE, n=3; converted to arm SD",A_primary_exact_pair_SE_converted,primary_direct_transcription,,ADMIT_MATCHED_N_STRAW_INCORPORATION_VS_NO_STRAW,documented_or_reconstructed,"One 2016-established split-plot trial; cluster 2021/2022 years, N strata and yield/SOC/GWP/GHGI outcomes by study_id",,source_coordinates_malformed,crop harvest,,,,rain-fed,55 kg N ha-1,numeric table transcription
du_dingxi_2016_2022_2021_MN_yield,du_dingxi_2016_2022,10.3390/agronomy14092087,Reducing Nitrogen Application Rates and Straw Mulching Can Alleviate Greenhouse Gas Emissions from Wheat Field Soil and Improve Soil Quality,,2024,2021,China,"Anjiapo Village, Dingxi, Gansu",,,temperate semi-arid,,,wheat,spring wheat,previous-crop wheat straw incorporated at first plough,direct_return,yield,kg ha-1,CTS-MN,CT-MN,1847.67,1753.33,46.003269449,19.7315227998,3,3,0.0524085489061,0.000248852204573,5.38061859433,du_2021_MN_CT,Table 3,"primary table mean +/- SE, n=3; converted to arm SD",A_primary_exact_pair_SE_converted,primary_direct_transcription,,ADMIT_MATCHED_N_STRAW_INCORPORATION_VS_NO_STRAW,documented_or_reconstructed,"One 2016-established split-plot trial; cluster 2021/2022 years, N strata and yield/SOC/GWP/GHGI outcomes by study_id",,source_coordinates_malformed,crop harvest,,,,rain-fed,110 kg N ha-1,numeric table transcription
du_dingxi_2016_2022_2021_HN_yield,du_dingxi_2016_2022,10.3390/agronomy14092087,Reducing Nitrogen Application Rates and Straw Mulching Can Alleviate Greenhouse Gas Emissions from Wheat Field Soil and Improve Soil Quality,,2024,2021,China,"Anjiapo Village, Dingxi, Gansu",,,temperate semi-arid,,,wheat,spring wheat,previous-crop wheat straw incorporated at first plough,direct_return,yield,kg ha-1,CTS-HN,CT-HN,1696,1564.33,42.142528199,35.4446877261,3,3,0.080814920061,0.000376940102115,8.41702198385,du_2021_HN_CT,Table 3,"primary table mean +/- SE, n=3; converted to arm SD",A_primary_exact_pair_SE_converted,primary_direct_transcription,,ADMIT_MATCHED_N_STRAW_INCORPORATION_VS_NO_STRAW,documented_or_reconstructed,"One 2016-established split-plot trial; cluster 2021/2022 years, N strata and yield/SOC/GWP/GHGI outcomes by study_id",,source_coordinates_malformed,crop harvest,,,,rain-fed,220 kg N ha-1,numeric table transcription
du_dingxi_2016_2022_2022_LN_yield,du_dingxi_2016_2022,10.3390/agronomy14092087,Reducing Nitrogen Application Rates and Straw Mulching Can Alleviate Greenhouse Gas Emissions from Wheat Field Soil and Improve Soil Quality,,2024,2022,China,"Anjiapo Village, Dingxi, Gansu",,,temperate semi-arid,,,wheat,spring wheat,previous-crop wheat straw incorporated at first plough,direct_return,yield,kg ha-1,CTS-LN,CT-LN,1218,1087.33,86.8103864754,38.0704767504,3,3,0.113485019366,0.00210190744772,12.0175107833,du_2022_LN_CT,Table 3,"primary table mean +/- SE, n=3; converted to arm SD",A_primary_exact_pair_SE_converted,primary_direct_transcription,,ADMIT_MATCHED_N_STRAW_INCORPORATION_VS_NO_STRAW,documented_or_reconstructed,"One 2016-established split-plot trial; cluster 2021/2022 years, N strata and yield/SOC/GWP/GHGI outcomes by study_id",,source_coordinates_malformed,crop harvest,,,,rain-fed,55 kg N ha-1,numeric table transcription
du_dingxi_2016_2022_2022_MN_yield,du_dingxi_2016_2022,10.3390/agronomy14092087,Reducing Nitrogen Application Rates and Straw Mulching Can Alleviate Greenhouse Gas Emissions from Wheat Field Soil and Improve Soil Quality,,2024,2022,China,"Anjiapo Village, Dingxi, Gansu",,,temperate semi-arid,,,wheat,spring wheat,previous-crop wheat straw incorporated at first plough,direct_return,yield,kg ha-1,CTS-MN,CT-MN,1429.67,1368.67,46.003269449,52.8136932244,3,3,0.0436041830238,0.000841465790347,4.4568814981,du_2022_MN_CT,Table 3,"primary table mean +/- SE, n=3; converted to arm SD",A_primary_exact_pair_SE_converted,primary_direct_transcription,,ADMIT_MATCHED_N_STRAW_INCORPORATION_VS_NO_STRAW,documented_or_reconstructed,"One 2016-established split-plot trial; cluster 2021/2022 years, N strata and yield/SOC/GWP/GHGI outcomes by study_id",,source_coordinates_malformed,crop harvest,,,,rain-fed,110 kg N ha-1,numeric table transcription
du_dingxi_2016_2022_2022_HN_yield,du_dingxi_2016_2022,10.3390/agronomy14092087,Reducing Nitrogen Application Rates and Straw Mulching Can Alleviate Greenhouse Gas Emissions from Wheat Field Soil and Improve Soil Quality,,2024,2022,China,"Anjiapo Village, Dingxi, Gansu",,,temperate semi-arid,,,wheat,spring wheat,previous-crop wheat straw incorporated at first plough,direct_return,yield,kg ha-1,CTS-HN,CT-HN,1211.33,1213,33.3073370295,78.8862540307,3,3,-0.00137770044849,0.00166182667825,-0.137675185491,du_2022_HN_CT,Table 3,"primary table mean +/- SE, n=3; converted to arm SD",A_primary_exact_pair_SE_converted,primary_direct_transcription,,ADMIT_MATCHED_N_STRAW_INCORPORATION_VS_NO_STRAW,documented_or_reconstructed,"One 2016-established split-plot trial; cluster 2021/2022 years, N strata and yield/SOC/GWP/GHGI outcomes by study_id",,source_coordinates_malformed,crop harvest,,,,rain-fed,220 kg N ha-1,numeric table transcription
du_dingxi_2016_2022_2021_LN_SOC,du_dingxi_2016_2022,10.3390/agronomy14092087,Reducing Nitrogen Application Rates and Straw Mulching Can Alleviate Greenhouse Gas Emissions from Wheat Field Soil and Improve Soil Quality,,2024,2021,China,"Anjiapo Village, Dingxi, Gansu",,,temperate semi-arid,,,wheat,spring wheat,previous-crop wheat straw incorporated at first plough,direct_return,SOC,g kg-1,CTS-LN,CT-LN,6,5.79,0.356802466359,0.124707658145,3,3,0.0356271776432,0.00133341280154,3.62694300518,du_2021_LN_CT,Table 2,"primary table mean +/- SE, n=3; converted to arm SD",A_primary_exact_pair_SE_converted,primary_direct_transcription,,ADMIT_MATCHED_N_STRAW_INCORPORATION_VS_NO_STRAW,documented_or_reconstructed,"One 2016-established split-plot trial; cluster 2021/2022 years, N strata and yield/SOC/GWP/GHGI outcomes by study_id",,source_coordinates_malformed,0-10 cm soil sample,,SOC concentration,0-10 cm,rain-fed,55 kg N ha-1,numeric table transcription
du_dingxi_2016_2022_2021_MN_SOC,du_dingxi_2016_2022,10.3390/agronomy14092087,Reducing Nitrogen Application Rates and Straw Mulching Can Alleviate Greenhouse Gas Emissions from Wheat Field Soil and Improve Soil Quality,,2024,2021,China,"Anjiapo Village, Dingxi, Gansu",,,temperate semi-arid,,,wheat,spring wheat,previous-crop wheat straw incorporated at first plough,direct_return,SOC,g kg-1,CTS-MN,CT-MN,6.68,6.11,0.162812775911,0.200917893678,3,3,0.0891912143651,0.000558457618211,9.32896890344,du_2021_MN_CT,Table 2,"primary table mean +/- SE, n=3; converted to arm SD",A_primary_exact_pair_SE_converted,primary_direct_transcription,,ADMIT_MATCHED_N_STRAW_INCORPORATION_VS_NO_STRAW,documented_or_reconstructed,"One 2016-established split-plot trial; cluster 2021/2022 years, N strata and yield/SOC/GWP/GHGI outcomes by study_id",,source_coordinates_malformed,0-10 cm soil sample,,SOC concentration,0-10 cm,rain-fed,110 kg N ha-1,numeric table transcription
du_dingxi_2016_2022_2021_HN_SOC,du_dingxi_2016_2022,10.3390/agronomy14092087,Reducing Nitrogen Application Rates and Straw Mulching Can Alleviate Greenhouse Gas Emissions from Wheat Field Soil and Improve Soil Quality,,2024,2021,China,"Anjiapo Village, Dingxi, Gansu",,,temperate semi-arid,,,wheat,spring wheat,previous-crop wheat straw incorporated at first plough,direct_return,SOC,g kg-1,CTS-HN,CT-HN,6.75,6.49,0.37758707605,0.103923048454,3,3,0.0392799741684,0.00112852063701,4.0061633282,du_2021_HN_CT,Table 2,"primary table mean +/- SE, n=3; converted to arm SD",A_primary_exact_pair_SE_converted,primary_direct_transcription,,ADMIT_MATCHED_N_STRAW_INCORPORATION_VS_NO_STRAW,documented_or_reconstructed,"One 2016-established split-plot trial; cluster 2021/2022 years, N strata and yield/SOC/GWP/GHGI outcomes by study_id",,source_coordinates_malformed,0-10 cm soil sample,,SOC concentration,0-10 cm,rain-fed,220 kg N ha-1,numeric table transcription
du_dingxi_2016_2022_2022_LN_SOC,du_dingxi_2016_2022,10.3390/agronomy14092087,Reducing Nitrogen Application Rates and Straw Mulching Can Alleviate Greenhouse Gas Emissions from Wheat Field Soil and Improve Soil Quality,,2024,2022,China,"Anjiapo Village, Dingxi, Gansu",,,temperate semi-arid,,,wheat,spring wheat,previous-crop wheat straw incorporated at first plough,direct_return,SOC,g kg-1,CTS-LN,CT-LN,5.78,5.53,0.183597385602,0.157616623489,3,3,0.04421586715,0.000607112539011,4.52079566004,du_2022_LN_CT,Table 2,"primary table mean +/- SE, n=3; converted to arm SD",A_primary_exact_pair_SE_converted,primary_direct_transcription,,ADMIT_MATCHED_N_STRAW_INCORPORATION_VS_NO_STRAW,documented_or_reconstructed,"One 2016-established split-plot trial; cluster 2021/2022 years, N strata and yield/SOC/GWP/GHGI outcomes by study_id",,source_coordinates_malformed,0-10 cm soil sample,,SOC concentration,0-10 cm,rain-fed,55 kg N ha-1,numeric table transcription
du_dingxi_2016_2022_2022_MN_SOC,du_dingxi_2016_2022,10.3390/agronomy14092087,Reducing Nitrogen Application Rates and Straw Mulching Can Alleviate Greenhouse Gas Emissions from Wheat Field Soil and Improve Soil Quality,,2024,2022,China,"Anjiapo Village, Dingxi, Gansu",,,temperate semi-arid,,,wheat,spring wheat,previous-crop wheat straw incorporated at first plough,direct_return,SOC,g kg-1,CTS-MN,CT-MN,6.49,5.83,0.124707658145,0.0848704895709,3,3,0.107245530354,0.000193717340045,11.320754717,du_2022_MN_CT,Table 2,"primary table mean +/- SE, n=3; converted to arm SD",A_primary_exact_pair_SE_converted,primary_direct_transcription,,ADMIT_MATCHED_N_STRAW_INCORPORATION_VS_NO_STRAW,documented_or_reconstructed,"One 2016-established split-plot trial; cluster 2021/2022 years, N strata and yield/SOC/GWP/GHGI outcomes by study_id",,source_coordinates_malformed,0-10 cm soil sample,,SOC concentration,0-10 cm,rain-fed,110 kg N ha-1,numeric table transcription
du_dingxi_2016_2022_2022_HN_SOC,du_dingxi_2016_2022,10.3390/agronomy14092087,Reducing Nitrogen Application Rates and Straw Mulching Can Alleviate Greenhouse Gas Emissions from Wheat Field Soil and Improve Soil Quality,,2024,2022,China,"Anjiapo Village, Dingxi, Gansu",,,temperate semi-arid,,,wheat,spring wheat,previous-crop wheat straw incorporated at first plough,direct_return,SOC,g kg-1,CTS-HN,CT-HN,6.49,6.23,0.152420471066,0.197453792063,3,3,0.0408861979166,0.000518692342912,4.17335473515,du_2022_HN_CT,Table 2,"primary table mean +/- SE, n=3; converted to arm SD",A_primary_exact_pair_SE_converted,primary_direct_transcription,,ADMIT_MATCHED_N_STRAW_INCORPORATION_VS_NO_STRAW,documented_or_reconstructed,"One 2016-established split-plot trial; cluster 2021/2022 years, N strata and yield/SOC/GWP/GHGI outcomes by study_id",,source_coordinates_malformed,0-10 cm soil sample,,SOC concentration,0-10 cm,rain-fed,220 kg N ha-1,numeric table transcription
du_dingxi_2016_2022_2021_LN_GWP,du_dingxi_2016_2022,10.3390/agronomy14092087,Reducing Nitrogen Application Rates and Straw Mulching Can Alleviate Greenhouse Gas Emissions from Wheat Field Soil and Improve Soil Quality,,2024,2021,China,"Anjiapo Village, Dingxi, Gansu",,,temperate semi-arid,,,wheat,spring wheat,previous-crop wheat straw incorporated at first plough,direct_return,GWP,kg CO2-eq ha-1,CTS-LN,CT-LN,631.56,565.73,17.4105747177,7.11872881911,3,3,0.110076016568,0.000306103138938,11.6362929313,du_2021_LN_CT,Table 3,"primary table mean +/- SE, n=3; converted to arm SD",A_primary_exact_pair_SE_converted,primary_direct_transcription,,ADMIT_MATCHED_N_STRAW_INCORPORATION_VS_NO_STRAW,documented_or_reconstructed,"One 2016-established split-plot trial; cluster 2021/2022 years, N strata and yield/SOC/GWP/GHGI outcomes by study_id",Soil CH4+N2O growing-season boundary only; source AR4 factors 25/298 require harmonization and do not include upstream or open-burning emissions,source_coordinates_malformed,growing-season soil CH4+N2O only,AR4 CH4=25 N2O=298,,,rain-fed,55 kg N ha-1,numeric table transcription
du_dingxi_2016_2022_2021_MN_GWP,du_dingxi_2016_2022,10.3390/agronomy14092087,Reducing Nitrogen Application Rates and Straw Mulching Can Alleviate Greenhouse Gas Emissions from Wheat Field Soil and Improve Soil Quality,,2024,2021,China,"Anjiapo Village, Dingxi, Gansu",,,temperate semi-arid,,,wheat,spring wheat,previous-crop wheat straw incorporated at first plough,direct_return,GWP,kg CO2-eq ha-1,CTS-MN,CT-MN,783.51,743.68,3.36710676991,5.88377659331,3,3,0.0521729901731,2.70210924089e-05,5.35579819277,du_2021_MN_CT,Table 3,"primary table mean +/- SE, n=3; converted to arm SD",A_primary_exact_pair_SE_converted,primary_direct_transcription,,ADMIT_MATCHED_N_STRAW_INCORPORATION_VS_NO_STRAW,documented_or_reconstructed,"One 2016-established split-plot trial; cluster 2021/2022 years, N strata and yield/SOC/GWP/GHGI outcomes by study_id",Soil CH4+N2O growing-season boundary only; source AR4 factors 25/298 require harmonization and do not include upstream or open-burning emissions,source_coordinates_malformed,growing-season soil CH4+N2O only,AR4 CH4=25 N2O=298,,,rain-fed,110 kg N ha-1,numeric table transcription
du_dingxi_2016_2022_2021_HN_GWP,du_dingxi_2016_2022,10.3390/agronomy14092087,Reducing Nitrogen Application Rates and Straw Mulching Can Alleviate Greenhouse Gas Emissions from Wheat Field Soil and Improve Soil Quality,,2024,2021,China,"Anjiapo Village, Dingxi, Gansu",,,temperate semi-arid,,,wheat,spring wheat,previous-crop wheat straw incorporated at first plough,direct_return,GWP,kg CO2-eq ha-1,CTS-HN,CT-HN,1218.53,1046.05,22.2689772329,16.0283981732,3,3,0.152624048567,0.000189591192182,16.488695569,du_2021_HN_CT,Table 3,"primary table mean +/- SE, n=3; converted to arm SD",A_primary_exact_pair_SE_converted,primary_direct_transcription,,ADMIT_MATCHED_N_STRAW_INCORPORATION_VS_NO_STRAW,documented_or_reconstructed,"One 2016-established split-plot trial; cluster 2021/2022 years, N strata and yield/SOC/GWP/GHGI outcomes by study_id",Soil CH4+N2O growing-season boundary only; source AR4 factors 25/298 require harmonization and do not include upstream or open-burning emissions,source_coordinates_malformed,growing-season soil CH4+N2O only,AR4 CH4=25 N2O=298,,,rain-fed,220 kg N ha-1,numeric table transcription
du_dingxi_2016_2022_2022_LN_GWP,du_dingxi_2016_2022,10.3390/agronomy14092087,Reducing Nitrogen Application Rates and Straw Mulching Can Alleviate Greenhouse Gas Emissions from Wheat Field Soil and Improve Soil Quality,,2024,2022,China,"Anjiapo Village, Dingxi, Gansu",,,temperate semi-arid,,,wheat,spring wheat,previous-crop wheat straw incorporated at first plough,direct_return,GWP,kg CO2-eq ha-1,CTS-LN,CT-LN,602.89,524.27,5.76946124001,5.57027539714,3,3,0.139727940067,6.8155172325e-05,14.9960898011,du_2022_LN_CT,Table 3,"primary table mean +/- SE, n=3; converted to arm SD",A_primary_exact_pair_SE_converted,primary_direct_transcription,,ADMIT_MATCHED_N_STRAW_INCORPORATION_VS_NO_STRAW,documented_or_reconstructed,"One 2016-established split-plot trial; cluster 2021/2022 years, N strata and yield/SOC/GWP/GHGI outcomes by study_id",Soil CH4+N2O growing-season boundary only; source AR4 factors 25/298 require harmonization and do not include upstream or open-burning emissions,source_coordinates_malformed,growing-season soil CH4+N2O only,AR4 CH4=25 N2O=298,,,rain-fed,55 kg N ha-1,numeric table transcription
du_dingxi_2016_2022_2022_MN_GWP,du_dingxi_2016_2022,10.3390/agronomy14092087,Reducing Nitrogen Application Rates and Straw Mulching Can Alleviate Greenhouse Gas Emissions from Wheat Field Soil and Improve Soil Quality,,2024,2022,China,"Anjiapo Village, Dingxi, Gansu",,,temperate semi-arid,,,wheat,spring wheat,previous-crop wheat straw incorporated at first plough,direct_return,GWP,kg CO2-eq ha-1,CTS-MN,CT-MN,717.12,649.05,5.14592294929,16.975829965,3,3,0.0997334352736,0.0002451901766,10.4876357754,du_2022_MN_CT,Table 3,"primary table mean +/- SE, n=3; converted to arm SD",A_primary_exact_pair_SE_converted,primary_direct_transcription,,ADMIT_MATCHED_N_STRAW_INCORPORATION_VS_NO_STRAW,documented_or_reconstructed,"One 2016-established split-plot trial; cluster 2021/2022 years, N strata and yield/SOC/GWP/GHGI outcomes by study_id",Soil CH4+N2O growing-season boundary only; source AR4 factors 25/298 require harmonization and do not include upstream or open-burning emissions,source_coordinates_malformed,growing-season soil CH4+N2O only,AR4 CH4=25 N2O=298,,,rain-fed,110 kg N ha-1,numeric table transcription
du_dingxi_2016_2022_2022_HN_GWP,du_dingxi_2016_2022,10.3390/agronomy14092087,Reducing Nitrogen Application Rates and Straw Mulching Can Alleviate Greenhouse Gas Emissions from Wheat Field Soil and Improve Soil Quality,,2024,2022,China,"Anjiapo Village, Dingxi, Gansu",,,temperate semi-arid,,,wheat,spring wheat,previous-crop wheat straw incorporated at first plough,direct_return,GWP,kg CO2-eq ha-1,CTS-HN,CT-HN,1152.41,1044.92,15.472409864,12.2611876668,3,3,0.0979150742707,0.000105983322185,10.2869119167,du_2022_HN_CT,Table 3,"primary table mean +/- SE, n=3; converted to arm SD",A_primary_exact_pair_SE_converted,primary_direct_transcription,,ADMIT_MATCHED_N_STRAW_INCORPORATION_VS_NO_STRAW,documented_or_reconstructed,"One 2016-established split-plot trial; cluster 2021/2022 years, N strata and yield/SOC/GWP/GHGI outcomes by study_id",Soil CH4+N2O growing-season boundary only; source AR4 factors 25/298 require harmonization and do not include upstream or open-burning emissions,source_coordinates_malformed,growing-season soil CH4+N2O only,AR4 CH4=25 N2O=298,,,rain-fed,220 kg N ha-1,numeric table transcription
du_dingxi_2016_2022_2021_LN_GHGI,du_dingxi_2016_2022,10.3390/agronomy14092087,Reducing Nitrogen Application Rates and Straw Mulching Can Alleviate Greenhouse Gas Emissions from Wheat Field Soil and Improve Soil Quality,,2024,2021,China,"Anjiapo Village, Dingxi, Gansu",,,temperate semi-arid,,,wheat,spring wheat,previous-crop wheat straw incorporated at first plough,direct_return,GHGI,kg CO2-eq kg-1 grain,CTS-LN,CT-LN,0.44,0.41,0.0277128129211,0.00866025403784,3,3,0.070617567214,0.00147103504899,7.31707317073,du_2021_LN_CT,Table 3,"primary table mean +/- SE, n=3; converted to arm SD",A_primary_exact_pair_SE_converted,primary_direct_transcription,,ADMIT_MATCHED_N_STRAW_INCORPORATION_VS_NO_STRAW,documented_or_reconstructed,"One 2016-established split-plot trial; cluster 2021/2022 years, N strata and yield/SOC/GWP/GHGI outcomes by study_id",Soil CH4+N2O growing-season boundary only; source AR4 factors 25/298 require harmonization and do not include upstream or open-burning emissions,source_coordinates_malformed,growing-season soil CH4+N2O GWP per kg grain,AR4 CH4=25 N2O=298,,,rain-fed,55 kg N ha-1,numeric table transcription
du_dingxi_2016_2022_2021_MN_GHGI,du_dingxi_2016_2022,10.3390/agronomy14092087,Reducing Nitrogen Application Rates and Straw Mulching Can Alleviate Greenhouse Gas Emissions from Wheat Field Soil and Improve Soil Quality,,2024,2021,China,"Anjiapo Village, Dingxi, Gansu",,,temperate semi-arid,,,wheat,spring wheat,previous-crop wheat straw incorporated at first plough,direct_return,GHGI,kg CO2-eq kg-1 grain,CTS-MN,CT-MN,0.42,0.42,0.00866025403784,0.00173205080757,3,3,0,0.000147392290249,0,du_2021_MN_CT,Table 3,"primary table mean +/- SE, n=3; converted to arm SD",A_primary_exact_pair_SE_converted,primary_direct_transcription,,ADMIT_MATCHED_N_STRAW_INCORPORATION_VS_NO_STRAW,documented_or_reconstructed,"One 2016-established split-plot trial; cluster 2021/2022 years, N strata and yield/SOC/GWP/GHGI outcomes by study_id",Soil CH4+N2O growing-season boundary only; source AR4 factors 25/298 require harmonization and do not include upstream or open-burning emissions,source_coordinates_malformed,growing-season soil CH4+N2O GWP per kg grain,AR4 CH4=25 N2O=298,,,rain-fed,110 kg N ha-1,numeric table transcription
du_dingxi_2016_2022_2021_HN_GHGI,du_dingxi_2016_2022,10.3390/agronomy14092087,Reducing Nitrogen Application Rates and Straw Mulching Can Alleviate Greenhouse Gas Emissions from Wheat Field Soil and Improve Soil Quality,,2024,2021,China,"Anjiapo Village, Dingxi, Gansu",,,temperate semi-arid,,,wheat,spring wheat,previous-crop wheat straw incorporated at first plough,direct_return,GHGI,kg CO2-eq kg-1 grain,CTS-HN,CT-HN,0.72,0.67,0.0173205080757,0.024248711306,3,3,0.0719734996251,0.000629524090438,7.46268656716,du_2021_HN_CT,Table 3,"primary table mean +/- SE, n=3; converted to arm SD",A_primary_exact_pair_SE_converted,primary_direct_transcription,,ADMIT_MATCHED_N_STRAW_INCORPORATION_VS_NO_STRAW,documented_or_reconstructed,"One 2016-established split-plot trial; cluster 2021/2022 years, N strata and yield/SOC/GWP/GHGI outcomes by study_id",Soil CH4+N2O growing-season boundary only; source AR4 factors 25/298 require harmonization and do not include upstream or open-burning emissions,source_coordinates_malformed,growing-season soil CH4+N2O GWP per kg grain,AR4 CH4=25 N2O=298,,,rain-fed,220 kg N ha-1,numeric table transcription
du_dingxi_2016_2022_2022_LN_GHGI,du_dingxi_2016_2022,10.3390/agronomy14092087,Reducing Nitrogen Application Rates and Straw Mulching Can Alleviate Greenhouse Gas Emissions from Wheat Field Soil and Improve Soil Quality,,2024,2022,China,"Anjiapo Village, Dingxi, Gansu",,,temperate semi-arid,,,wheat,spring wheat,previous-crop wheat straw incorporated at first plough,direct_return,GHGI,kg CO2-eq kg-1 grain,CTS-LN,CT-LN,0.5,0.48,0.0415692193817,0.012124355653,3,3,0.0408219945203,0.00251667361111,4.16666666667,du_2022_LN_CT,Table 3,"primary table mean +/- SE, n=3; converted to arm SD",A_primary_exact_pair_SE_converted,primary_direct_transcription,,ADMIT_MATCHED_N_STRAW_INCORPORATION_VS_NO_STRAW,documented_or_reconstructed,"One 2016-established split-plot trial; cluster 2021/2022 years, N strata and yield/SOC/GWP/GHGI outcomes by study_id",Soil CH4+N2O growing-season boundary only; source AR4 factors 25/298 require harmonization and do not include upstream or open-burning emissions,source_coordinates_malformed,growing-season soil CH4+N2O GWP per kg grain,AR4 CH4=25 N2O=298,,,rain-fed,55 kg N ha-1,numeric table transcription
du_dingxi_2016_2022_2022_MN_GHGI,du_dingxi_2016_2022,10.3390/agronomy14092087,Reducing Nitrogen Application Rates and Straw Mulching Can Alleviate Greenhouse Gas Emissions from Wheat Field Soil and Improve Soil Quality,,2024,2022,China,"Anjiapo Village, Dingxi, Gansu",,,temperate semi-arid,,,wheat,spring wheat,previous-crop wheat straw incorporated at first plough,direct_return,GHGI,kg CO2-eq kg-1 grain,CTS-MN,CT-MN,0.5,0.47,0.0155884572681,0.00519615242271,3,3,0.0618754037181,0.000364742417383,6.3829787234,du_2022_MN_CT,Table 3,"primary table mean +/- SE, n=3; converted to arm SD",A_primary_exact_pair_SE_converted,primary_direct_transcription,,ADMIT_MATCHED_N_STRAW_INCORPORATION_VS_NO_STRAW,documented_or_reconstructed,"One 2016-established split-plot trial; cluster 2021/2022 years, N strata and yield/SOC/GWP/GHGI outcomes by study_id",Soil CH4+N2O growing-season boundary only; source AR4 factors 25/298 require harmonization and do not include upstream or open-burning emissions,source_coordinates_malformed,growing-season soil CH4+N2O GWP per kg grain,AR4 CH4=25 N2O=298,,,rain-fed,110 kg N ha-1,numeric table transcription
du_dingxi_2016_2022_2022_HN_GHGI,du_dingxi_2016_2022,10.3390/agronomy14092087,Reducing Nitrogen Application Rates and Straw Mulching Can Alleviate Greenhouse Gas Emissions from Wheat Field Soil and Improve Soil Quality,,2024,2022,China,"Anjiapo Village, Dingxi, Gansu",,,temperate semi-arid,,,wheat,spring wheat,previous-crop wheat straw incorporated at first plough,direct_return,GHGI,kg CO2-eq kg-1 grain,CTS-HN,CT-HN,0.95,0.86,0.0381051177665,0.06408587988,3,3,0.099529595347,0.00238728862948,10.4651162791,du_2022_HN_CT,Table 3,"primary table mean +/- SE, n=3; converted to arm SD",A_primary_exact_pair_SE_converted,primary_direct_transcription,,ADMIT_MATCHED_N_STRAW_INCORPORATION_VS_NO_STRAW,documented_or_reconstructed,"One 2016-established split-plot trial; cluster 2021/2022 years, N strata and yield/SOC/GWP/GHGI outcomes by study_id",Soil CH4+N2O growing-season boundary only; source AR4 factors 25/298 require harmonization and do not include upstream or open-burning emissions,source_coordinates_malformed,growing-season soil CH4+N2O GWP per kg grain,AR4 CH4=25 N2O=298,,,rain-fed,220 kg N ha-1,numeric table transcription
